Title,Link
"വിദ്വേഷ ദേശം | Anti-minority hate speech in India rose by 74% in 2024, says report | Out Of Focus",https://www.youtube.com/watch?v=VzbPPW1JVkQ
The Problems with Regulating Hate Speech | Jordan Peterson,https://www.youtube.com/watch?v=NBKAsN13hgQ
I have no mouth and I must scream-AM&#39;s hate speech,https://www.youtube.com/watch?v=EddX9hnhDS4
What Global media said about &#39;rising hate speech in&#39; India and Modi-Trump meet in US,https://www.youtube.com/watch?v=5gE7g3U7BuI
HATE SPEECH,https://www.youtube.com/watch?v=2VyV7B-2kTA
Hate Speech &amp; the Consequences Explained | What You Can Do to Prevent the Next Atrocity,https://www.youtube.com/watch?v=bQeoUQa3MiU
Jordan Peterson SCHOOLS Oxford Student on Hate Speech and Leaves Room SPEECHLESS (Epic Debate),https://www.youtube.com/watch?v=W7dUnXXPXtc
Teen Voices: Hate Speech Online,https://www.youtube.com/watch?v=8vUdWpwLv10
Alarming Rise In Anti-Muslim Hate Speech Across India | Dawn News English,https://www.youtube.com/watch?v=gikQmWIWFi4
Should Hate Speech Be Protected As Free Speech?,https://www.youtube.com/watch?v=t_fYFSX5A44
Hate speech laws used as ‘cloak’ for ‘a bunch of other rules’,https://www.youtube.com/watch?v=CYv379rzj40
The 3 Rules of Hate Speech: Free Speech Rules (Episode 2),https://www.youtube.com/watch?v=Ea2ntXnCD_M
AM hate speech x washing machine heart (slowed),https://www.youtube.com/watch?v=Zx06jflAkdY
What Is Hate Speech? We Asked College Students,https://www.youtube.com/watch?v=skuLK0YpksI
New hate speech laws have ‘direct impact’ on what people post on social media,https://www.youtube.com/watch?v=zmWE4u6uiWQ
Hate Speech is Free Speech,https://www.youtube.com/watch?v=0g7crZDQf1s
Stopping Hate Speech,https://www.youtube.com/watch?v=rnbcQT-b8ak
The Problem With &quot;Hate Speech&quot;,https://www.youtube.com/watch?v=e5tG2G1rftU
Is allowing hate speech online good business?,https://www.youtube.com/watch?v=V1FZeH3fpq8
Social Media and Hate Speech: Who Gets to Decide?,https://www.youtube.com/watch?v=bghTL5gU6fs
Wie Hatespeech unsere Vielfalt bedroht,https://www.youtube.com/watch?v=Js_5pmJ6tfg
Scotland’s New Hate Speech Law Will Target Comedians Who Say This,https://www.youtube.com/watch?v=8u3tBYHl_G8
Hate Speech: Was können wir gegen Hass im Internet machen? | hessenschau DAS THEMA,https://www.youtube.com/watch?v=CBbqKTYJ2g0
The Hate Speech Laws have passed and debate has been gagged once again - 6.2.25,https://www.youtube.com/watch?v=GEQXZ0-tTiQ
Why Hate Speech Laws Backfire,https://www.youtube.com/watch?v=SP87c47YHsM
Should Hate Speech Be Censored? [POLICYbrief],https://www.youtube.com/watch?v=l7e-Dj4nII8
The Freedom of Hate Speech; a Call for Civil Dialogue | Katia Campbell | TEDxMSUDenver,https://www.youtube.com/watch?v=xD6_Ma5vutw
Facing Facts: What is hate speech?,https://www.youtube.com/watch?v=n7p1l2mU-t8
The Hate Monologue FANDUB | I Have No Mouth And I Must Scream,https://www.youtube.com/watch?v=RSszbgPBYkA
the hate monologue | i have no mouth and i must scream animatic,https://www.youtube.com/watch?v=8FJ8pTK8N8I
LGBTQ+ advocates call for broader hate speech laws | ABC NEWS,https://www.youtube.com/watch?v=IAmT0J2MN7I
Should we ban &quot;hate speech&quot;?,https://www.youtube.com/watch?v=HQK6SYGVam8
Australia’s tough hate speech laws ‘do not belong’ in a free democracy,https://www.youtube.com/watch?v=RVRHdCu-l8w
Hate Speech Explained | Where Does It Start?,https://www.youtube.com/watch?v=2Xvx_ZTWNd8
Hate-Speech im Profisport | BR24Sport,https://www.youtube.com/watch?v=72FBeRJbGqQ
The Shocking Link Between Hate Speech and Genocide,https://www.youtube.com/watch?v=YxGBuBA5qfc
Explained  What is hate speech?,https://www.youtube.com/watch?v=nP6BRgrfmI4
What is Freedom of Expression and what is hate speech?,https://www.youtube.com/watch?v=BZBP8JZOLSU
Dominic Frisby&#39;s Hate Speech,https://www.youtube.com/watch?v=L3CjvyP4ed4
Getting Arrested For Hate Speech,https://www.youtube.com/watch?v=mEPd1s7-oAI
LawyerUp! - Is hate speech free speech?,https://www.youtube.com/watch?v=Rcl_822gg1o
Australia’s hate speech laws will ‘hand a sword to activists’ to shut down opinions,https://www.youtube.com/watch?v=dCGLoq06Lkk
Modi accused of anti-Muslim hate speech,https://www.youtube.com/watch?v=mdCmA0TNIpI
How does Facebook define hate speech? Zuckerberg dodges question,https://www.youtube.com/watch?v=JPQEIKqt93k
‘Good news’: Ireland drops hate speech laws following public backlash,https://www.youtube.com/watch?v=wHwCydkqhMc
Celebrating Scotland&#39;s New Hate Speech Laws!,https://www.youtube.com/watch?v=Urizq1qNt4Q
Hate Speech &amp; Freedom of Speech,https://www.youtube.com/watch?v=LiRYIuWwwIA
Do We Need to Censor Hate Speech? - Imran Ahmed,https://www.youtube.com/watch?v=llB-hINZ7gk
Hasskommentare &amp; Meinungsfreiheit | Mit KI und Algorithmen gegen Hass | Wissen Was mit MrWissen2go,https://www.youtube.com/watch?v=FiFWyt0pMDw
My Name Is Not Important speech,https://www.youtube.com/watch?v=MmOjOCK6Dnw
"Karnataka Govt Drafts Hate Speech Bill | ಜಾತಿ, ಧರ್ಮ, ಭಾಷೆ ಬಗ್ಗೆ ದ್ವೇಷದ ಮಾತಾಡಿದ್ರೆ ಜೈಲು |@TV5Kannada",https://www.youtube.com/watch?v=Rl1TFFmjyGo
Is protecting hate speech part of #FreeSpeech? | Jeffrey Rosen,https://www.youtube.com/watch?v=yna5muqAv_I
5 Ways to Deal with Hate Speech Online,https://www.youtube.com/watch?v=77j7Wfussrc
Albanese government has shown ‘inaction’ on antisemitism,https://www.youtube.com/watch?v=XtCx7ICCYzg
HATE SPEECH,https://www.youtube.com/watch?v=mmXpJuEnNnw
Hate speech laws to be removed from Criminal Justice Bill,https://www.youtube.com/watch?v=jnUDHUoGjMM
New Zealand plans stronger hate speech laws in response to Christchurch attack,https://www.youtube.com/watch?v=poiffIy7zxg
LOL: Woman Lectures Shapiro On “Hate Speech&quot;,https://www.youtube.com/watch?v=9Xryoxw6AcE
NSW government reveals tougher hate crime laws | ABC NEWS,https://www.youtube.com/watch?v=fQT_bwauBn4
Why This Professor Wants Hate Speech Censored on Social Media,https://www.youtube.com/watch?v=dWgjohRsl7o
What Russian Propaganda Really Says About the West,https://www.youtube.com/watch?v=j1mURbwIeqs
Bryson Gray - “Hate Speech” (Official Music Video - WSHH Exclusive),https://www.youtube.com/watch?v=8Ar7NdL8PKw
"Hate Speeches &quot;Complete Menace&quot;, Want Balanced Press: Supreme Court | The News",https://www.youtube.com/watch?v=yyRUTkPPeEM
Digital remedy for countering hate speech | Senad Alibegovic | TEDxFerhadija,https://www.youtube.com/watch?v=S4WpT4Dx278
EFF vs Afriforum | Malema tells the court at his hate speech trial he will become president of SA,https://www.youtube.com/watch?v=UoWTEfd_SjI
How to address online #HateSpeech with a human rights-based approach?,https://www.youtube.com/watch?v=JirA4suOdXI
‘Falling foul of the law’: Hate speech legislation targets ‘reckless’ speech,https://www.youtube.com/watch?v=-joCo1OWi3I
Aladwa in trouble over hate speech,https://www.youtube.com/watch?v=qkoH_bqzkzY
When is Free Speech Hate Speech?,https://www.youtube.com/watch?v=XgXKeWHlD6Q
Major companies suspend social media advertising over online hate speech,https://www.youtube.com/watch?v=SCgHMyVOxYc
What is hate speech?,https://www.youtube.com/watch?v=mRImvyMdAzs
"Hate Speech, Māori Knowledge, &amp; More | Free Speech Union Event in Christchurch, NZ",https://www.youtube.com/watch?v=hr69l1VXTgM
Hate Speech in Japan,https://www.youtube.com/watch?v=yjrEqfnmXiY
"Navigating freedom of expression, freedom of information, cancel culture and hate speech to …",https://www.youtube.com/watch?v=Ii-3p4RRXS8
Stop hate speech,https://www.youtube.com/watch?v=JDd3_W2IG6U
इन भाषणों की वजह से विवादों में रहे आजम खान #azamkhan #hatespeech #viralvideo,https://www.youtube.com/watch?v=yJ1zaQzU2Kw
Should Hate Speech Be Illegal?,https://www.youtube.com/watch?v=qpcSPsXCqtQ
Why Trump&#39;s Hate Speech Is Protected,https://www.youtube.com/watch?v=wPlJPOaD9TQ
"David fronts media on getting engaged, hate crime law and free speech at Waitangi",https://www.youtube.com/watch?v=PHUhNcQABiY
Hate Speech | English,https://www.youtube.com/watch?v=--JpxXD5A_4
Is a new hate speech law killing German comedy? BBC News,https://www.youtube.com/watch?v=MNjSwyA4Szo
Politicians try to find a unified position from which to deal with antisemitism | 7.30,https://www.youtube.com/watch?v=WA7cKRKf2Wo
Getting Arrested For Hate Speech,https://www.youtube.com/watch?v=mEPd1s7-oAI
Does the First Amendment Protect Hate Speech? | Nadine Strossen,https://www.youtube.com/watch?v=lfV-VP7dCNw
Wie Hatespeech unsere Vielfalt bedroht,https://www.youtube.com/watch?v=Js_5pmJ6tfg
Modi accused of anti-Muslim hate speech | Al Jazeera Newsfeed,https://www.youtube.com/watch?v=tshlJqWO3ug
"Former Facebook Engineer Speaks Out About Misinformation, Hate Speech On Platform | NBC Nightly News",https://www.youtube.com/watch?v=DF_LNwcH0f0
Hate Speech &amp; Microaggressions - Feminist Scholar Laura Kipnis,https://www.youtube.com/watch?v=wJ3FUxvu66I
மதச் சிறுபான்மையினருக்கு எதிராக வெறுப்புப் பேச்சு - ஆய்வறிக்கையில் திடுக்கிடும் தகவல்..| hate speech,https://www.youtube.com/watch?v=r1ZXdsv45UU
Is The Law Ineffective On Hate Speech In India? Experts Debate Over BJP MP&#39;s Controversial Speech,https://www.youtube.com/watch?v=DjLuSu2TbFA
How to better tackle hate speech and hate crime in the EU?,https://www.youtube.com/watch?v=9c6WPCQNY6Q
Celebrating Scotland&#39;s New Hate Speech Laws!,https://www.youtube.com/watch?v=Urizq1qNt4Q
"&#39;Majority&#39; Meltdown; Sitting Judge&#39;s Communal Shocker, Hate Speech Or Free Speech? | Beyond Headline",https://www.youtube.com/watch?v=oCWbwWLDZ2c
"&quot;It’s important to, any time we see any kind of hate speech, to call it out.”",https://www.youtube.com/watch?v=Ge67QJHXcLo
Kanye&#39;s Hate Speech Is Being Called &quot;Alleged&quot; Antisemitism,https://www.youtube.com/watch?v=N6qDuor-dCQ
Would &quot;hate speech&quot; laws have stopped the Nazis?,https://www.youtube.com/watch?v=cXv5rnh0j0I
Protests erupt in Argentina over President Milei&#39;s ‘hate speech’,https://www.youtube.com/watch?v=6gOssIvwfQ8
Roger McNamee: Hate Speech And Disinformation Are &#39;Jet Fuel&#39; For Social Media Companies | MSNBC,https://www.youtube.com/watch?v=E-eBDhTmeKw
"Fury Over Scotland’s New Hate Speech Law | “Outrageous, Anti-Freedom, Anti-Liberty, FASCISTIC”",https://www.youtube.com/watch?v=zZkRyexkefg
Ilhan Omar Accusations: House passes resolution condemning hate speech,https://www.youtube.com/watch?v=azcAred9XAw
Hate Speech in Japan,https://www.youtube.com/watch?v=yjrEqfnmXiY
12 Year Old ARRESTED For &quot;Hate Speech&quot; Sidewalk,https://www.youtube.com/watch?v=Aq1pjdVopoI
Patrice O&#39;Neal on O&amp;A - Hate Speech,https://www.youtube.com/watch?v=kIvjBmKDl4c
When is Free Speech Hate Speech?,https://www.youtube.com/watch?v=XgXKeWHlD6Q
&#39;Take up arms&#39;: Yati Narsinghanand incites hate against Muslims at Delhi Hindu &#39;Mahapanchayat&#39;,https://www.youtube.com/watch?v=RU2EVEuXipc
"വിദ്വേഷ ദേശം | Anti-minority hate speech in India rose by 74% in 2024, says report | Out Of Focus",https://www.youtube.com/watch?v=VzbPPW1JVkQ
WHEN HATE SPEECH LAWS BACKFIRE ON THE FAR LEFT,https://www.youtube.com/watch?v=QNL_xwpIEiQ
"Gabriel, Apostate of Hate - Cinematic Cutscene",https://www.youtube.com/watch?v=mqxR_Vo07D0
Hate Speech,https://www.youtube.com/watch?v=5wpPAIvKRhI
Is protecting hate speech part of #FreeSpeech? | Jeffrey Rosen,https://www.youtube.com/watch?v=yna5muqAv_I
Scottish police say JK Rowling tweets challenging hate speech law not illegal,https://www.youtube.com/watch?v=EEwoJUaTO7c
How to address online #HateSpeech with a human rights-based approach?,https://www.youtube.com/watch?v=JirA4suOdXI
Is a new hate speech law killing German comedy? BBC News,https://www.youtube.com/watch?v=MNjSwyA4Szo
इन भाषणों की वजह से विवादों में रहे आजम खान #azamkhan #hatespeech #viralvideo,https://www.youtube.com/watch?v=yJ1zaQzU2Kw
More censorship? Hate Speech Law passes...,https://www.youtube.com/watch?v=C8-OrmHekBU
Major companies suspend social media advertising over online hate speech,https://www.youtube.com/watch?v=SCgHMyVOxYc
"HATE SPEECH, ce lo spiega Pietro Mensi",https://www.youtube.com/watch?v=b9ZecKGG2Lw
University President Condemns My &quot;Hate&quot; Speech Before I&#39;ve Spoken |  Ep. 973,https://www.youtube.com/watch?v=u2shTegsJP0
Debate Ignites Over First Amendment and Hate Speech,https://www.youtube.com/watch?v=MwV7oArP_Dc
THANKS FOR THE HATE SPEECH,https://www.youtube.com/watch?v=61oy5j7Kf9E
Transgender Bigot&#39;s Hate Speech!,https://www.youtube.com/watch?v=p7mrN8VrALQ
Hate Speech Doesn&#39;t Exist | Short Clips,https://www.youtube.com/watch?v=XvnogfyoC-g
‘Falling foul of the law’: Hate speech legislation targets ‘reckless’ speech,https://www.youtube.com/watch?v=-joCo1OWi3I
BJP’s Mithun Chakraborty booked for alleged anti-Muslim hate speech in West Bengal | Geo News,https://www.youtube.com/watch?v=ljMRRJlbvB8
Senator Sharon Keogan — Full Rebuttal of Proposed &#39;Hate Speech&#39; Bill,https://www.youtube.com/watch?v=jpT5Npn9WMI
Hate Speech &amp; Microaggressions - Feminist Scholar Laura Kipnis,https://www.youtube.com/watch?v=wJ3FUxvu66I
Digital remedy for countering hate speech | Senad Alibegovic | TEDxFerhadija,https://www.youtube.com/watch?v=S4WpT4Dx278
The Rise of Hate Speech on Social Media. Alarming Statistics and Impact,https://www.youtube.com/watch?v=WMlSWr7ndSc
"Fury Over Scotland’s New Hate Speech Law | “Outrageous, Anti-Freedom, Anti-Liberty, FASCISTIC”",https://www.youtube.com/watch?v=zZkRyexkefg
Kanye&#39;s Hate Speech Is Being Called &quot;Alleged&quot; Antisemitism,https://www.youtube.com/watch?v=N6qDuor-dCQ
Protests erupt in Argentina over President Milei&#39;s ‘hate speech’,https://www.youtube.com/watch?v=6gOssIvwfQ8
Hatespeech: Wer kümmert sich um den Hass im Netz? | heute-show vom 04.10.2019,https://www.youtube.com/watch?v=hCpsgHmX-GI
"Haridwar Dharam Sansad Hate Speech, Accused arrested, What is Hate Speech? | Uttarakhand PCS UPSC",https://www.youtube.com/watch?v=JWSKwSJwvwk
"Former Facebook Engineer Speaks Out About Misinformation, Hate Speech On Platform | NBC Nightly News",https://www.youtube.com/watch?v=DF_LNwcH0f0
Freedom of Speech: Crash Course Government and Politics #25,https://www.youtube.com/watch?v=Zeeq0qaEaLw
Albanese government has shown ‘inaction’ on antisemitism,https://www.youtube.com/watch?v=XtCx7ICCYzg
Christian Speech a Hate Crime? Politician Faces Police Interrogation for Posting Bible Verse,https://www.youtube.com/watch?v=XX3uQz44kJ0
Ralph Martin - Hate Speech? Time to Push Back,https://www.youtube.com/watch?v=GX0QOABgpcQ
"Hate Speech, Māori Knowledge, &amp; More | Free Speech Union Event in Christchurch, NZ",https://www.youtube.com/watch?v=hr69l1VXTgM
Is The Law Ineffective On Hate Speech In India? Experts Debate Over BJP MP&#39;s Controversial Speech,https://www.youtube.com/watch?v=DjLuSu2TbFA
Hate Speech,https://www.youtube.com/watch?v=cc8-HODWq1U
Ben Shapiro NAILS Hate Speech and Censorship in 2 Minutes,https://www.youtube.com/watch?v=6kap5ZVPLRw
💥Elon Musk Reveals True Feelings on Twitter HATE Speech,https://www.youtube.com/watch?v=tKqwUkhKw1Y
Gemeinsam gegen Hate Speech,https://www.youtube.com/watch?v=L8ygawab2Tc
Australia&#39;s new hate speech laws question in Parliament 10-2-25,https://www.youtube.com/watch?v=deSqePofaYE
Federal government to introduce stronger hate speech laws | 9 News Australia,https://www.youtube.com/watch?v=Ayi_-8CFVn4
Does the First Amendment Protect Hate Speech? | Nadine Strossen,https://www.youtube.com/watch?v=lfV-VP7dCNw
EFF vs Afriforum | Malema tells the court at his hate speech trial he will become president of SA,https://www.youtube.com/watch?v=UoWTEfd_SjI
HATE SPEECH - Creators For Change 2017 // I&#39;mJette,https://www.youtube.com/watch?v=OJxWJXSWtq4
Defining &quot;Counter-Speech&quot; and Fighting Hate Speech | Nadine Strossen,https://www.youtube.com/watch?v=GsC6rLGSRm8
Why Facebook&#39;s Ban on Hate Speech Won&#39;t Work | Let Lee Explain,https://www.youtube.com/watch?v=N1TZ7iTb0Xc
हेट स्पीच पर सुप्रीम कोर्ट सख्त | Supreme Court Strict on Hate Speech| Rajasthan Patrika,https://www.youtube.com/watch?v=PwWUZwen0rI
&quot;All Of You&#39;ll Die&quot;: Haridwar Hate Speech Accused As Cops Make 1st Arrest,https://www.youtube.com/watch?v=H2EMxxqGSIg
President Trump addresses LGBTQ community in inauguration speech,https://www.youtube.com/watch?v=YOWhnpO7H9U
Ars Boni 546 Hate Speech/Counter Speech,https://www.youtube.com/watch?v=a1cTs3XtyBM
Was ist Hate Speech? Was kann jeder gegen Hetze im Internet tun?,https://www.youtube.com/watch?v=bt6oa4N-OH0
"Virtualism, Cyberviolence and Hate Speech in the Metaverse",https://www.youtube.com/watch?v=vRWsUF7XosU
AfriForum highlights hate speech against minorities in South Africa,https://www.youtube.com/watch?v=b10Pu1Fsh2A
WATCH | What Asaduddin Owaisi Said on Ramesh Bidhuri’s Hate Speech in Parliament | The Quint,https://www.youtube.com/watch?v=DF05MQfQSHg
Senator Mullen on why Ireland&#39;s proposed hate speech legislation is &quot;chilling&quot;,https://www.youtube.com/watch?v=PpUc7xkfVDI
Einfach erklärt: Was kann ich gegen Hate Speech tun?,https://www.youtube.com/watch?v=I5ca8nnTzB4
Diskriminierend und rassistisch: Wie extrem ist Hate Speech? - App+on | ZDFtivi,https://www.youtube.com/watch?v=gTGsFlj3_ks
Ralph Martin - Hate Speech? Time to Push Back,https://www.youtube.com/watch?v=GX0QOABgpcQ
"Supreme Court on Hate Speech: कोर्ट ने कहा- बिना धर्म देखे हो Police Action, स्वत: संज्ञान पर FIR",https://www.youtube.com/watch?v=rfNHImdrBm0
Australian government ‘watered down’ meaning of inciting violence,https://www.youtube.com/watch?v=VAFB8PvrDJA
Free speech concerns raised amid Labor’s ‘hate speech’ legislation push,https://www.youtube.com/watch?v=xptfN8zogbE
Australia&#39;s toughest ever anti-terror laws pass parliament | 9 News Australia,https://www.youtube.com/watch?v=hx6z-rDUrTw
Hate-Speech und wie ihr euch wehren könnt | hessenschau DAS THEMA,https://www.youtube.com/watch?v=cK1PhIAHjIg
"Tim Walz Is DEAD WRONG—Hate Speech, Misinfo Are PROTECTED Speech: Robby Soave",https://www.youtube.com/watch?v=Yi30Jf-GqXo
🇩🇪 Germany&#39;s new hate speech bill - The Stream,https://www.youtube.com/watch?v=HFPdX4tYdmQ
India Sees 74% Rise in Hate Speech Incidents in 2024,https://www.youtube.com/watch?v=OxYf4JtL2sI
"Hate Speech Updates, Video-Level Merch Picker, and Notifications Bundle Launch!",https://www.youtube.com/watch?v=_RlfENibPsE
Hate Speech,https://www.youtube.com/watch?v=IfsLlfIjeRs
Indian PM Modi&#39;s rally remarks on Muslim minority spark accusations of hate speech,https://www.youtube.com/watch?v=mcDxCEgrXew
Why Hate Speech Is Skyrocketing On Twitter,https://www.youtube.com/watch?v=MJLDDlKhUUY
ACT Leader David Seymour on proposed hate speech laws | Q+A 2021,https://www.youtube.com/watch?v=1VHnkN3Ag7A
I have no mouth and I must scream-AM&#39;s hate speech,https://www.youtube.com/watch?v=EddX9hnhDS4
What is hate speech? [HINDI],https://www.youtube.com/watch?v=XemANADpYmk
Trump plan for US take over of Gaza condemned + mandatory sentencing for hate speech | ABC NEWS,https://www.youtube.com/watch?v=jaliipbDqiM
"Germany cracks down on hate speech, fake news, child marriage",https://www.youtube.com/watch?v=cIjizfVgno4
Against hate speech and antidemocratic discourse-Alex Agius Saliba,https://www.youtube.com/watch?v=Ed1krAL6I5E
Hate Speech vs Freedom of Speech ENG,https://www.youtube.com/watch?v=LbB28T3fIWg
хейтспіч - птахи летять додому (official video),https://www.youtube.com/watch?v=JWj5XG9ssbo
"Cases of online ethnic hate speech rise, NCIC has remained silent over the matter",https://www.youtube.com/watch?v=dsWNQ4FX9aI
Hate speech 🛑 was das ist und wie du es erkennst,https://www.youtube.com/watch?v=jPYbBiJ82pI
Was ist Hate Speech? Die Modulbox zu Hate Speech und Fake News klärt auf!,https://www.youtube.com/watch?v=QZdTiIKPESA
As Lions And Lambs - Hate Speech (OFFICIAL MUSIC VIDEO),https://www.youtube.com/watch?v=O3hYqGnd1IM
"Hate speech, brazen communal appeal: Opposition denounces PM Modi’s remarks on Muslims at poll rally",https://www.youtube.com/watch?v=qpCRLigUq6U
Instagram’s political hate speech problem,https://www.youtube.com/watch?v=UifIupuukRs
DigiBitS: Initiative Schule gegen Hate Speech - Für mehr Fairness im Netz,https://www.youtube.com/watch?v=SifY1TSgAtI
Hate Speech im Netz: Würde die Klarnamenpflicht helfen? | Galileo | ProSieben,https://www.youtube.com/watch?v=_ifjaw93D9A
"Issue of Hate Speech in India- Meaning, Issues and Way Forward || PSIR || UPSC Mains",https://www.youtube.com/watch?v=C0b6OXA4yoo
HATE SPEECH - Creators For Change 2017 // I&#39;mJette,https://www.youtube.com/watch?v=OJxWJXSWtq4
Automatic jail terms for hate crimes set to come into effect | 9 News Australia,https://www.youtube.com/watch?v=WBodhbyJXUc
Hate Speech Is Not Ok,https://www.youtube.com/watch?v=sNw1mCXhuII
Hate Speech in the time of Free Speech - The Hindu | Editorial Analysis | Drishti IAS,https://www.youtube.com/watch?v=xSMuPayVDiU
Thurs 31st   HATE SPEECH CAMPAIGN,https://www.youtube.com/watch?v=Sf8Oc-UbGlQ
Ruto &amp; Other MPs Grilled Over Hate Speech,https://www.youtube.com/watch?v=dkzJjFxT5fg
Das No Hate Speech Movement Deutschland,https://www.youtube.com/watch?v=jXYW_xf5lLo
Феномен hate speech — Оксана Мороз,https://www.youtube.com/watch?v=600E0JaHpKA
UC Irvine student: American flag represents hate speech,https://www.youtube.com/watch?v=i3Ywo_kJYCE
Dharma Sansad Hate Speech पर Nitin Gadkari ने दिया कड़ा संदेश | वनइंडिया हिंदी,https://www.youtube.com/watch?v=UaXZzVEJsxg
"Is hate speech free speech, even post-Charlottesville?",https://www.youtube.com/watch?v=m_f_tQMrJMU
United Nations urges UK to crack down on racist hate speech | BBC News,https://www.youtube.com/watch?v=0ZxvvyTig2k
ganz konkret: Hate-Speech und Cybermobbing | Zeit für Politik,https://www.youtube.com/watch?v=FljdLX8gk6A
BREAKING: “Multiple genders” voted into Irish law in night of shame,https://www.youtube.com/watch?v=47R2ize33NI
FUEN Mute Hate Speech Campaign TRAILER,https://www.youtube.com/watch?v=Z-zCVi4iDIo
Do We Need to Censor Hate Speech? - Imran Ahmed,https://www.youtube.com/watch?v=llB-hINZ7gk
Follow the Hashtag: Der Kampf gegen Hate Speech | DW Deutsch,https://www.youtube.com/watch?v=jz-Q896lPtc
Hatespeech &amp; Fake News: Zerstört Social Media unsere Demokratie?  I 13 Fragen | unbubble,https://www.youtube.com/watch?v=RFVq5IMohxo
Israel Charny: Denial as Hate Speech,https://www.youtube.com/watch?v=eoHvVcewd0I
YouTube changes hate speech policy,https://www.youtube.com/watch?v=Is2uwdNpX50
SAMIRA  HATE SPEECH CAMPAIGN,https://www.youtube.com/watch?v=aw0JD3Sm9vY
Australia&#39;s new hate speech laws question in Parliament 10-2-25,https://www.youtube.com/watch?v=deSqePofaYE
Is Hate Speech Free Speech?,https://www.youtube.com/watch?v=EwTtN_KQeEc
EXCLUSIVE: Antisemitic Hate Speech Calling For Jewish Deaths In Several UK Mosques Amid Israel-Hamas,https://www.youtube.com/watch?v=l5irQUXb-1A
The Hate You Give | Creators for Change,https://www.youtube.com/watch?v=zJJGRF0xa7w
💥Elon Musk Reveals True Feelings on Twitter HATE Speech,https://www.youtube.com/watch?v=tKqwUkhKw1Y
&#39;Hate speech&#39; law in Scotland,https://www.youtube.com/watch?v=Hxd5Ukhf1BQ
"&#39;He sued us for the act of doing research&#39;: Anti-hate CEO on Musk suit, Musk&#39;s influence in WH",https://www.youtube.com/watch?v=R3xqqXl0kUs
Anurag Thakur hate speech मामले में Delhi HC की इस टिप्पणी की चर्चा क्यों हो रही है?,https://www.youtube.com/watch?v=158WVeJwC0k
Only Hindus To Be Held Responsible For Hate Speech In India? | SC Hears Muslim Petitioner&#39;s Plea,https://www.youtube.com/watch?v=qw-3lOD8N0A
How can online hate speech be stopped? | Inside Story,https://www.youtube.com/watch?v=K2Ol5s4M4NA
Europe&#39;s Role in Combating Hate Speech: A Call for Action #shorts #ai,https://www.youtube.com/watch?v=wSf32wmFT_U
ANTHONY  HATE SPEECH MESSAGE,https://www.youtube.com/watch?v=dL5xOFhW68M
WHY Hate SPEECH Laws ARE A BIG Mistake | Jordan Peterson,https://www.youtube.com/watch?v=qgeLvUs2b68
Senator Sharon Keogan — Full Rebuttal of Proposed &#39;Hate Speech&#39; Bill,https://www.youtube.com/watch?v=jpT5Npn9WMI
Perspektif Ep. 43 - Siapa Akun Dibalik Hate Speech?,https://www.youtube.com/watch?v=O4M3vt3w3qM
&quot;Gegen Hass im Netz&quot;: Zeig Hate Speech und Cybermobbing die Rote Karte! | MAGENTA SPORT,https://www.youtube.com/watch?v=5C5nJRsYHOc
AI&#39;s Battle Against Hate Speech &amp; Propaganda: A Glimpse,https://www.youtube.com/watch?v=O7P4IybhD9M
"Who monitors hate speech on news channels, and how? | NL Cheatsheet",https://www.youtube.com/watch?v=Mop_JHgL3kI
&#39;Take up arms&#39;: Yati Narsinghanand incites hate against Muslims at Delhi Hindu &#39;Mahapanchayat&#39;,https://www.youtube.com/watch?v=RU2EVEuXipc
What is Hate Speech?,https://www.youtube.com/watch?v=c-UOf7NodR8
പിസി ജോര്‍ജിന്റെ വിദ്വേഷ പ്രസംഗ കേസ്; ഇന്നുണ്ടായ നാടകീയ നിമിഷങ്ങള്‍ PC George hate Speech,https://www.youtube.com/watch?v=XNoOFh_TqD8
Hasskommentare &amp; Meinungsfreiheit | Mit KI und Algorithmen gegen Hass | Wissen Was mit MrWissen2go,https://www.youtube.com/watch?v=FiFWyt0pMDw
Vioja Mahakamani - Hate speech (Content Supported by MFA),https://www.youtube.com/watch?v=0O4pyIchMec
‘Sinister backdrop’: ‘Biden’s ‘hate speech’ matched ‘dystopian aesthetic’,https://www.youtube.com/watch?v=m2bn3SEfPmI
"“Hate speech, demolitions of homes…” US ‘concerned’ on alleged discrimination of minorities in India",https://www.youtube.com/watch?v=0JXoOx0JYps
Holocaust survivor warns that hate speech is dangerous #Shorts,https://www.youtube.com/watch?v=_xPC_RxIvmg
Tomi Lahren: Facebook&#39;s new &#39;hate speech&#39; feature,https://www.youtube.com/watch?v=xORxEh_qAf8
New legislation passes parliament; PM visits North Queensland flood zones | 9 News Australia,https://www.youtube.com/watch?v=FMgJ7SrDBeY
Does YouTube enable hate speech? | The Stream,https://www.youtube.com/watch?v=D389UEeU3x8
Jordan Peterson SCHOOLS Oxford Student on Hate Speech and Leaves Room SPEECHLESS (Epic Debate),https://www.youtube.com/watch?v=W7dUnXXPXtc
Lemon: Roseanne is paying the price for racist hate speech,https://www.youtube.com/watch?v=lULA3T0OPi8
хейтспіч - мама казала (закиньте на дрони video),https://www.youtube.com/watch?v=zbioLhjF3qY
PM Modi exposes Congress&#39; hate for Baba Saheb Ambedkar | #shorts,https://www.youtube.com/watch?v=QRaMC9nbIrI
"Vandals Graffiti Hate Speech, Threats Across Boston LGBTQ Housing Project",https://www.youtube.com/watch?v=9FMai-9Yfd4
&quot;What Is Russia Without the Balkans and the Baltics?&quot; | Russian Hate Speech,https://www.youtube.com/watch?v=2R9cvfLL8n8
Hatespeech: Wer kümmert sich um den Hass im Netz? | heute-show vom 04.10.2019,https://www.youtube.com/watch?v=hCpsgHmX-GI
We Don&#39;t Want This Islamophobia Blasphemy Law! It&#39;s A Chilling Attack on Free Speech.,https://www.youtube.com/watch?v=uMSdndnVRl8
&quot;What Is Russia Without the Balkans and the Baltics?&quot; | Russian Hate Speech,https://www.youtube.com/watch?v=2R9cvfLL8n8
We Don&#39;t Want This Islamophobia Blasphemy Law! It&#39;s A Chilling Attack on Free Speech.,https://www.youtube.com/watch?v=uMSdndnVRl8
What is Hate speech? What are the legal provisions against hate speech? | UPSC,https://www.youtube.com/watch?v=QdCpGxgLEUg
"Anti-Palestinian hate speech goes unpunished, but Palestinian senator gets censured",https://www.youtube.com/watch?v=5FmaMEgN60I
Senator says University&#39;s Kamala Harris &#39;roast&#39; condones hate speech,https://www.youtube.com/watch?v=LZz6GSZ7JnM
Hate Speech on Campus,https://www.youtube.com/watch?v=O3-v3-Dzfb0
"Anfeindungen, Beschimpfungen, Beleidigungen – Wie Jugendliche unter &quot;Hatespeech&quot; leiden | defacto",https://www.youtube.com/watch?v=L62VeTYEZlg
Pendapat Yasonna Laoly Soal Hate Speech di Media Sosial #shorts,https://www.youtube.com/watch?v=eSh1u7Pugmw
COST OF SOCIAL MEDIA: This is why Kenyans on Twitter want DP Ruto charged for hate speech,https://www.youtube.com/watch?v=x2bKyfVp8N0
Neue Studie zeigt: Hate Speech auf #Socialmedia nimmt weiter zu! 🤬🗯️Was wir dagegen tun können. 💪,https://www.youtube.com/watch?v=x1zSYFZ6hyg
&quot;Ukraine Is Just the Beginning!&quot; – Russian Hate Speech Against NATO,https://www.youtube.com/watch?v=JzM41RE-N0c
Is YOUR opinion HATE SPEECH?,https://www.youtube.com/watch?v=Zz5Mzf-At_0
Yati Narasimhanand Hate Speech:  मुसलमानों का फूटा गुस्सा! | Prophet Mohammad | Iqra Hasan,https://www.youtube.com/watch?v=DZ4RUqpEtvU
Hate speech and online abuse: India’s growing extremism problem | The Listening Post,https://www.youtube.com/watch?v=hSINHJdLDdk
"Sechs Fragen zu »Hate-Speech« an Prof. Dr. Sybille Krämer, Freie Universität Berlin",https://www.youtube.com/watch?v=ksXmxj2HMPk
New Hate Speech Legislation,https://www.youtube.com/watch?v=D46qDIHcTf8
Ellen Page opens up about her late-night anti-hate speech,https://www.youtube.com/watch?v=9mZ9-1N37Xc
"Rohingya: Hate speech, lies and media misinformation - The Listening Post",https://www.youtube.com/watch?v=lSWpV3rk8c0
‘Hate speech in homes must be prosecuted’,https://www.youtube.com/watch?v=J-B7e9fVYh8
Napolitano: Why &#39;hate speech&#39; is protected,https://www.youtube.com/watch?v=W8n64XRJqKA
EP.20 | ประทุษวาจา (Hate Speech) | The Knowledge รู้เท่าทันสื่อ | 18 มี.ค. 62 (มีเสียงบรรยายภาพ),https://www.youtube.com/watch?v=PpXaVD1NWrw
Does the First Amendment Protect Hate Speech?,https://www.youtube.com/watch?v=gBSoq1WlA7A
League Ban für Hate Speech im Stream?,https://www.youtube.com/watch?v=BErHZKTQxS4
Hate Speech and Offensive Language Detection #tinyml #lowcodeplatform #cAInvas,https://www.youtube.com/watch?v=VLTypA-xIBY
Das NETTZ: Mit Vernetzung gegen Hate Speech,https://www.youtube.com/watch?v=Ej06CavFzw4
Act That Protected Brahmins From Hate Speech | #Brahmin #HateSpeech #harijan,https://www.youtube.com/watch?v=OjiwLG80lY0
"Journalism, hate speech and crimes against humanity from Rwanda to Sudan",https://www.youtube.com/watch?v=URWI8LwxHog
The cure to hate speech is MORE speech empowered by the virtue of LOVE.,https://www.youtube.com/watch?v=BWs37Nm5ep8
Hate speech and social media burnout,https://www.youtube.com/watch?v=xSWJvdQU-xs
CJI Sanjiv Khanna: संजीव खन्ना का Supreme Court में Hate Speech पर बड़ा फैसला | CJI | वनइंडिया हिंदी,https://www.youtube.com/watch?v=c1ZMvOosxz8
Can religious hate speech be punished?  IN FOCUS I Drishti IAS | UPSC Current affairs,https://www.youtube.com/watch?v=YJtOTB1JOr0
Malema testifies in the Afriforum hate speech case,https://www.youtube.com/watch?v=fBUeMMzGYm8
Asaduddin Owaisi refuses to express regret for his brother&#39;s hate speech,https://www.youtube.com/watch?v=wrfC5MgzebE
AI for Proactive Prevention: Mitigating Hate Speech &amp; Derogatory Remarks,https://www.youtube.com/watch?v=0FLAi93BJBE
My Name Is Not Important speech,https://www.youtube.com/watch?v=MmOjOCK6Dnw
Hate Speech Is Not Ok,https://www.youtube.com/watch?v=sNw1mCXhuII
Can Narendra Modi stop hate speech in India? | Inside Story,https://www.youtube.com/watch?v=U2RMB7ZH_Tg
Jugend.Medien.Schutz - Hate Speech,https://www.youtube.com/watch?v=IYLQf8-v_Dg
Hate Speech &amp; Cybermobbing: Together for More Respect Online #swisscom #tech #technology,https://www.youtube.com/watch?v=Pbdx03vj51c
"Asaduddin Owaisi Clarifies On His Alleged Hate Speech, Says - Talked About Cops Atrocities",https://www.youtube.com/watch?v=Iea0jjrn1g8
Zakir Naik&#39;s Peace TV fined for &#39;hate speech&#39; in U.K,https://www.youtube.com/watch?v=kvvjwwyj6k8
Netherlands: Geert Wilders denies anti-immigrant hate speech,https://www.youtube.com/watch?v=N_dKYOalqp0
"&quot;This is hate speech.&quot; Mandy Patinkin on US reactions to refugees  (Dec. 21, 2015) | Charlie Rose",https://www.youtube.com/watch?v=3wdkAC9US0Q
"&quot;Normalise Indian Hate&quot;: Racist DOGE Employee Resigns, Musk Questioned | Firstpost America | N18G",https://www.youtube.com/watch?v=sRtyM24MPls
хейтспіч - Добровольці,https://www.youtube.com/watch?v=faGUiZ9imek
хейтспіч - я вб&#39;ю всіх богів (lyric video),https://www.youtube.com/watch?v=UwrgbpA7uRk
Is This Tweet Hate Speech？,https://www.youtube.com/watch?v=1OMjaOXHv3E
Kanye spews hate speech against Jews on Twitter,https://www.youtube.com/watch?v=oHG6XmWGOgg
Art or hate speech?,https://www.youtube.com/watch?v=Pzj35NCZXrM
"🇺🇸 Facebook bans Louis Farrakhan, Alex Jones for hate speech | Al Jazeera English",https://www.youtube.com/watch?v=rjKKhKJMw08
Automatic jail terms for hate crimes set to come into effect | 9 News Australia,https://www.youtube.com/watch?v=WBodhbyJXUc
AM&#39;s hate speech #ihavenomouthandimustscream,https://www.youtube.com/watch?v=KY8KvnDvNrE
Patrice O&#39;Neal on O&amp;A - Best hour on radio (I Endorse Hate Speech),https://www.youtube.com/watch?v=wKdf4Z9W4vE
&quot;Gegen Hass im Netz&quot;: Zeig Hate Speech und Cybermobbing die Rote Karte! | MAGENTA SPORT,https://www.youtube.com/watch?v=5C5nJRsYHOc
League Ban für Hate Speech im Stream?,https://www.youtube.com/watch?v=BErHZKTQxS4
Asaduddin Owaisi Hate Speech: वक्फ बिल को लेकर असदुद्दीन ओवैसी के भड़काऊ बोल | Waqf Bill | India TV,https://www.youtube.com/watch?v=-eCzc_6Tta0
There is such a thing as &quot;hate speech&quot;,https://www.youtube.com/watch?v=N5mIGL-JlCM
COST OF SOCIAL MEDIA: This is why Kenyans on Twitter want DP Ruto charged for hate speech,https://www.youtube.com/watch?v=x2bKyfVp8N0
Megan Markle&#39;s Surprising Encounter_ Confronting Hate Speech by Mike Tyson and Katt Williams,https://www.youtube.com/watch?v=Y7im3r4ALOU
The rise of hate speech in India | The Listening Post,https://www.youtube.com/watch?v=M9ovHqv_k-g
மதச் சிறுபான்மையினருக்கு எதிராக வெறுப்புப் பேச்சு - ஆய்வறிக்கையில் திடுக்கிடும் தகவல்..| hate speech,https://www.youtube.com/watch?v=r1ZXdsv45UU
AI&#39;s Battle Against Hate Speech &amp; Propaganda: A Glimpse,https://www.youtube.com/watch?v=O7P4IybhD9M
Was ist eigentlich Hate Speech?  - Der Erklärmops 01,https://www.youtube.com/watch?v=foSBFs63Awc
Is Hate Speech Free Speech? (Pt. 1) | Ari Cohn | FREE SPEECH | Rubin Report,https://www.youtube.com/watch?v=ucRgWgAAXV0
Anurag Thakur hate speech मामले में Delhi HC की इस टिप्पणी की चर्चा क्यों हो रही है?,https://www.youtube.com/watch?v=158WVeJwC0k
Michael Jackson gives a hate speech about sony music London 2002 #michaeljackson,https://www.youtube.com/watch?v=pcjwhMUEHGY
Act That Protected Brahmins From Hate Speech | #Brahmin #HateSpeech #harijan,https://www.youtube.com/watch?v=OjiwLG80lY0
Haridwar Hate Speech | Yati Narsinghanand Arrested | &#39;Revenge Meet&#39; Planned Across India,https://www.youtube.com/watch?v=A1_XyBm67Ws
Student charged with &quot;hate speech&quot; in Australia,https://www.youtube.com/watch?v=DldNk988njY
Schutz vor Hate Speech ist wichtig!,https://www.youtube.com/watch?v=BuEjyZOrwrM
Joe Rogan on England CRAZY Hate Speech Laws,https://www.youtube.com/watch?v=YNyKqhNhdbQ
United Nations urges UK to crack down on racist hate speech | BBC News,https://www.youtube.com/watch?v=0ZxvvyTig2k
Praveen Togadia Hate Speech Against Akbaruddin Owaisi And Indian Muslims On FEB 1 2013,https://www.youtube.com/watch?v=gN4keFMJpkQ
Humza Yousaf is enforcing his hate speech dictatorship,https://www.youtube.com/watch?v=TKL-SDPh6Pk
Tomi Lahren: Facebook&#39;s new &#39;hate speech&#39; feature,https://www.youtube.com/watch?v=xORxEh_qAf8
Students caught up in Australia&#39;s hate speech law,https://www.youtube.com/watch?v=G1Jx3oV8a_U
"In New Hate Speech, BJP Lawmaker Says, &quot;Hindustan Is For Hindus&quot;",https://www.youtube.com/watch?v=jalM_WPHd2g
New Hate Speech Legislation,https://www.youtube.com/watch?v=D46qDIHcTf8
хейтспіч - я вб&#39;ю всіх богів (lyric video),https://www.youtube.com/watch?v=UwrgbpA7uRk
Das NETTZ: Mit Vernetzung gegen Hate Speech,https://www.youtube.com/watch?v=Ej06CavFzw4
Breaking | Kolkata Police Lodges FIR Against BJP&#39;s Mithun Chakraborty After Hate Speech At TMC,https://www.youtube.com/watch?v=8dKYP0Pksek
Australia&#39;s toughest ever anti-terror laws pass parliament | 9 News Australia,https://www.youtube.com/watch?v=hx6z-rDUrTw
Trump plan for US take over of Gaza condemned + mandatory sentencing for hate speech | ABC NEWS,https://www.youtube.com/watch?v=jaliipbDqiM
Senator says University&#39;s Kamala Harris &#39;roast&#39; condones hate speech,https://www.youtube.com/watch?v=LZz6GSZ7JnM
"Anfeindungen, Beschimpfungen, Beleidigungen – Wie Jugendliche unter &quot;Hatespeech&quot; leiden | defacto",https://www.youtube.com/watch?v=L62VeTYEZlg
Liberal Protester Wants TPUSA To Be CANCELLED For HATE SPEECH?!,https://www.youtube.com/watch?v=chn2K9RvBrU
പിസി ജോര്‍ജിന്റെ വിദ്വേഷ പ്രസംഗ കേസ്; ഇന്നുണ്ടായ നാടകീയ നിമിഷങ്ങള്‍ PC George hate Speech,https://www.youtube.com/watch?v=XNoOFh_TqD8
Free Speech vs. Hate Speech: The Unfiltered Debate,https://www.youtube.com/watch?v=mtYXAFlcSSM
Malema testifies in the Afriforum hate speech case,https://www.youtube.com/watch?v=fBUeMMzGYm8
Lemon: Roseanne is paying the price for racist hate speech,https://www.youtube.com/watch?v=lULA3T0OPi8
"Vandals Graffiti Hate Speech, Threats Across Boston LGBTQ Housing Project",https://www.youtube.com/watch?v=9FMai-9Yfd4
"Cogito, ergo sum &quot;I think, therefore I am&quot;",https://www.youtube.com/watch?v=acAfItR04l4
Raipur Hate Speech: Seer Kalicharan Booked For Gandhi Abuse | News Today With Rajdeep Sardesai,https://www.youtube.com/watch?v=7AAOltev4Lk
"Yeti Narasimhanand Hate Speech: Prophet Mohammad पर महंत के बिगडे़ बोल, FIR दर्ज। Ghaziabad Police",https://www.youtube.com/watch?v=Q37kXx5wPq4
Darf man im Internet beleidigen?  Wann ist das strafbar? I Hate Speech I Hass und Gewalt im Netz I,https://www.youtube.com/watch?v=uG6gDeuMD9U
Does the First Amendment Protect Hate Speech?,https://www.youtube.com/watch?v=gBSoq1WlA7A
PM&#39;s Hate Speech?&amp; Trump or Harris? #uselection2024,https://www.youtube.com/watch?v=TCMvhKp19rw
Jugend.Medien.Schutz - Hate Speech,https://www.youtube.com/watch?v=IYLQf8-v_Dg
‘Hate speech in homes must be prosecuted’,https://www.youtube.com/watch?v=J-B7e9fVYh8
"“Hate speech, demolitions of homes…” US ‘concerned’ on alleged discrimination of minorities in India",https://www.youtube.com/watch?v=0JXoOx0JYps
Cenk Uygur Decimates Hate Speech Preachers,https://www.youtube.com/watch?v=5A-LBREyygk
Watch alleged hate speech of controversial VHP leader Praveen Togadia,https://www.youtube.com/watch?v=zatIRhuiuuY
Debate Ignites Over First Amendment and Hate Speech,https://www.youtube.com/watch?v=MwV7oArP_Dc
Should Hate Speech Be Allowed?,https://www.youtube.com/watch?v=_A0y5o4xphM
Cat Treats and...HATE SPEECH?,https://www.youtube.com/watch?v=N8z1RpC-RKk
Darf man im Internet beleidigen?  Wann ist das strafbar? I Hate Speech I Hass und Gewalt im Netz I,https://www.youtube.com/watch?v=uG6gDeuMD9U
New Hate Speech Laws: Are they as bad as people are saying?,https://www.youtube.com/watch?v=905MLzMe3zo
Rajdeep Sardesai: Nitesh Rane Booked For Hate Speech | Bulldozer Justice Against Constituion?,https://www.youtube.com/watch?v=6lWw-GlWfnY
"Welche Formen von Hate Speech gibt es, Renate Hillen?",https://www.youtube.com/watch?v=cW_NJVLspj4
Anti-Armenian Hate Speech Flyers Posted in Beverly Hills,https://www.youtube.com/watch?v=Grj71rKbiwM
What’s ‘hate speech’? Depends on who is speaking,https://www.youtube.com/watch?v=59pi2urDotQ
Rep. Ocasio-Cortez: Trump&#39;s rally was a hate rally; this was not just a presidential rally,https://www.youtube.com/watch?v=pDpilfgkb9I
Julius Malema&#39;s singing of &#39;dubula ibhunu&#39; constitutes hate speech,https://www.youtube.com/watch?v=2BZuRp7rwXY
IOC chief: Hate speech towards Algerian boxer Imane Khelif is &#39;totally unacceptable&#39;,https://www.youtube.com/watch?v=JKHfDk3rXg8
Who Defines Hate Speech in Social Media #politics,https://www.youtube.com/watch?v=dVu5X1TZb-Y
Haridwar Dharma Sansad: Hate Speech मामले में Yeti Narasimhanand गिरफ्तार | वनइंडिया हिंदी,https://www.youtube.com/watch?v=bNTppSgGlp4
Hate Speech Isn&#39;t Real | Change My Mind,https://www.youtube.com/watch?v=Q0hPd2gMlGw
Rahman Mohammad Hassan: Hate Speech nach Fernsehbeitrag,https://www.youtube.com/watch?v=A4iOmof0uOo
Where are we heading on the name of dark comedy ? | Samay Raina | Ranveer Allahabadiya,https://www.youtube.com/watch?v=DDptisdzJNU
"Prime Time With Ravish Kumar: Viral Hate Speech Videos From Haridwar Meet Spark Outrage, No Case Yet",https://www.youtube.com/watch?v=hTQieijSlcg
Hate-Speech im Internet: Welche Strafen drohen?,https://www.youtube.com/watch?v=6ztS3xjUOJs
Amit Shah&#39;s hate speech in Bijnor,https://www.youtube.com/watch?v=PCjYDbwdQsY
&#39;BRILLIANT&#39; JK Rowling APPLAUDED by academic for challenging Scotland&#39;s new hate speech law,https://www.youtube.com/watch?v=yKQCp0degoY
"In a hate speech, Azam Khan calls Modi a murderer",https://www.youtube.com/watch?v=4PlTt-plZ68
भड़काऊ बयान पर घिरे मिथुन चक्रवर्ती... अमित शाह के सामने दिया भड़काऊ बयान | Mithun Chakraborty,https://www.youtube.com/watch?v=Rxx3vopDi7k
Asaduddin Owaisi Moves Allahabad High Court for Quashing Hate Speech Case,https://www.youtube.com/watch?v=7eMSvHT8Tko
Times Now Confronts Owaisi&#39;s Minister Imtiyaz Jaleel On Hate Speech Statement Against Nupur Sharma,https://www.youtube.com/watch?v=jb2wtdiixjE
Akbaruddin Owaisi Held For Hate Speech On Narendra Modi | Mango News,https://www.youtube.com/watch?v=-VNYxWegmzQ
"Hate Speech: Kolkata Police ने Mithun Chakraborty से की पूछताछ, जानें क्यों | वनइंडिया हिंदी",https://www.youtube.com/watch?v=d7rnUebNGZo
Hate speech: Police register case against SFI leaders,https://www.youtube.com/watch?v=jj2uOEN6-g4
Sawsan Chebli zum Thema Hate Speech #shorts,https://www.youtube.com/watch?v=bIgc3-65S8Q
Narsinghanad Nabi ki shaan Mein Gustakhi video Viral😱Waris Pathan Angry on Narsinghanand HateSpeech,https://www.youtube.com/watch?v=xMGeB2LVjpA
Folge 6 - Hate Speech - Kurz und einfach erklärt,https://www.youtube.com/watch?v=gck6JiRBgpQ
AIMIM&#39;s Akbaruddin Owaisi acquitted in two hate speech cases - TV9,https://www.youtube.com/watch?v=VzUI8piaeAc
"धर्म संसद के &#39;Hate Speech&#39; का Viral Video, अब तक केस दर्ज नहीं | Sawaal India Ka",https://www.youtube.com/watch?v=PcraDG4KJlI
"Leute, wir müssen über HATE SPEECH reden!",https://www.youtube.com/watch?v=B3g_YlV8k_I
Virginia Senator Wants To SHUT DOWN Steam Via ADL’s “Hate Speech” Report…,https://www.youtube.com/watch?v=QdIklRztEio
Should hate speech be against the law? | 45th Hoernlé Memorial Lecture,https://www.youtube.com/watch?v=xBUUxM-we_0
വിദ്വേഷ പ്രസംഗം; പി.സി ജോര്‍ജ്ജിനെതിരെ കേസെടുത്തു | Hate speech | PC George,https://www.youtube.com/watch?v=Zde8y-zi1c4
1984 (1/11) Movie CLIP - Two Minutes Hate (1984) HD,https://www.youtube.com/watch?v=XvGmOZ5T6_Y
Atay über eine diskriminierungsfreie Gesellschaft und Hate Speech,https://www.youtube.com/watch?v=-SG1gOHOcV0
Ban HATE Speech?,https://www.youtube.com/watch?v=N43qW0vqysA
Azam Khan Hate Speech Case Verdict: आजम खान को 3 साल की सजा | Samajwadi Party | Rampur | UP News,https://www.youtube.com/watch?v=wrVetyB0Q60
Police stand down after JK Rowling challenges hate speech rules,https://www.youtube.com/watch?v=am3XW4J73_s
"Hate Speech In India | ಹಿಂದೂಗಳಿಗೆ ಇಂಗ್ಲಿಷ್ ನಿಷಿದ್ಧ, ದ್ವೇಷ ಭಾಷಣಕ್ಕೆ ಜೈಲು ಫಿಕ್ಸ್! | RA CHINTAN",https://www.youtube.com/watch?v=YUk4zf6VhfY
"Issaquah police seek suspects in anti-Semitic, anti-LGBTQ+ graffiti incidents",https://www.youtube.com/watch?v=Bem3_k1Lkts
FIR registered against Amit Shah for hate speech in Bijnor,https://www.youtube.com/watch?v=LLxk6jhTUhc
Hate Speech News: AIMIM leader Akbaruddin Owaisi को भड़काऊ भाषण केस में राहत,https://www.youtube.com/watch?v=vljPIPW5Bd0
"Yati Narasimhanand Hate Speech से CM Yogi नाराज, Police को दिए सख्ती के निर्देश | वनइंडिया हिंदी",https://www.youtube.com/watch?v=6UCVKdwW98o
Is the Government Defining Hate Speech?,https://www.youtube.com/watch?v=-9H-wS4w9Sk
P C George Hate Speech | &quot;ഭീകരവാദത്തെ ചെറുക്കൻ BJPക്ക് മാത്രമേ കഴിയു&quot;: P C George | #Shorts,https://www.youtube.com/watch?v=GgmYx1gTAys
Hate Speech &amp; Cybermobbing: Gemeinsam für mehr Respekt im Netz,https://www.youtube.com/watch?v=gR0lJzTC1QI
Who Is S Seeman; Booked For Hate Speech Against Hindi Speakers? | Newsmo,https://www.youtube.com/watch?v=WxZRM5u_c_c
More censorship? Hate Speech Law passes...,https://www.youtube.com/watch?v=C8-OrmHekBU
re:publica 2024: Stop Hate Speech: Strategien für eine Kommunikation frei von Hass und ...,https://www.youtube.com/watch?v=zPollKLJ540
The Hate Monologue FANDUB | I Have No Mouth And I Must Scream,https://www.youtube.com/watch?v=RSszbgPBYkA
Hate Speech,https://www.youtube.com/watch?v=6PsHxoGV8A0
Veranstaltung &quot;Stop Hate Speech&quot;,https://www.youtube.com/watch?v=SmP6_RZ2EbE
The Rise of Hate Speech on Social Media. Alarming Statistics and Impact,https://www.youtube.com/watch?v=WMlSWr7ndSc
Twitter Hate speech detection using machine learning | Machine Learning Project 9,https://www.youtube.com/watch?v=TLbb1UbU0aQ
Erklärvideo: Hate Speech,https://www.youtube.com/watch?v=FpphJrWu-fg
Hyderabad : Nampally Court Judgment in Akbaruddin Owaisi Hate Speech Case - TV9,https://www.youtube.com/watch?v=b8z1Kr5IK60
Hate speech: Why was Praveen Togadia not arrested till now?,https://www.youtube.com/watch?v=gD0wfIOHVUk
Hate speech and pogroms in the West Bank | The Listening Post,https://www.youtube.com/watch?v=Xa37uIxhqTM
Ben Shapiro NAILS Hate Speech and Censorship in 2 Minutes,https://www.youtube.com/watch?v=6kap5ZVPLRw
"India Sees 74% Rise in Hate Speech Under Modi Government, Says Report | India Today Global",https://www.youtube.com/watch?v=F08Sd5PZ2Pg
Freedom of Speech vs. Hate Speech: Where Do We Draw the Line?,https://www.youtube.com/watch?v=CxGe_ivvjHk
Libs talk about &quot;Hate Speech&quot; because they HATE Free Speech,https://www.youtube.com/watch?v=8419s0uXuLY
Bloomington bar cracks down on hate speech,https://www.youtube.com/watch?v=8qFtrq7Q-KI
Alleged Hate Speech By BJP Leader Kapil Mishra | Ram Navami Rampage,https://www.youtube.com/watch?v=loG0yGAivDo
Kajal Hindustani Arrested: Una Hate Speech मामले में काजल हिंदुस्तानी गिरफ्तार | Gujarat News,https://www.youtube.com/watch?v=0NT5TVCxV2g
&quot;Hate Speech&quot; mit der IGS Maifeld | SWR Klasse:Nachrichten,https://www.youtube.com/watch?v=TD3sd7PXb7s
Was ist eigentlich „Hate-Speech”? #nius #hatespeech,https://www.youtube.com/watch?v=MHuF3nEQI3k
Akbaruddin Owaisi hate speech : Yuva TV Exclusive report :  07.01.2013,https://www.youtube.com/watch?v=iU-5DJivuAU
BJP’s Mithun Chakraborty booked for alleged anti-Muslim hate speech in West Bengal | Geo News,https://www.youtube.com/watch?v=ljMRRJlbvB8
Hate Speech,https://www.youtube.com/watch?v=tTKytP1OngU
BJP MP Yogi Adityanath Hate Speech against Mother Teresa,https://www.youtube.com/watch?v=wujRdN-5YsI
BJP MLA Nitesh Rane On Ijtema Banned 😱 Nitesh Rane Again Hate Speech On Muslim Ijtema Ban,https://www.youtube.com/watch?v=Jn_sTSoy6ME
University President Condemns My &quot;Hate&quot; Speech Before I&#39;ve Spoken |  Ep. 973,https://www.youtube.com/watch?v=u2shTegsJP0
Is &quot;Hate Speech&quot; Free Speech? | Man on the Street,https://www.youtube.com/watch?v=Xn16mTpXpVo
Hate Speech Isn&#39;t Real (Google Edition) | Change My Mind,https://www.youtube.com/watch?v=OpW3cWTGIOE
BJP leader and Bollywood actor Mithun Chakraborty draws outrage for hate speech,https://www.youtube.com/watch?v=iWEcFf8u0BQ
Romania: Pushing back at anti-Roma hate speech | Say #NoToHate | United Nations,https://www.youtube.com/watch?v=ajgdhtrmbiU
Hate Speech Doesn&#39;t Exist | Short Clips,https://www.youtube.com/watch?v=XvnogfyoC-g
HATE SPEECH LAWS TO PASS RIGHT NOW.,https://www.youtube.com/watch?v=KUWLk_mYUCs
Hate speech on rise in India,https://www.youtube.com/watch?v=6o0EAHqqhSo
Pratima Mishra LIVE: जूनियर ओवैसी...&#39;जुबान&#39; जहर जैसी! | Akbaruddin Owaisi | Mithun | Hate Speech,https://www.youtube.com/watch?v=LyZLQP5OdW8
&quot;Aku Tak Boleh Dengan Pondan&quot; &amp; Dealing With Hate Speech,https://www.youtube.com/watch?v=De0pEditCEY
Akbaruddin Owaisi Hate Speech: सबूतों के अभाव में अकबरुद्दीन बरी - वकील | Hyderabad Special Court,https://www.youtube.com/watch?v=qK7qvu3rr6Q
Michael Jackson gives a hate speech about sony music London 2002 #michaeljackson,https://www.youtube.com/watch?v=pcjwhMUEHGY
"Hate Speech देने वाले Kalicharan गिरफ्तार, Mahatma Gandhi को लेकर अपशब्द कहे थे",https://www.youtube.com/watch?v=Ns6gfLSHv7w
#HateOffender: Yogi Adityanath and his chilling hate speeches against minorities,https://www.youtube.com/watch?v=67pHQQKlwu0
"Yati Narasimhanand Hate Speech: पैगंबर वाले बयान पर BJP नेता Darakhshan Andrabi भड़की, एक्शन की मांग",https://www.youtube.com/watch?v=AapicKEhZYE
Republic Confronts Yati Narsinghanand On &#39;Hate Speech&#39;; Controversial Seer Brazens It Out,https://www.youtube.com/watch?v=CwhcklnZJ-4
"Yeti Narasimhanand Hate Speech: यति नरसिंहानंद के विवादित बयान पर बवाल, कहां से शुरू हुआ विवाद?",https://www.youtube.com/watch?v=t18O_L2M7eg
I Have No Mouth and I Must Scream - AM&#39;s Hate Speech,https://www.youtube.com/watch?v=11Gul3dYipM
Hate Speech Isn&#39;t Real (2nd Edition) | Change My Mind,https://www.youtube.com/watch?v=hBPbd_JYIdw
Is Hate Speech Free Speech? (Pt. 1) | Ari Cohn | FREE SPEECH | Rubin Report,https://www.youtube.com/watch?v=ucRgWgAAXV0
Dharma Sansad विवाद: Hate Speech देने वालों के साथ हंसता दिखा Police Officer | वनइंडिया हिंदी,https://www.youtube.com/watch?v=Hkv9WYRcz_M
"Head Of Instagram Adam Mosseri On Combatting Hate Speech, Bots, Racism + Algorithm Myths",https://www.youtube.com/watch?v=WRlbfPam6Fw
"Yeti Narasimhanand Hate Speech: यति नरसिंहानंद के विवादित बयान पर बवाल, कहां से शुरू हुआ विवाद?",https://www.youtube.com/watch?v=t18O_L2M7eg
Ars Boni 546 Hate Speech/Counter Speech,https://www.youtube.com/watch?v=a1cTs3XtyBM
Azam Khan हुए Hate Speech मामले में बरी | Uttar Pradesh | Samajwadi party | #shorts,https://www.youtube.com/watch?v=r9KU0MNOC8Q
Yati Narsinghanand Hate Speech: यति नरसिंहानंद के बयान पर Asaduddin Owaisi भड़के,https://www.youtube.com/watch?v=wftFlwkwV98
Geht es euch auch so? Hate Speech... #Bundestagswahl #Demokratie #Wahlen #Politik,https://www.youtube.com/watch?v=I2kuR0Smj-E
The Stream - Hate speech v free speech: Where is the line? Part 1,https://www.youtube.com/watch?v=KWTCsGhK9iA
Haridwar Dharma Sansad: Hate Speech मामले में Yeti Narasimhanand गिरफ्तार | वनइंडिया हिंदी,https://www.youtube.com/watch?v=bNTppSgGlp4
🔥 Aniruddh Achariya Vs Dr. Zakir naik | Pandit Hate Against Muslims 🔥,https://www.youtube.com/watch?v=5L0LIpMrpJ4
Anti-Armenian Hate Speech Flyers Posted in Beverly Hills,https://www.youtube.com/watch?v=Grj71rKbiwM
Japan&#39;s anti-Korean hate speech: British journalist&#39;s view,https://www.youtube.com/watch?v=6hm-pswPowE
Texas college students protest against hate speech,https://www.youtube.com/watch?v=ybrdlUJIbVg
"Identity Politics, Islam, and Hate Speech | Katie Hopkins | POLITICS | Rubin Report",https://www.youtube.com/watch?v=4DXQEbEGx9g
We Don&#39;t Want This Islamophobia Blasphemy Law! It&#39;s A Chilling Attack on Free Speech.,https://www.youtube.com/watch?v=uMSdndnVRl8
"Leute, wir müssen über HATE SPEECH reden!",https://www.youtube.com/watch?v=B3g_YlV8k_I
Hate Speech Detection Using Machine Learning | ML Projects Using Python | Simplilearn,https://www.youtube.com/watch?v=jbexvUovHxw
"Hate Speech: Kolkata Police ने Mithun Chakraborty से की पूछताछ, जानें क्यों | वनइंडिया हिंदी",https://www.youtube.com/watch?v=d7rnUebNGZo
Hate-Speech im Internet: Welche Strafen drohen?,https://www.youtube.com/watch?v=6ztS3xjUOJs
"UP Deputy Chief Minister, Asked About Hate Speech, Ends BBC Interview",https://www.youtube.com/watch?v=wlWyey1hGr4
AM Hate Speech x Flowers Are Blooming In Antarctica (Slowed),https://www.youtube.com/watch?v=kOuxvBwZ7Rk
Julius Malema&#39;s singing of &#39;dubula ibhunu&#39; constitutes hate speech,https://www.youtube.com/watch?v=2BZuRp7rwXY
Akbaruddin Owaisi Held For Hate Speech On Narendra Modi | Mango News,https://www.youtube.com/watch?v=-VNYxWegmzQ
പൊലീസിനെതിരെ സിപിഎം നേതാവിന്റെ ഭീഷണിയും അസഭ്യ വർഷവും | CPM Leader&#39;s hate speech,https://www.youtube.com/watch?v=7FkZLnbV2ks
Alleged Hate Speech By BJP Leader Kapil Mishra | Ram Navami Rampage,https://www.youtube.com/watch?v=loG0yGAivDo
"Welche Formen von Hate Speech gibt es, Renate Hillen?",https://www.youtube.com/watch?v=cW_NJVLspj4
NSW HATE SPEECH LAWS,https://www.youtube.com/watch?v=vnO1D3hYmFE
"In a hate speech, Azam Khan calls Modi a murderer",https://www.youtube.com/watch?v=4PlTt-plZ68
Yati Narsinghanand Hate Speech: यति नरसिंहानंद महाराज के बयान पर Asaduddin Owaisi का रिएक्शन,https://www.youtube.com/watch?v=zRACJW5DdrU
Watch alleged hate speech of controversial VHP leader Praveen Togadia,https://www.youtube.com/watch?v=zatIRhuiuuY
"Prime Time With Ravish Kumar: Viral Hate Speech Videos From Haridwar Meet Spark Outrage, No Case Yet",https://www.youtube.com/watch?v=hTQieijSlcg
Rajdeep Sardesai: Nitesh Rane Booked For Hate Speech | Bulldozer Justice Against Constituion?,https://www.youtube.com/watch?v=6lWw-GlWfnY
Free Speech vs Hate Speech  Striking a Balance on Online Platforms,https://www.youtube.com/watch?v=q7BRFiYTRt0
Myanmar’s pro-democracy women targeted with doxxing and hate speech - BBC Newsnight,https://www.youtube.com/watch?v=ReCiOJCXaIU
Muslim lawyer in Sri Lanka fights hate speech charges,https://www.youtube.com/watch?v=3WASsFmzws8
Amit Shah&#39;s hate speech in Bijnor,https://www.youtube.com/watch?v=PCjYDbwdQsY
Rahman Mohammad Hassan: Hate Speech nach Fernsehbeitrag,https://www.youtube.com/watch?v=A4iOmof0uOo
Daniel Kibret  ( AKA Satnael Kisret) public hate speech against Tigrayans with English subtitle.,https://www.youtube.com/watch?v=YiNir2fRmk8
"Yati Narasimhanand Hate Speech से CM Yogi नाराज, Police को दिए सख्ती के निर्देश | वनइंडिया हिंदी",https://www.youtube.com/watch?v=6UCVKdwW98o
Shocking Scenes of Racism and Hate Speech at Club Pony on the Island of Sylt #shorts #sylt #viral,https://www.youtube.com/watch?v=yzXEtDxy-ts
Hate speech: Police register case against SFI leaders,https://www.youtube.com/watch?v=jj2uOEN6-g4
Youtuber Ranveer Allahbadia Samay Raina Controversy Hate Speech 😡,https://www.youtube.com/watch?v=X_enS4Jxezk
Hate speech on rise in India,https://www.youtube.com/watch?v=6o0EAHqqhSo
Rep. Ocasio-Cortez: Trump&#39;s rally was a hate rally; this was not just a presidential rally,https://www.youtube.com/watch?v=pDpilfgkb9I
Sawsan Chebli zum Thema Hate Speech #shorts,https://www.youtube.com/watch?v=bIgc3-65S8Q
DNA: Analysis of Zakir Naik&#39;s hate speeches spreading terrorism,https://www.youtube.com/watch?v=ptkQuKDwUJI
വിദ്വേഷ പ്രസംഗം; പി.സി ജോര്‍ജ്ജിനെതിരെ കേസെടുത്തു | Hate speech | PC George,https://www.youtube.com/watch?v=Zde8y-zi1c4
&#39;BRILLIANT&#39; JK Rowling APPLAUDED by academic for challenging Scotland&#39;s new hate speech law,https://www.youtube.com/watch?v=yKQCp0degoY
Asaduddin Owaisi Moves Allahabad High Court for Quashing Hate Speech Case,https://www.youtube.com/watch?v=7eMSvHT8Tko
Nupur Sharma Comment on Muhammad। Nupur Sharma Hate Speech on Prophet Muhammad &amp;  Kuran,https://www.youtube.com/watch?v=lYfCLSeBXI0
"धर्म संसद के &#39;Hate Speech&#39; का Viral Video, अब तक केस दर्ज नहीं | Sawaal India Ka",https://www.youtube.com/watch?v=PcraDG4KJlI
James Bond has a license to kill hate speech,https://www.youtube.com/watch?v=ImkXqTcG22k
Asaduddin Owaisi rebuts allegations against brother Akbaruddin for Hate Speech,https://www.youtube.com/watch?v=YDw8eQltOPc
Facebook Says Declaration Of Independence Is &quot;Hate Speech&quot;,https://www.youtube.com/watch?v=IzjiH-19usI
DNA: अचानक मुंबई की ओर क्यों निकले लाखों मुसलमान? |  Asaduddin Owaisi Shocking Speech | Mumbai Chalo,https://www.youtube.com/watch?v=eYS4EuO8pWI
Free Speech vs. Hate Speech: The Unfiltered Debate,https://www.youtube.com/watch?v=mtYXAFlcSSM
Hatespeech,https://www.youtube.com/watch?v=DzXhHvUWF5A
Schutz vor Hate Speech ist wichtig!,https://www.youtube.com/watch?v=BuEjyZOrwrM
WHEN HATE SPEECH LAWS BACKFIRE ON THE FAR LEFT,https://www.youtube.com/watch?v=QNL_xwpIEiQ
Free Speech vs Hate Speech  Finding the Fine Line #shorts #joeroganexperience  #podcast,https://www.youtube.com/watch?v=Fu4iknTGJk8
House Of Ashes | Epi 02 | Horror Game | Manguni Gamer,https://www.youtube.com/watch?v=pQQYhdVShRM
"Cogito, ergo sum &quot;I think, therefore I am&quot;",https://www.youtube.com/watch?v=acAfItR04l4
Liberal Protester Wants TPUSA To Be CANCELLED For HATE SPEECH?!,https://www.youtube.com/watch?v=chn2K9RvBrU
"Yati Narsinghanand के बयान पर बवाल जारी, पुलिस ने दर्ज किया FIR | Hate Speech",https://www.youtube.com/watch?v=ZpHRO2xXlUo
&quot;OMBA WAMAASAI MSAMAHA~GOVERNOR OLE LENKU RESPOND TO MUTAHI KAHIGA HATESPEECH ON MAASAI,https://www.youtube.com/watch?v=5gJarmOvUDk
Modi-Yogi के खिलाफ Maulanaon का नफरती पर्चा लीक ! | Maulana Hate Speech | Election 2024,https://www.youtube.com/watch?v=ecbkGMDAnzc
🔥 Aniruddh Achariya Vs Dr. Zakir naik | Pandit Hate Against Muslims 🔥,https://www.youtube.com/watch?v=5L0LIpMrpJ4
Charlie Kirk Destroys &#39;Hate Speech&#39; Argument,https://www.youtube.com/watch?v=VtwYxY5OOSo
David Schwimmer Destroys Kanye West Over Shocking Hate Speech,https://www.youtube.com/watch?v=r_wCheqJTd8
Was kann man gegen Hate Speech tun,https://www.youtube.com/watch?v=4Nh9rGNjAtM
JORDAN PETERSON DEBATES WITH INTELLIGENT STUDENT ON HATE SPEECH (REACTION),https://www.youtube.com/watch?v=qshTk7ZAygQ
Haridwar ‘Dharam Sansad’ Triggers Row: Hate Speech Goes Unpunished; Why No Action? | News Today,https://www.youtube.com/watch?v=VywJ0fOHJHs
NSW HATE SPEECH LAWS,https://www.youtube.com/watch?v=vnO1D3hYmFE
12 Year Old ARRESTED For &quot;Hate Speech&quot; Sidewalk,https://www.youtube.com/watch?v=Aq1pjdVopoI
Change My Mind Google Edition: Hate Speech Q&amp;A | Louder With Crowder,https://www.youtube.com/watch?v=u1zVdZ6azpU
Megan Markle&#39;s Surprising Encounter_ Confronting Hate Speech by Mike Tyson and Katt Williams,https://www.youtube.com/watch?v=Y7im3r4ALOU
LIVE: Mahmood Madani on Yati Narsinghanand For Hate Speech Against Prophet Muhammad | BJP vs AIMIM,https://www.youtube.com/watch?v=uDIWYDmP4BY
Youtuber Ranveer Allahbadia Samay Raina Controversy Hate Speech 😡,https://www.youtube.com/watch?v=X_enS4Jxezk
"One day after Facebook signed EU &quot;hate speech&quot; rules, THIS happened",https://www.youtube.com/watch?v=_lAGltfCDSg
Hate speech against minorities has increased by 74 percent in India #shorts #short News update NMS,https://www.youtube.com/watch?v=xNAqV8kuFSQ
AM&#39;s Hate Speech [Red S#x],https://www.youtube.com/watch?v=4PHyqak1ZLI
Humza Yousaf is enforcing his hate speech dictatorship,https://www.youtube.com/watch?v=TKL-SDPh6Pk
I have no mouth and I must scream (HATE Speech Fandub),https://www.youtube.com/watch?v=cQTtTVX7xgA
"AM HATE SPEECH BUT EVERYTIME &quot;HATE&quot; IS SAID, IT SWITCHES TO A DIFFRENT VERSION OF THE AM HATE SPEECH",https://www.youtube.com/watch?v=FfFP_5hWvLg
AM hate speech,https://www.youtube.com/watch?v=CJx-FbDyCbs
Aussie Hate Speech Laws,https://www.youtube.com/watch?v=XhLsMYBBK-w
Andrew Tate says: &quot;Cat Owners Are New Face of Liberal Hate Speech&quot; 🐱🗣️📢,https://www.youtube.com/watch?v=stKVoC3aA7E
Student charged with &quot;hate speech&quot; in Australia,https://www.youtube.com/watch?v=DldNk988njY
Conor McGregor Investigated For &quot;Hate Speech&quot;,https://www.youtube.com/watch?v=wE0aaLqUGUM
Geht es euch auch so? Hate Speech... #Bundestagswahl #Demokratie #Wahlen #Politik,https://www.youtube.com/watch?v=I2kuR0Smj-E
Is HATE SPEECH Really That Bad? | My Controversial Opinion!,https://www.youtube.com/watch?v=2gzSxsztJpU
"AM Voice Lines (I Have No Mouth, and I Must Scream)",https://www.youtube.com/watch?v=mD9RgK-1PBk
How Hate Speech Dismantles Society,https://www.youtube.com/watch?v=J5GxKSBTe70
بشار الجعفري: &quot;لم يكن هناك نظام سوري بل منظومة مافيوية&quot;,https://www.youtube.com/watch?v=ffN_7v9GFAo
Trump: I Understand Why People Hate Me,https://www.youtube.com/watch?v=C-vf6OrSX7k
&quot;What Was The Soviet Union..?&quot; | countryballs #edit,https://www.youtube.com/watch?v=wu7JTBUEWkI
Exposing Celebratory Racism: The Impact of Normalize Hate Speech,https://www.youtube.com/watch?v=x0puBnq93lA
Kendrick Superbowl Halftime Show BOMBS...Here&#39;s Why...,https://www.youtube.com/watch?v=nDGjSEXhdPs
&quot;Kanye West&#39;s Swastika T-Shirts &amp; Hate Speech: Major Backlash Explained | February 2025&quot;,https://www.youtube.com/watch?v=oCvAXpQi1ug
Thieves vs. SPIDERMAN. This Battle Ends in Disaster! #brawlstars #rankup,https://www.youtube.com/watch?v=6c-ax2yFxrA
thespontaneouscrafter - No Hate Speech or Bullying 🚫,https://www.youtube.com/watch?v=FSf4uGQ6kkw
"AM’s “Hate Speech”, Radio Drama Version (IHNMAIMS)",https://www.youtube.com/watch?v=0RwP1r5UlDM
This is NOT a Hate Speech,https://www.youtube.com/watch?v=eBopStQSlWs
Surge in Hate Speech Rocks India Under Modis Leadership,https://www.youtube.com/watch?v=JLeGqqY_6xk
When does free speech become a perilous line? 🚨,https://www.youtube.com/watch?v=ISTcwCgkfqc
Yati Narasimhanand Hate Speech: RSS ने लगा दी यति नरसिंहानंद की क्लास! | Prophet Mohammad | PM Modi,https://www.youtube.com/watch?v=1ewJ7SjGj04
Free Speech vs Hate Speech  Striking a Balance on Online Platforms,https://www.youtube.com/watch?v=q7BRFiYTRt0
🔴 Albo Rams through Hate Speech Laws &amp; White Nationalists get Nuked off Twitter | The Ark E24,https://www.youtube.com/watch?v=xnFaJGkzHDQ
hate speech tugas UAS hukum siber,https://www.youtube.com/watch?v=i7FCqST0dQg
AM Hate Speech x Flowers Are Blooming In Antarctica (Slowed),https://www.youtube.com/watch?v=kOuxvBwZ7Rk
Irmela Mensah-Schramm über die Bekämpfung von Hate Speech.🔥🦊,https://www.youtube.com/watch?v=TsOK9gbJnsU
Aftershow Is Misgendering Hate Speech? Griffin &amp; 1stAmender Vs Jake of‬ &amp; PWF,https://www.youtube.com/watch?v=F1tHbBodsoQ
Shocking Scenes of Racism and Hate Speech at Club Pony on the Island of Sylt #shorts #sylt #viral,https://www.youtube.com/watch?v=yzXEtDxy-ts
This Is What Christian Nationalist Hate Speech Sounds Like.,https://www.youtube.com/watch?v=8bbSYlXeKiQ
Woke Californians Want to BAN the BIBLE for “Hate Speech”,https://www.youtube.com/watch?v=XckcMeSueMA
"Mark Steyn: &quot;Free speech is hate speech, and hate speech is free speech&quot;  | David Menzies",https://www.youtube.com/watch?v=ts_cUzZMNV4
🚨USAID Meets Kennedy · Conservative News Live Stream · Congressional Hearings · Outlets · Sites·DOGE,https://www.youtube.com/watch?v=2w0nNfF6zC8
എന്താലേ😜😜🔥#srajendran #cpm #keralanews #shortvideo #shorts #pinarayivijayan #cpim #cpi #trending,https://www.youtube.com/watch?v=_EG3HYdyZ6w
#Hate Speech is Not Exposing Hate crimes.,https://www.youtube.com/watch?v=XYMLoC0Aols
Malcolm X Talks About Self Hate Propganda 💯,https://www.youtube.com/watch?v=uwzziszhrbg
Top5 oldest existing dynasties #countryballs edit,https://www.youtube.com/watch?v=VIXyX3fF9EQ
"Identity Politics, Islam, and Hate Speech | Katie Hopkins | POLITICS | Rubin Report",https://www.youtube.com/watch?v=4DXQEbEGx9g
Students caught up in Australia&#39;s hate speech law,https://www.youtube.com/watch?v=G1Jx3oV8a_U
Mongols conquest,https://www.youtube.com/watch?v=LLWS0T7k3ZQ
Daniel Kibret  ( AKA Satnael Kisret) public hate speech against Tigrayans with English subtitle.,https://www.youtube.com/watch?v=YiNir2fRmk8
Kanye West Anti jewish disturbing antisemetic Hate Speech,https://www.youtube.com/watch?v=k2rwHvN4WNw
TikTok REMOVED our video due to “HATE SPEECH”!!!,https://www.youtube.com/watch?v=f0n22R6EILY
SQUID GAME BUT MADE IN USA AND JAPAN🤯 #countryballs edit,https://www.youtube.com/watch?v=x5RppmYmZqM
Praveen Togadia Hate Speech Against Akbaruddin Owaisi And Indian Muslims On FEB 1 2013,https://www.youtube.com/watch?v=gN4keFMJpkQ
Me when so called &quot;Hate speech&quot;,https://www.youtube.com/watch?v=z5A-joiMA8Y
#Hate Speech is Not Exposing Hate Crime.,https://www.youtube.com/watch?v=VqoITjPF07Q
Maulana Jarjis Ansari Hate Speech: न्यूज नेशन की खबर का असर Maulana Jarjis Youtube Channel,https://www.youtube.com/watch?v=7oefLqqSnJ8
COVER FIRE #gomgaming #telugugamer #bgmishorts #trendingbgmishorts,https://www.youtube.com/watch?v=MaTqevVkqUU
"Rajesh Khanna Viral Hate Speech, स्वर्गीय राजेश खाना का वीडियो क्यों वायरल हो रहा है ? #rajeshkhanna",https://www.youtube.com/watch?v=lJrzTgpZYgc
一字诗：“爽” #一人分饰多角 #反转剧情 #爽剧,https://www.youtube.com/watch?v=m42_B5oTmJ0
Pakistani said he wants to destroy India #pakistanireaction  #trendingshorts,https://www.youtube.com/watch?v=_wyFZagmYcE
What if all rice from Philippines disappear? #countryballs #satire,https://www.youtube.com/watch?v=xjXOZtFNrLw
EXPOSED Australia&#39;s Hate Speech Laws   The Government&#39;s True Intentions Revealed,https://www.youtube.com/watch?v=8MsWTbbJnj4
Trump vs The Treasury | New Aus Hate Speech Laws | UK Labour WhatsApp Horror - Habbening TV 207,https://www.youtube.com/watch?v=GrNV2WWrXQY
Nupur Sharma Comment on Muhammad। Nupur Sharma Hate Speech on Prophet Muhammad &amp;  Kuran,https://www.youtube.com/watch?v=lYfCLSeBXI0
Bollywood Actor Mithun Chakraborty| Muslims Against Hate Speech |Asaduddin Owaisi ￼Update|,https://www.youtube.com/watch?v=FteYvc85pl4
Virat Kohli 💪 sir #speech,https://www.youtube.com/watch?v=WCauFKdmtbc
"Yes, I Am Guilty Of ‘Hate Speech’ | Ep. 1082",https://www.youtube.com/watch?v=8x9tvUpCs3k
Ranveer Allahbadia &amp; Samay Raina shamefull speech | Ranveer allahbadiya controversial video #viral,https://www.youtube.com/watch?v=QJEpEViAk_Q
Akbaruddin Owaisi Hate Speech at Nirmal Andhra Pradesh,https://www.youtube.com/watch?v=u2ZYK0zHuDk
Exclusive Video of Altaf Hussain’s hate speech against Pakistan 22 August 2016,https://www.youtube.com/watch?v=QeXMlG87prU
"Maulana Jarjis Ansari Hate Speech : खुले मंच से Jihad का ऐलान, Hindu Religion के खिलाफ Propaganda",https://www.youtube.com/watch?v=DBDznJsKBV4
Ricky Gervais Pushes Back On Woke Culture &amp; Things Being &quot;Offensive&quot;,https://www.youtube.com/watch?v=27ACpn779PY
Offensive memes😯,https://www.youtube.com/watch?v=9AcFuHz_Duk
Spirit of offense #offensive #hurtful #hurt #encouragement #shorts #inspiration,https://www.youtube.com/watch?v=wSs_nKKtIZ0
4 Offensive Air Force Terms that Hurt,https://www.youtube.com/watch?v=sGzXPBDh1_0
How to know you have a good Offensive Line 💪😤 #shorts,https://www.youtube.com/watch?v=fPWtAazN_5o
Offensive people often use this danger phrase--to hurt you,https://www.youtube.com/watch?v=cdPsZvGWQWM
&quot;G*nital Piercings Are Gender Affirming!&quot;,https://www.youtube.com/watch?v=nuxzY8nJEPU
Ukraine&#39;s Offensive in Kursk Collapses - 350 Ukrainian soldiers trapped and surrounded!,https://www.youtube.com/watch?v=gBqU-OpY2f8
2025 NFL Draft Prospect Preview:  Offensive Tackles,https://www.youtube.com/watch?v=acM0nB7oLVM
#prayertime #hurt #offensive #godsays #forgiving #heaven #believe #relief (Subscribe 💙💙),https://www.youtube.com/watch?v=uod5JUaIUd4
3 minutes of offensive painful memes,https://www.youtube.com/watch?v=RAr5lGqSBso
OFFENSIVE MEMES THAT YLYL V1034,https://www.youtube.com/watch?v=ewjPj9xWv98
My Love for Offensive Comedy,https://www.youtube.com/watch?v=iMMg_pWH3sU
Offensive rebounds hurt more than turnovers 🏀👌🏽👀,https://www.youtube.com/watch?v=Q5ahNJK1TKY
Jordan Peterson - We Have the Right to Say Offensive Things,https://www.youtube.com/watch?v=huAL6ri53tU
"Affectionate? Try offensive…and hurtful on the ears IRL, too 😤 #reaction #familyguy #facebookreels",https://www.youtube.com/watch?v=QXUnZCYBJ8E
When you take everything offensive,https://www.youtube.com/watch?v=V0bLL01vDng
offensive memes that if ylyl v81,https://www.youtube.com/watch?v=1xMmc0WO83c
Funniest Offensive Memes #13 by sssleepymemes,https://www.youtube.com/watch?v=aDPpbZAFYWc
The REAL Reason Why Chica Ends People in FNAF (offensive),https://www.youtube.com/watch?v=Cgv_atTue-Y
OAKLAND OFFENSIVE LINEMEN PUSHES OVER REFEREE OVER AND HURT HIS CHEST **MUST WATCH**,https://www.youtube.com/watch?v=V2K5XDur4j0
Funny offensive memes,https://www.youtube.com/watch?v=UPFcdeImQHo
offensive memes that if ylyl v179,https://www.youtube.com/watch?v=fVckDjU3OVM
No offensive/hurtful behaviour have shown here❌💯 #quotestoliveby#inspirationalstory#writerstruggles,https://www.youtube.com/watch?v=JrsO5QpiAqI
"Offensive mario memes don’t exist,they can’t hurt you:Offensive Mario memes:",https://www.youtube.com/watch?v=XIbG49TOLqY
Exploring The Most Offensive Word Why It Hits So Hard 💥🤔,https://www.youtube.com/watch?v=PyrhIAGLfvQ
offensive memes that if ylyl v103,https://www.youtube.com/watch?v=82xUjcaKU_4
OFFENSIVE OR DEFENSIVE FOUL #filipino #anak #daughter #basketball #play #getup #tough #strong,https://www.youtube.com/watch?v=TtWFC1VNp6E
Jalen Hurts &amp; Saquon Barkley Gift the Eagles Offensive Line with Custom Golf Carts 🔥 #shorts,https://www.youtube.com/watch?v=2txUD9j_ZGw
IS THE R WORD OFFENSIVE?,https://www.youtube.com/watch?v=aqFnsQTJ8EA
me when they said an offensive joke but i don&#39;t want them to know it hurt me:,https://www.youtube.com/watch?v=CtjW9oAjHIE
How to bump your defender for an Easy Basket (NOT offensive Foul),https://www.youtube.com/watch?v=NnFuWTD2H2c
REALLY offensive Rainbow 6 moments that made my stomach hurt,https://www.youtube.com/watch?v=lgyR98rYDMk
Church hurt? Now THAT is offensive! #Shorts,https://www.youtube.com/watch?v=r3hM8IaTAS0
Words HURT | How People&#39;s Words Can Be Offensive | Why They Shouldn&#39;t Be,https://www.youtube.com/watch?v=nwW8gj7CEFA
Be silent. #shortvideo #shorts #silent #friends #hurt #fact #silence #offensive #destroy,https://www.youtube.com/watch?v=tMsbWuK--jA
Unbelievable OFFENSIVE TIKTOK MEMES (38): TRY NOT TO LAUGH CHALLENGE 🤣 #funny #ytshorts #viral,https://www.youtube.com/watch?v=bg72qIGqVSU
This(If people find this offensive I don’t mean to to hurt anyones feelings THIS IS JUST A JOKE),https://www.youtube.com/watch?v=Y-c6gsp0V3E
Offensive memes ylyl,https://www.youtube.com/watch?v=N3LFYxDY6lw
Tiktok offensive Memes pt 1 Most people will hate to watch 30 #memes #shorts,https://www.youtube.com/watch?v=woXkm-j9hkg
Unbelievable OFFENSIVE TIKTOK MEMES (44): TRY NOT TO LAUGH CHALLENGE 🤣 #funny #ytshorts #viral,https://www.youtube.com/watch?v=lPrv2vTB4oU
If Apex Legends Finishers Had Fatalities #offensive #mk11,https://www.youtube.com/watch?v=TJkEthpWzjU
New Offensive #shorts 🤣🤣,https://www.youtube.com/watch?v=o9sDvV6f7p4
Memes that hurt my brain #memes #offensive #compilation,https://www.youtube.com/watch?v=Awx3lba1niI
Offensive memes that if ylyl v12,https://www.youtube.com/watch?v=ivEuOVOxi9M
Offensive memes,https://www.youtube.com/watch?v=sYy9EeO0tv0
Extremely Offensive Memes 😡,https://www.youtube.com/watch?v=z6Q50dBKAJE
offensive and memes v19.0 #memes #offensivememes,https://www.youtube.com/watch?v=szlAutQ1ns8
Getting offended  #Shorts #Therapy #Change #upset #offensive #insulting,https://www.youtube.com/watch?v=gVy2zE_a21g
offensive memes that if ylyl v177,https://www.youtube.com/watch?v=Yq23rycwAws
WHY Does Freddy Fazbear use the Restrooms in FNAF #offensive,https://www.youtube.com/watch?v=8aPOaZ_Q60M
HURT Maikubi /Counter-Strike: Global Offensive,https://www.youtube.com/watch?v=BEHJIZmF40c
Top 3 most offensive stream moments. #twitchclips #streamer #funnymoments,https://www.youtube.com/watch?v=1eqGX-8Zmqo
You can hurt someone&#39;s feelings[MEME]Something terribly offensive,https://www.youtube.com/watch?v=wvRjO4eVlmc
Offensive memes no.2 ylyl,https://www.youtube.com/watch?v=PB4K-zMIwhE
Offensive memes that if ylyl #12 #shorts #funny #offensive,https://www.youtube.com/watch?v=XgNoIq2o5nw
meaning ( usually people who send rude/offensive texts usually say it BC it hurt them or it will 💖,https://www.youtube.com/watch?v=HT67kMBQ6Bk
Best Offensive Players So Far… (AFC South) 🥶🥇💯🏈,https://www.youtube.com/watch?v=m2isNaQz7IU
Unbelievable OFFENSIVE TIKTOK MEMES (41): TRY NOT TO LAUGH CHALLENGE 🤣 #funny #ytshorts #viral,https://www.youtube.com/watch?v=mnvDCKKSP2w
TRY NOT TO LAUGH | wait for end 🤣🤪 #funnyvideo #reaction #shortvideo #memes #trendingshorts,https://www.youtube.com/watch?v=KRLKUY-RyXw
Offensive Memes From Discord Part 52,https://www.youtube.com/watch?v=wAKZ3rFvUdM
The Most Offensive Words of All Time 😱,https://www.youtube.com/watch?v=nL7e1z5vNXY
Counter-Strike Global Offensive Hurtful Bullets and Witticisms # 1,https://www.youtube.com/watch?v=MADTMsvHJPo
Counter-Strike: Global Offensive - The Hurt Locker (2008),https://www.youtube.com/watch?v=VvZYDVz75Lw
THIS Is The MOST Offensive Joke Ever #shorts,https://www.youtube.com/watch?v=yXBKcx3qKQo
The REAL Reason Why Freddy Ends People in FNAF (offensive),https://www.youtube.com/watch?v=kzMsLDc_7H0
offensive side eye,https://www.youtube.com/watch?v=34_ukkBdLYk
Offensive memes no.1,https://www.youtube.com/watch?v=__WSY7iaQ5w
memes i stole from discord ylyl 6,https://www.youtube.com/watch?v=qPymCl6Knj4
Offensive Memes Compilation #20,https://www.youtube.com/watch?v=xTH37PC98lE
What&#39;s The Most Offensive Word?🤔🤔,https://www.youtube.com/watch?v=XvwTuNuXFzw
Offensive memes from the internet (Part 89) #shorts #memes #funny #comedy #darkhumor,https://www.youtube.com/watch?v=-BcPEu7mUdI
Lickety Split but it has people getting hurt *OFFENSIVE* *TRIGGER WARNING*,https://www.youtube.com/watch?v=n6toJaMqGec
Losing Offensive Coordinator  Here&#39;s Why It Hurts! #detroitlions #nfl #shorts #dancampbell #hurt,https://www.youtube.com/watch?v=GTQLGfdm1Ko
WHY Does Bonnie Hide in the Closet Room in FNAF (offensive),https://www.youtube.com/watch?v=bp1ZjNl-fKM
Pope Francis Apologizes for Offensive Remarks,https://www.youtube.com/watch?v=WM2i_9J5X5E
The REAL Reason Smoke Is An Orphan In Mortal Kombat 1 (offensive),https://www.youtube.com/watch?v=iltFQNyXYRQ
Counter Strike: Global Offensive: Ace - Pro90 Ace without getting hurt,https://www.youtube.com/watch?v=eQ36M-qMgYY
😂offensive fails😂,https://www.youtube.com/watch?v=hKoBiDoweEk
Offensive memes #13 #memes,https://www.youtube.com/watch?v=Uh6sgZ9JrRY
Offensive memes no.3 ylyl,https://www.youtube.com/watch?v=zdIS40IsZ0A
The Eagles have the BIGGEST Offensive Line in the NFL!,https://www.youtube.com/watch?v=WJtzyvwAIWA
Snider Offensive Lineman Shane Hurt Previews Bishop Dwenger Game,https://www.youtube.com/watch?v=_KbjoWtKLJk
thats offensive #meme #viral #roblox #shorts #short,https://www.youtube.com/watch?v=7QwTAZL9f3M
That&#39;s Offensive 😡😲 #funny #jokes #trending #satisfying,https://www.youtube.com/watch?v=nx_hxA1EVmQ
#hurting #released #offensive #betterlife #bitter #love #hater,https://www.youtube.com/watch?v=YuQqG2ry_4A
Aaron Rodgers gets hurt on first offensive series of the Jets season #aaronrodgers,https://www.youtube.com/watch?v=8xaH121UExk
Offensive GTA Online Lobby Hurt My Feelings,https://www.youtube.com/watch?v=XfJiqqWXu84
Offensive Memes I Stole From Discord v4 (Racist) #memes #discordmemes #dankmemes #edit #funny,https://www.youtube.com/watch?v=WPMyqQb1Nzo
"Offensive and defensive transitions,secondary injuries #shortvideo #shorts #trending #tacomafd",https://www.youtube.com/watch?v=s7Qw2l8La0E
Bulaga hurt while Spriggs struggles on Packers&#39; offensive line,https://www.youtube.com/watch?v=-t5pnp_H7BA
How to respond when someone says something harmful/offensive,https://www.youtube.com/watch?v=8Q1pOzF8L6k
The REAL Reason why Roxanne Uses Makeup in FNAF #offensive,https://www.youtube.com/watch?v=dioCyLXwlug
Harvard Rescinded Students Over Offensive Memes,https://www.youtube.com/watch?v=8NB_tsNjWxM
The Most Offensive Memes #shorts,https://www.youtube.com/watch?v=2q4wnAepshA
GETTING HURT - Counter Strike: Global Offensive,https://www.youtube.com/watch?v=A9vu9ys6eaY
कारगिल में भारतीय सैनिकों का offensive | Arma III Machinima,https://www.youtube.com/watch?v=wMazSssIgLg
Offensive Jokes😂😂😂#shorts #gaming #funny #rocketleague,https://www.youtube.com/watch?v=gUYEvOgvNB4
The Most Offensive Joke Ever Told On Big Fat Quiz #Shorts,https://www.youtube.com/watch?v=4Gb7M3Q5zEM
Offensive Memes That&#39;ll Hurt Your Funny Bone,https://www.youtube.com/watch?v=IywNtj0hYWs
Does Falling Hurt? ARABIC EDITION (This video may be offensive for some people),https://www.youtube.com/watch?v=vicfConiXfM
Preventing offensive or hurtful behavior into the maritime workplace,https://www.youtube.com/watch?v=F5cEz5rh9VA
Postgame Analysis: Offensive Woes Hurt In Loss To Richmond,https://www.youtube.com/watch?v=JyFMY81qRb0
#kahoot #blooket #offended #Offensive #joke #meme i’m sorry about the joke read pin comment.￼￼￼,https://www.youtube.com/watch?v=esHTZFD9CVg
This is offensive.,https://www.youtube.com/watch?v=8sTqkgAQxYo
"How to respond to RACISM - [Responding to racist, offensive and hurtful language]",https://www.youtube.com/watch?v=hhwJYet3bYI
Offensive Memes From Discord Part 50,https://www.youtube.com/watch?v=lLKKgTvHZWk
Offensive memes,https://www.youtube.com/watch?v=LtH3KLLlCo4
Patriotic Hurt Bomb! - Uncle Sam (OFFENSIVE: Episode 24),https://www.youtube.com/watch?v=PPgtTWZVrc8
Can Offensive Language Hurt a College Essay?,https://www.youtube.com/watch?v=ruDU07wbo7o
Steelers nation love to blame offensive coordinator #nfl #shorts,https://www.youtube.com/watch?v=Nvld9mPNFZg
Harmful and offensive content (4),https://www.youtube.com/watch?v=j5m2_9kezME
Yandere&#39;s are Offensive and Harmful,https://www.youtube.com/watch?v=ZT6Tvqgawi0
Painful Offensive Fouls,https://www.youtube.com/watch?v=9Eoi1dJRE9A
Counter-strike Global Offensive | dont hurt the walls,https://www.youtube.com/watch?v=0qnItY_kF4M
MY FRIEND RUINED SWITCH SPORTS! #shorts #offensive,https://www.youtube.com/watch?v=i3NXFDtTRiI
OFFENSIVE MEMES PART 12,https://www.youtube.com/watch?v=xyv-x9hUQvE
Will offensive Puerto Rico remarks hurt Trump&#39;s chances? | Ian Bremmer | World in :60,https://www.youtube.com/watch?v=c6jQcLG5ba8
[ENG SUB] An offensive comment appeared on Kanae&#39;s chat which hurt and frightened him | Kanae,https://www.youtube.com/watch?v=oHmXFlEmt7w
Truly offensive memes Pt: 1 #memes,https://www.youtube.com/watch?v=2S-XpamRPag
"Hey, that’s offensive new meme ￼",https://www.youtube.com/watch?v=-FEPjlinnvA
This Girl TRANSFORMED! 🧟‍♀️➡️👩✨ Her Bike is Next Level! 🏍️🔥 #shorteo #halloween #shortsfeed,https://www.youtube.com/watch?v=Mi7vrLl9WlI
Funniest Offensive Memes,https://www.youtube.com/watch?v=Ll-atADHqSI
Counter-Strike Global Offensive Hurtful Bullets and Witticisms # 3,https://www.youtube.com/watch?v=lFx8jpUAvMI
Offensive memes that if ylyl,https://www.youtube.com/watch?v=524z9tS25ls
"Word of the day &quot;Offensive&quot;, #englishplanet786 #viralvideo #shortvideo #shortstories #shorts #short",https://www.youtube.com/watch?v=lDcUhdS9Gac
Russian OFFENSIVE in the South COMPLETELY EXHAUSTED After One PAINFUL WEEK. Tank COALITION ANNOUNCED,https://www.youtube.com/watch?v=f1EdGTC3jJM
FED UP WITH DISRESPECT! Take Down That OFFENSIVE Sign Now! #racialequality #blacklivesmatters,https://www.youtube.com/watch?v=pe_d6CvUq9E
Why Doing Accents Can be Offensive and Harmful,https://www.youtube.com/watch?v=MXdt4FiELfw
Offensive Memes From Discord pt46,https://www.youtube.com/watch?v=_FIxKiypads
Offensive Memes From Discord pt48,https://www.youtube.com/watch?v=dHDgHIixBQY
daily offensive memes v6 #funny #memes #offensivememes #shorts,https://www.youtube.com/watch?v=R2YdSOouTts
"‘SNL’ Boots Shane Gillis After “Offensive, Hurtful and Unacceptable” Remarks  - News",https://www.youtube.com/watch?v=kMa0m7OY0cE
Trump Mugshot speaks. #love #funnymemes #memes #funny #offensive #dank #trending #fun #trump,https://www.youtube.com/watch?v=QL5ZBui7OMw
&quot;It&#39;s precisely when humor is offensive that we need it most! Comedy should provoke!,https://www.youtube.com/watch?v=KcE3XarFTYc
Twitter Wants To Tell You When You&#39;re &quot;Offensive &amp; Hurtful&quot;,https://www.youtube.com/watch?v=XXuKNRZdSWU
Wwe offensive moment,https://www.youtube.com/watch?v=DCB8jlRToIA
Offensive struggles hurt Holy Name in loss to Elida,https://www.youtube.com/watch?v=S8tbU6r-Frk
Why Saying &quot;No Offense&quot; Is Just Plain Offensive,https://www.youtube.com/watch?v=M4xM_RqwV8Y
Counter-strike Global Offensive Da Old Dude Bottom Fragging with a Hurt Hand,https://www.youtube.com/watch?v=g_rKtwJ4rzg
Offensive nickname of Princess Catherine #katemiddleton #princewilliam #royal #britishroyal,https://www.youtube.com/watch?v=NGYuu3SBnDA
Does Having Big Men Shoot Threes Hurt Your Offensive Rebounding?,https://www.youtube.com/watch?v=dFgAu2fMBNg
Harmful and offensive content (4),https://www.youtube.com/watch?v=mYisqMloaXc
Reality is now an Offensive Gaming Stereotype - E3&#39;s &quot;HARMFUL&quot; List,https://www.youtube.com/watch?v=13ZZTy_md-g
The Seahawks’ new offensive philosophy won’t hurt the team’s defense (on The Brian Noe Show),https://www.youtube.com/watch?v=pmV78aEL548
Rodney Hood: &quot;They really hurt us on the offensive rebounds&quot; | Trail Blazers at Rockets,https://www.youtube.com/watch?v=FFx5JXjpwgU
What Happened to Her?! 🧟‍♀️➡️👩✨ This Transformation is INSANE! 🏍️🔥 #shorteo #halloween #shortsfeed,https://www.youtube.com/watch?v=Uy3TzMgXndI
"&quot;Offensive&quot; communications, hurt feelings and absurdity of English law",https://www.youtube.com/watch?v=mNfOI9t8axg
Trump Threatens Turkey with Consequences if Civilians Hurt in Offensive on Kurds,https://www.youtube.com/watch?v=QtTVS9KJsis
Interview with S.P. Parish Undated WARNING!! May have Offensive or Harmful Language,https://www.youtube.com/watch?v=3CCnbnYlans
I blame the mop lady #youtubeshorts #collegebasketball #shorts #cooperflagg @DukeMBB,https://www.youtube.com/watch?v=h8DlLJzwTJ8
Offensive/Dark Memes I Found on Discord: Part-5,https://www.youtube.com/watch?v=61C1vig3kZI
Memes unlawfully obtained by Mr.Glooba #memes #offensive #funnymemes,https://www.youtube.com/watch?v=OMaqAD_P_nk
This is offensive.,https://www.youtube.com/watch?v=MoDy1gdZH_Q
offensive memes / try not to laugh v12 #memes #funny #offensive #funnymemes,https://www.youtube.com/watch?v=XBvIwIt5rQk
Comedian&#39;s Offensive Jokes Criminalise and Perpetuate Harmful Stereotypes Against Adivasis.,https://www.youtube.com/watch?v=-94sVWL-L5M
no offensive but she fakes being hurt,https://www.youtube.com/watch?v=ftQJp2oE9dQ
Dave Chappelle | The Real Offensive Part Of Chris Rock Slapped #shorts,https://www.youtube.com/watch?v=foD1clLryTI
Why is the N Word Still So Offensive Today?,https://www.youtube.com/watch?v=tFU0sxxCzt4
Giants’ Offensive Line Struggles Lead to Painful Setback Against Eagles,https://www.youtube.com/watch?v=A8JAuq5Apxo
[adj] Offensive meaning (insulting) with 5 examples,https://www.youtube.com/watch?v=TmUuNFNYbCg
WHY is Mag Maggie A Criminal In Apex Legends #offensive,https://www.youtube.com/watch?v=-JyFcHncQDw
Funny OR Offensive ?  Doritos Ultrasound Baby Super Bowl Ad,https://www.youtube.com/watch?v=iAffWCB1ZRI
Defensive &amp; Offensive Player. #rocketleague #rocketleaugueclips #rocketleaguegoals,https://www.youtube.com/watch?v=NxYgEtU2_P0
‘Bachelorette’s Garrett Yrigoyen Apologizes For Liking Offensive Memes: ‘I’m Not Perfect’,https://www.youtube.com/watch?v=PoyC715TAgM
Old family guy was a different place #familyguy #offensive,https://www.youtube.com/watch?v=7c3zWPbdoLA
BRUTAL PEOPLE HURT DOG.why people are so offensive why do you hurt innocent dog why Please be kind!,https://www.youtube.com/watch?v=RDKHgMnU0lI
Exclusive Syria Interview Reveals Brutality of Turkish Offensive,https://www.youtube.com/watch?v=FTdtyLN9-qo
&quot;So Offensive&quot;: Megyn Slams Sunny Hostin For Saying &quot;Uneducated&quot; Americans are Voting More For Trump,https://www.youtube.com/watch?v=DIHpsCLfxX4
How offensive are you?,https://www.youtube.com/watch?v=kgOl9MCy6Qw
The REAL Reason Why Foxy Has A Hook In FNAF  #offensive,https://www.youtube.com/watch?v=2v0OwZhcrqg
Shein apologizes for selling hurtful and offensive swastika necklace claims it was Buddhist symbol 2,https://www.youtube.com/watch?v=RHO77yWDTqs
HURT LOCKER - Counter Strike: Global Offensive - Competitive Matchmaking #1,https://www.youtube.com/watch?v=Pd0PLF3MH3E
Grade The Offensive Line’s Performance Vs. The Bills #shorts #ravens,https://www.youtube.com/watch?v=DpI3vGmJpl0
Offensive memes #memes #offensivememes,https://www.youtube.com/watch?v=qtLNqaknrSk
the offensive memes ylyl PT.7,https://www.youtube.com/watch?v=ztDdmoWYUbo
The REFS and the OFFENSIVE LINE cost the HOUSTON Texans in KC,https://www.youtube.com/watch?v=euQ-aTRRs7Q
Far Left Activist Says the word &quot;Terror&quot; Is Offensive Because Muslims May Have Hurt Feelings,https://www.youtube.com/watch?v=NojoND62sG4
offensive memes lvl VERY hard PT.2,https://www.youtube.com/watch?v=p_66uBEpuIA
Daz Watches It&#39;s Wrong If You LAUGH | Offensive,https://www.youtube.com/watch?v=w0vS9bV-gNg
Undead to Unstoppable! 🧟‍♀️➡️👩✨ You HAVE to See This Bike! 🏍️🔥 #shorteo #halloween #shortsfeed,https://www.youtube.com/watch?v=f8TGdjaqrCU
Offensive Memes From The Internet part 7,https://www.youtube.com/watch?v=1aXXAGhBcrM
when I make an offensive joke 🤣 😂  people,https://www.youtube.com/watch?v=s9RDY3hETFw
offensive memes that are funny #memes,https://www.youtube.com/watch?v=3GSHdCF43Uc
Maximizing Depth in the NFL: The Importance of a Solid Offensive Line,https://www.youtube.com/watch?v=JRB_yENnXQ8
I HAVE TO KEEP IT REAL ABOUT THE MINNESOTA VIKINGS OFFENSIVE LINE!!!#SKOL #minnesotavikings #NFL,https://www.youtube.com/watch?v=qY3bNfx-uY0
The truth can be painful and offensive – The Cross and the Crescent Discussion Group,https://www.youtube.com/watch?v=HjNEBYWwp_0
Bobby Dixon: &quot;A couple of bad mistakes and the offensive rebound hurt us&quot;,https://www.youtube.com/watch?v=odlDZ9YpUnY
Houston Texans Stumble in Painful Loss to Jets | Offensive Woes &amp; Play Calling Concerns,https://www.youtube.com/watch?v=U6MHxTnPdcE
"TikTok Holocaust trend hurtful and offensive, says Auschwitz museum",https://www.youtube.com/watch?v=KitS0QBAqSI
Lizzo changes &#39;harmful&#39; lyrics in new track Grrrls over offensive ableist slur,https://www.youtube.com/watch?v=XoUwkQISPDA
"#meowbahh🤡 Thats rude , offensive and very hurtful",https://www.youtube.com/watch?v=VXnjIxev20c
Unbelievable OFFENSIVE TIKTOK MEMES (39): TRY NOT TO LAUGH CHALLENGE 🤣 #funny #ytshorts #viral,https://www.youtube.com/watch?v=FuTlj9NgS_o
"Pep Almost Perfect, Offensive Explosion, Grove is Back, Hurt is Unhittable &amp; More on DD 9-8-23",https://www.youtube.com/watch?v=uELcZ1plnSY
TRY NOT TO LAUGH | wait for end🤣🤪#funnyvideo #memes #funnyshorts #dankmemesreaction #shorts,https://www.youtube.com/watch?v=HnENzDkIfUc
I hurt myself pretty badly... | Most offensive video?,https://www.youtube.com/watch?v=nBdDbHgdY-A
WWE Makes Their Own Offensive and Dank Meme! #shorts,https://www.youtube.com/watch?v=-Ag23haZLRo
Somewhat offensive memes on my phone 41,https://www.youtube.com/watch?v=Jt75O6ugJDk
Chris Simms&#39; Drew Brees Slander is Offensive and Hurtful,https://www.youtube.com/watch?v=6uhstGmy03U
CSGO but my teammates ego gets hurt (Counter Strike Global Offensive),https://www.youtube.com/watch?v=K5dq_yByMqk
so offensive 😭😭,https://www.youtube.com/watch?v=YPFxvgESknE
Offensive Memes that if ylyl,https://www.youtube.com/watch?v=4Ot3WxpV6xk
The End 🗣️🗣️ #freefire #freefireshorts #shorts,https://www.youtube.com/watch?v=zzHsjPxdtMo
Is Offensive Speech Justifiable Within Legal Boundaries?,https://www.youtube.com/watch?v=Q1KERaRJxrA
Asking Longhorns Offensive Tackle What Would Have Happened if Colt Hadn’t Gotten Hurt #shorts,https://www.youtube.com/watch?v=HhrIiXzpE3I
offensive memes ylyl PT.5,https://www.youtube.com/watch?v=MUp8Y4uwrAA
Will Matt Nagy Handling Chicago Bears Offensive Play Calling Help Or Hurt?,https://www.youtube.com/watch?v=blBfbOxLUn8
Offensive Memes From Instagram 39,https://www.youtube.com/watch?v=hoDTxn7jjZc
Top 5 Brutal Most Offensive Stand Up Jokes,https://www.youtube.com/watch?v=0irkH7mOCAI
Daz Watches The Most Offensive Videos Ever,https://www.youtube.com/watch?v=zItuJg8hsGc
Offensive comments won&#39;t hurt you,https://www.youtube.com/watch?v=zDoIq5yQnFQ
"CS:GO - Thanks Dad, Painful Touch (Counter Strike Global Offensive - Competitive Matches) EP 27",https://www.youtube.com/watch?v=kGm8OCHh0RM
How To Overcome Offensive Words #motivation #words #goals,https://www.youtube.com/watch?v=nK4e7zt-5fs
"Shein apologizes for selling hurtful and offensive swastika necklace, claims it was Buddhist symbol",https://www.youtube.com/watch?v=QqIfTQwBZAo
The NBA&#39;s Top 10 Offensive Players EVER,https://www.youtube.com/watch?v=vvRJVerSeBY
my ears hurt my head hurts | Counter-Strike: Global Offensive,https://www.youtube.com/watch?v=BcwLkdT58RU
Miami Dolphins have offensive weapons but several things could hurt them,https://www.youtube.com/watch?v=h-jt91iQnP8
FIRST THINGS FIRST | Nick Wright CONCERNED Philadelphia Eagles INJURIES Could Hurt Them,https://www.youtube.com/watch?v=cdiD01lzdR0
Offensive Memes From Discord Part 51,https://www.youtube.com/watch?v=rW29aIalgHQ
Hurt BEYOND WORDS OFFENSIVE CHOKED!! Spags was GREAT! #shorts #kansascitychiefs,https://www.youtube.com/watch?v=reVGLnKsDKw
🎃🤢🎃 Evolution cosplayer zombie 🧟➡️ everyday women&#39;s outfit #shortsfeed #aigenerated #shorteo,https://www.youtube.com/watch?v=aSc9Qj4yDkk
POV: When Cancel Culture Finds Minecraft #offensive,https://www.youtube.com/watch?v=Ye0IHM646bE
ASMR || “You’re Hurt… Let Me Take Care Of You!” War Nurse Patches You Up After You&#39;re Wounded In War,https://www.youtube.com/watch?v=0z3oUZklAII
Jets Offensive Lineman Goes down in PAIN!! Ouch! #hurt #lineman #nfl #football #injury,https://www.youtube.com/watch?v=oPPV8Af1lXs
Random offensive memes I found in Scotland. #memes #funny #offensivememes #ylyl,https://www.youtube.com/watch?v=AH-_vH9fGN0
"WOW, THAT&#39;S OFFENSIVE!",https://www.youtube.com/watch?v=mi2ijtnoHVI
Old School Andrew Dice Clay at his Offensive Best,https://www.youtube.com/watch?v=9l4JpI0nwf8
Offensive Xmas 2022 w/ STICKY DOLL #shorts,https://www.youtube.com/watch?v=gFlnYY7Ps88
&#39;Bachelorette&#39; Frontrunner Apologizes for &quot;Hurtful and Offensive&quot; Social Media History | THR News,https://www.youtube.com/watch?v=B4v_8MGFGkY
Invincible Before And After His Breakup,https://www.youtube.com/watch?v=EUogQ9LvW88
🦠😡🦠 Evolution cosplayer zombie costume 🧟➡️ everyday women&#39;s outfit #shorteo #aigenerated #shortsfeed,https://www.youtube.com/watch?v=q2kvJO6CeVA
Colossal Pro Wrestler Fights College Offensive Lineman,https://www.youtube.com/watch?v=ToIPqR9evCY
Painful! Try not to laugh Offensive Meme Edition! We are Cancelled!,https://www.youtube.com/watch?v=JBI8ppkdSlI
Wicked’s Cynthia Erivo slams fans for &#39;offensive&#39; edits to movie poster | #shorts #yahooaustralia,https://www.youtube.com/watch?v=z90AJdYO21M
〘Counter-Strike: Global Offensive〙Please Don&#39;t Hurt Me!,https://www.youtube.com/watch?v=uxNmaCanOts
Jennie Nguyen Apologizes for ‘Offensive’ and ‘Hurtful’ Past Facebook Posts Amid Backlash || RHOSLC,https://www.youtube.com/watch?v=dy45h0L8i9c
MOST OFFENSIVE PLOT TWIST EVER 😂 #shorts,https://www.youtube.com/watch?v=heuwmGWZXfY
The Battle of the Bulge | Hitler’s failed Ardennes Offensive,https://www.youtube.com/watch?v=IgU5PRc9glw
Offensive Memes From Discord pt45,https://www.youtube.com/watch?v=BhiG9osDpJY
Offensive drought continues as Hornets drop 5 straight and Hayward hurt in 116-101 to Raptors 🥲🥲,https://www.youtube.com/watch?v=IWId_cVwjXM
TRY NOT TO LAUGH | wait for end 🤣🤪 #funnyvideo #trynottolaugh #shorts #reaction #memesdaily,https://www.youtube.com/watch?v=GSH2EVOcn2U
offensive meme compilation v7 #shorts #funny #memes #laugh #fail #cars #instagram #ylyl #anime#phonk,https://www.youtube.com/watch?v=XsgGXzgPvMk
6 Comedians Who Got In Big Trouble For Offensive Jokes,https://www.youtube.com/watch?v=nWDk_ihFWYQ
What Your VALORANT Main Says About You Part 2 #offensive,https://www.youtube.com/watch?v=3Umr6Zl0VsI
"The Seahawks Patient Approach to the Offensive Line | Painful Now, Dividends Later",https://www.youtube.com/watch?v=-QtDRmsfuKo
Why blocks need to be offensive in street fighting (Self defense) #shorts,https://www.youtube.com/watch?v=Yvw8PKoSgSw
Caleb Williams gave millions to his offensive lineman! #shorts #nfl #calebwilliams,https://www.youtube.com/watch?v=w6mtqK0UbaI
Harsh Gujral Faces Backlash Over Offensive Comment on Russian,https://www.youtube.com/watch?v=x76x_N1VOME
"Herbosa on being &#39;insensitive, offensive&#39;: I apologize if I hurt people; I&#39;ll be more discerning",https://www.youtube.com/watch?v=If7WGYoqUtg
What’s the Most Offensive Word? | Keep it 100 | Cut,https://www.youtube.com/watch?v=8EeYl1wt5YI
I pretended NOT to receive an offensive GIFT… #shorts,https://www.youtube.com/watch?v=wvhmUbgJsC4
Les offensive advancing,https://www.youtube.com/watch?v=Y3MvivtI5UA
Unsure if my friend’s costume was offensive or just a mistake.,https://www.youtube.com/watch?v=5j5X4nTN4yE
Memes From Instagram #19 | #memes #shorts *OFFENSIVE CONTENT WARNING* ⚠️,https://www.youtube.com/watch?v=9FmwIFv28g0
offensive meme compilation v11 #shorts #funny #memes #laugh #fail #cars #instagram#ylyl #anime#love,https://www.youtube.com/watch?v=gxpdHLJyhco
"MF Husain Painting Seized By Delhi Court, Complaint Calls Them &quot;Offensive&quot; |Firstpost Spotlight|N18G",https://www.youtube.com/watch?v=W__pbSZpHdk
Stanford Replaces Offensive Words,https://www.youtube.com/watch?v=YHurQCT1S8U
Racism is harmful not only offensive 140222 1,https://www.youtube.com/watch?v=kH6-BcRJZn8
Imoran Fun Tani Olohun Lori Oro Esin Yoruba - Sheikh Aniyikaye Gbaa Tani Olohun Ni Imoran Alagbara,https://www.youtube.com/watch?v=Zqxnc3BpC0E
Question 3(1 point) An intentional tort that involves harmful or offensive touching of another a Tre,https://www.youtube.com/watch?v=0vTq8XQrwqI
memes i stole from discord ylyl 7,https://www.youtube.com/watch?v=eg1xBEf_lNo
Why Morgan Freeman Wears Earrings?,https://www.youtube.com/watch?v=-M67WrHwBiY
Cool Detail in Captain America Civil War (Hindi),https://www.youtube.com/watch?v=BiIt2Vab-HU
How to pronounce Offensive,https://www.youtube.com/watch?v=JNEQSbvPHsc
"Andrew | nah, the quality is dead asf, so as the admin&#39;s prime | Without Me Edit | #tasm",https://www.youtube.com/watch?v=gyuBzZPIqdE
Unnecessary Talking - Harmful and Offensive - प्रजल्प - हानिकारक और आक्रमक,https://www.youtube.com/watch?v=oYMEYVpGmIM
Spider-Man Builds His Own Suit… and Makes a HUGE Mistake!,https://www.youtube.com/watch?v=tfdyT1vMrqQ
"Two months on, Donbas soldiers begin to question Kursk offensive",https://www.youtube.com/watch?v=HM-fN_h6EAg
I punished my son for his offensive comment—is that wrong?,https://www.youtube.com/watch?v=f0u3LBDtwz8
When Haikyuu Met Kuroko no Basket,https://www.youtube.com/watch?v=JMOJiHdwFZI
Offensive stickers pop up in downtown Mount Clemens; community promotes inclusion,https://www.youtube.com/watch?v=senqEsnYDZY
Bitadze: &#39;Those offensive rebounds really hurt us...I think we fought well&#39;,https://www.youtube.com/watch?v=zTO-oTxvLz8
How to Deal with Offensive Comments as an Empath #ehspcoach,https://www.youtube.com/watch?v=4s9sXoDQfX8
How to pronounce Offensive,https://www.youtube.com/watch?v=M-iSQv8Xsbs
How to pronounce Offensive,https://www.youtube.com/watch?v=Bs-mCdBbkvM
Loki&#39;s Illusion in Infinity War,https://www.youtube.com/watch?v=4T1QKZk9HSA
Some offensive memes and a little painful part 6,https://www.youtube.com/watch?v=LLBIRi5FLRY
WHY this HERO has EVIL in his name?,https://www.youtube.com/watch?v=rZs3ZVJYCjM
Wait for it!! Girls VS Boys #snowiegaming #snowiesways #trending #trendingshorts #shorts #ytshorts,https://www.youtube.com/watch?v=7L0boFj5Qm8
"The Most Offensive Comic, Leonarda Jonie  | The Roseanne Barr Podcast #86",https://www.youtube.com/watch?v=Rggx-3ZF3gU
Princes Harry and Princes William Deny &#39;Offensive and Potentially Harmful&#39;  Reports Brotherly Feud.,https://www.youtube.com/watch?v=co1EoY77Flw
Michael Jackson wanted to play Spiderman,https://www.youtube.com/watch?v=Fsi2VwKDupQ
W2S OFFENSIVE MOMENTS!,https://www.youtube.com/watch?v=rJ3KVUCsSP4
#federer is an offensive genius!! #tennis #citiopentennis #francestiafoe #tennisstrat #tennissecrets,https://www.youtube.com/watch?v=oEVqwpVnwb0
Why Offensive Line Health Could Hurt Jay Ajayi for NFL DFS in Week 12,https://www.youtube.com/watch?v=QUKRaBao4aM
How To Respond To Offensive Behavior?    SD 480p,https://www.youtube.com/watch?v=4nXwzTpPt3k
Does Ukraine’s Offensive Mission In Russia Hurt Their Chances Of Getting Into NATO?: Expert Explains,https://www.youtube.com/watch?v=jyRtKg8_WDA
FIRST TAKE| Jalen Hurts made the haters Butt-Hurt! - Shannon on Eagles beat Chiefs to win Super Bowl,https://www.youtube.com/watch?v=ayB15hscGMA
The Most Offensive Memes,https://www.youtube.com/watch?v=i-KVOu8KHEc
Jimmy Carr - His Most Offensive Joke Ever,https://www.youtube.com/watch?v=N7UVYwQz5_g
funny offensive memes ylyl v22 | #shorts#funny #memes#laugh #fail#cars #instagram #ylyl #anime#phonk,https://www.youtube.com/watch?v=ImVH0rWUJuY
Conor McManus | Offensive mark could hurt attacking football,https://www.youtube.com/watch?v=9nmi-wIN8Ac
OFFENSIVE MEMES FOR 41 MINUTES... Rainbow Six Siege,https://www.youtube.com/watch?v=uwhEEr2tfoo
The Boys Most Offensive Video,https://www.youtube.com/watch?v=BfMD9dWJprQ
Best of Quagmire (Not for snowflakes) Offensive Family Guy,https://www.youtube.com/watch?v=zEisIBkBZUM
Floyd Mayweather vs Corley BEST OFFENSIVE MOMENTS,https://www.youtube.com/watch?v=czDKg6fNcJE
painful canter strik: globus offensive,https://www.youtube.com/watch?v=gTbYFpVDYzs
30 Minutes of OFFENSIVE Goons Moments,https://www.youtube.com/watch?v=UTGwnLbFnts
HARMFUL OR OFFENSIVE CONDUCT ASSAULT N BATTERY WHAT CONSTITUTES UR GUILT INJURY DAMAGES INSULT,https://www.youtube.com/watch?v=BpeNjvOfr0A
Family Guy&#39;s MOST OFFENSIVE MOMENTS!,https://www.youtube.com/watch?v=JhTIJwCV7is
Offensive Words,https://www.youtube.com/watch?v=Fny-FCL-nyE
🚫STOP BODY SHAMING ❌ Fat And Skinny Shaming Are Both Offensive/Hurtful #iweight,https://www.youtube.com/watch?v=h38f3KywZT0
How the Philadelphia Eagles Built One of the GREATEST OFFENSIVE LINES in NFL History,https://www.youtube.com/watch?v=c9ovHc0pTE0
offensive meme compilation v6 #shorts #funny #memes #laugh #fail #cars #instagram #ylyl #anime#phonk,https://www.youtube.com/watch?v=-NLuIL0m29A
Emergency Pod! Virginia Tech Loses Offensive Coordinator Tyler Bowen to Ohio State,https://www.youtube.com/watch?v=cZ-oDz6zPe4
askreddit |What offensive things do the majority of women do that  unknowingly or knowingly hurtful?,https://www.youtube.com/watch?v=0z12CdAvfo4
offensive fortnite moments,https://www.youtube.com/watch?v=ck8qENTQIqc
offensive memes that if ylyl v276,https://www.youtube.com/watch?v=qKQk-6qY2As
Offensive Memes From Discord Part 49,https://www.youtube.com/watch?v=ysYhmwFF0Xo
Why Investing in Offensive Line is Crucial for NFL Success,https://www.youtube.com/watch?v=-KVcmpoVdBE
Jeff Saturday: Patriots Offensive Line is AMONG The WORST in Recent Years in The NFL,https://www.youtube.com/watch?v=7BNn1BubgGQ
Native American: &#39;It was Offensive to Me&#39; | Dr. Anton Treuer,https://www.youtube.com/watch?v=4YRkVIEyvNA
Offensive Petition Prank!,https://www.youtube.com/watch?v=rKet8z3S1r0
OFFENSIVE MEMES PT1,https://www.youtube.com/watch?v=qMXR6yP8o_I
The Dark Side of Roman Power: Joe Rogan on Jesus&#39; Crucifixion #ilovejoerogan #joeroganexpereince,https://www.youtube.com/watch?v=uxsUCf5E22k
"Cynthia Erivo Says &quot;Wicked&quot; Fan-Edited Poster Is the &quot;Wildest, Most Offensive Thing I Have Seen&quot;",https://www.youtube.com/watch?v=R66g0H6_Q7Y
4 HOURS OF OFFENSIVE SIDEMEN REACTS TO FALL ASLEEP!,https://www.youtube.com/watch?v=uhZj8Wsx8eI
offensive memes that if ylyl,https://www.youtube.com/watch?v=LZHoXdmg5V0
Cincinnati Bengals offensive line is going to get Joe Burrows hurt,https://www.youtube.com/watch?v=16v8fvVufYc
The REAL Reason Why Crypto Is WANTED in Apex Legends #offensive,https://www.youtube.com/watch?v=3hTSJeIT2uM
Neo-Nazi group demonstrates over I-75,https://www.youtube.com/watch?v=OMqKBH4c-gQ
PF Jung reacts to your deeply hurtful comments,https://www.youtube.com/watch?v=ULqJReR5-Ow
The Longest Running Anime Ever Made,https://www.youtube.com/watch?v=6B5RIvGsLGg
Offensive memes that ROCK🥊  #anger #angry #losingit,https://www.youtube.com/watch?v=HvPsY9DWOoA
CURSED JOKES PART 1 #comedy #funny #cursed #edgy #offensive,https://www.youtube.com/watch?v=QxS8-E6OU7Y
Michael Jackson Wanted To Play Spiderman (Hindi),https://www.youtube.com/watch?v=SLyjpQBoZHM
The Complicated Psychology of the Most OFFENSIVE Character on TV,https://www.youtube.com/watch?v=O2C2zMtYyTc
the boys most offensive video ever,https://www.youtube.com/watch?v=uwDuGLBZ408
Who Is The NFL Offensive Rookie Of The Year? 🤔🏆 #shorts,https://www.youtube.com/watch?v=uSjisGArn7s
Language and the catalogue: Offensive terminology in archival descriptions,https://www.youtube.com/watch?v=XWoPUHQMqDQ
OUR MOST OFFENSIVE VIDEO YET,https://www.youtube.com/watch?v=gNtkuvT5mDQ
Sudhanshu Trivedi #roast 😉#congress #rahulgandhi |Shorts|#sudhanshutrivedidebate #viral #shorts #bjp,https://www.youtube.com/watch?v=g2DUw1MFu0A
Wife Is Incharge 😄 | Funny video #shorts #funny,https://www.youtube.com/watch?v=yC8iN0uNfoU
Ronaldo&#39;s Massive Mistake After Messi&#39;s Generous Gift,https://www.youtube.com/watch?v=u3T3FlfYgEQ
Sneak peak (?) #art #drawing #funny #dandysworld | ( READ DESC ) | #fyp #viral #vee #enjoy,https://www.youtube.com/watch?v=E380uanyN9I
offensive meme compilation v14 #shorts #funny #memes #laugh #fail #cars #instagram#ylyl #anime#phonk,https://www.youtube.com/watch?v=Pa5Uby7p8rY
The Most Offensive Ads Ever Made,https://www.youtube.com/watch?v=dwyxM5iHQK4
Offensive Memes From Instagram,https://www.youtube.com/watch?v=-WtcVzu8I5c
"Todd Gurley | NFL Offensive Player of the Year, CRAZY origin stories, Aaron Donald, and more",https://www.youtube.com/watch?v=Mx78pWsHboY
Most Offensive Family Guy Moments,https://www.youtube.com/watch?v=6Y_ppNKVEiE
Matt LaFleur describes how slow offensive start and late miscues hurt the Packers | Press Conference,https://www.youtube.com/watch?v=5E9ZnPsMgMI
Offensive South Park Moments,https://www.youtube.com/watch?v=KUAU-RQOojM
fresh offensive memes if ylyl v190,https://www.youtube.com/watch?v=RU_wLjKJQkc
"Introducing the &quot;VitaWear SmartBand,&quot;&#39; a next-generation wearable gadget #shorts 😍",https://www.youtube.com/watch?v=nlQWW0Klh8c
School Me Bhoot 🥶 | Funny video #shorts #funny,https://www.youtube.com/watch?v=nFBMoNCKTvk
Eagles have one of the best offensive lines in NFL history | Dan Patrick Show | NBC Sports,https://www.youtube.com/watch?v=J7K7TylOuJo
No rude offensive words | Educational tween story | respectful | manage frustration express properly,https://www.youtube.com/watch?v=c3FVv8hMIzA
Offensive memes i found on discord v1,https://www.youtube.com/watch?v=ZtEiz_tm9oQ
💀 HIGHLY OFFENSIVE RAINBOW 6 SIEGE MOMENTS 💀,https://www.youtube.com/watch?v=wHrWPS7JCGo
20 Minutes of Offensive South Park!,https://www.youtube.com/watch?v=CfaTT3D6tyY
&quot;We should do offensive Jihad when we become majority muslim population...wait 50 more years&quot;,https://www.youtube.com/watch?v=pSs5EpdM0YA
Offensive memesthat if ylyl,https://www.youtube.com/watch?v=CXET8F_CQKc
Did the German Hürtgen Forest defence delay the Ardennes offensive? #ww2 #militaryhistory,https://www.youtube.com/watch?v=bjVHhpcwg3c
SOUTH PARK&#39;S MOST OFFENSIVE JOKES,https://www.youtube.com/watch?v=6Cy7l53flZ4
Pittsburgh Steelers 3 Round Mock Draft | Steelers Replace Offensive Weapons,https://www.youtube.com/watch?v=zYEsvN4AnBc
Marcus Lattimore is an even bigger legend off the field than he was on one. Check out the full pod,https://www.youtube.com/watch?v=Ur7MJ_UsRak
#sudhanshutrivedi#anuragbhadauriya#delhielection2025#bjp#congress#aap #newshorts #trending #shorts,https://www.youtube.com/watch?v=Ok9mL6vIuVM
offensive memes that i found. #meme #memes,https://www.youtube.com/watch?v=WSc0RPKwxBI
offensive memes that if ylyl v9,https://www.youtube.com/watch?v=H2Tx4OB61Hg
MEMES I FOUND ON DISCORD pt 17  #memes #offensive #memeshorts #funny #offensivememes #memesbutifylyl,https://www.youtube.com/watch?v=JrvpoMSKTso
Nolan Smith on Retirements of Jason Kelce and Fletcher Cox #nfl #nflfootball #nflnews #eagles,https://www.youtube.com/watch?v=15odkJstutM
Cheppey gap lo padipoyayi #snowiegaming #snowie #trendingshorts #trending #shorts #ytshorts #comedy,https://www.youtube.com/watch?v=ZLyB0Tzki84
Toxic and Offensive In-Laws | FULL EPISODE | Dr. Phil,https://www.youtube.com/watch?v=Ghy8qqnOSkg
Hat Me Aya Nahi 😄 | Funny video #shorts #funny,https://www.youtube.com/watch?v=Y5RoOToeaoU
12 Times the Offensive Line...Offended Al Bundy&quot; | Married... With Children | COZI Dozen,https://www.youtube.com/watch?v=ee0DgiU9Cho
You Laugh She Not With You! | Offensive Memes,https://www.youtube.com/watch?v=G8qcGwSuK3I
offensive memes compilation,https://www.youtube.com/watch?v=6FcvTENQFWc
SIDEMEN OFFENSIVE WOULD YOU RATHER,https://www.youtube.com/watch?v=xhzvL0lZ1DM
Why You Have To Play All 5 Positions As A Offensive Lineman | Crafting Lineman With Torrian Wilson,https://www.youtube.com/watch?v=xNBRmVCV6fE
Dark humor Offensive jokes Family Guy Compilation (not for snowflakes),https://www.youtube.com/watch?v=sHK1im463EQ
Are the Minnesota Vikings Worried About Their Offensive Line? – Episode 264,https://www.youtube.com/watch?v=b_sK4s_ovqs
"Jalen Hurts, Saquon Barkley &amp; Eagles DESTROY Pat Mahomes &amp; Chiefs in Super Bowl LIX | Nightcap",https://www.youtube.com/watch?v=KCelrU11Gbk
Ukraine&#39;s Kursk Offensive: The lessons and risks of Ukraine&#39;s push into Russia,https://www.youtube.com/watch?v=sTIpVqpLwkk
From Undead to Unbelievable! 🧟‍♀️➡️👩✨ Her Sport Bike is INSANE! 🏍️🔥 #shortsfeed #shorteo #halloween,https://www.youtube.com/watch?v=ZV99s5K4m50
when is offense justified?: analyzing norms of respect &amp; offensive content,https://www.youtube.com/watch?v=0grwK97RSQ4
NFL Honors Awards Predictions #nfl,https://www.youtube.com/watch?v=2sgLfgtytNA
Karla Sofía Gascón Faces Backlash for Offensive Anti-Islam Posts on Social Media,https://www.youtube.com/watch?v=SzfxWpQ6HbQ
REAL VILLAIN 😈and THE STRANDED Just Got SERVED in This Insane Battle Royale! 🔥 #marvel #rankup,https://www.youtube.com/watch?v=Y1zGnwBAEqY
Rebuilding the Chicago Bears Offensive Line with Geoff Schwartz | CHGO Bears Podcast,https://www.youtube.com/watch?v=wTOfPYJnRCI
Tattoo Fails So OFFENSIVE They Need REMOVING | Tattoos Gone Wrong 22 | Roly,https://www.youtube.com/watch?v=7LLez2xV2yw
How Seth McLaughlin’s injury impacts Ohio State football’s offensive line,https://www.youtube.com/watch?v=8NkHMn_MPww
Cincinnati Bengals Hire New Offensive Line Coach | Enter the Jungle,https://www.youtube.com/watch?v=cV0KaBHrk_g
Gift Deke Popat Banaya 😲 | Funny video #shorts #funny,https://www.youtube.com/watch?v=ppqf2YaKxfM
1 Hour of Offensive Memes that if ylyl,https://www.youtube.com/watch?v=-ggQuxlebJw
Mind-Blowing Gadgets and ToolsRevealed🚀 #shorts #gadgets,https://www.youtube.com/watch?v=fpslbSrU7ys
Ukraine’s Counter(productive) Offensive | Robert Wright &amp; Mickey Kaus,https://www.youtube.com/watch?v=OFrydJsf6Tk
MOST OFFENSIVE SIDEMEN PRO CLUB MOMENTS!,https://www.youtube.com/watch?v=ZbfjAfQH9_g
&#39;Impact is GREATER than championships&#39; 😤 Cam Newton&#39;s PASSIONATE RANT on Greatness | First Take,https://www.youtube.com/watch?v=8W_V1x90Ec4
🚨WSH Works Out SUPER STRONG Offensive Tackle After Top 2 OTs Hurt! 👀 For Jayden Daniels Body Guard,https://www.youtube.com/watch?v=oZzp9I4pX3I
Trying To Build OFFENSIVE Plays! #rocketleagueclips #rocketleaguegoals #rocketleague,https://www.youtube.com/watch?v=t0VlO142-GQ
Mind-Blowing ￼Gadgets and ToolsRevealed🚀 #shorts #gadgets 68,https://www.youtube.com/watch?v=s4QxtE0OCbc
Family Guy Offensive Moments 4!,https://www.youtube.com/watch?v=S4bqRUO6y-w
Chiefs HC Andy Reid gets Emotional as he TALKS ABOUT how HURTING Travis Kelce &amp; Mahomes after Losing,https://www.youtube.com/watch?v=p1SB0CSj1Jw
Was that offensive?,https://www.youtube.com/watch?v=XQX3Rs1hY-Q
What to expect from Texans new offensive coordinator Nick Caley,https://www.youtube.com/watch?v=yk2v805VHxE
Wicked Star Cynthia Erivo &#39;Deeply Hurt&#39; by &#39;Offensive&#39; Fan Poster Edits,https://www.youtube.com/watch?v=wzWJqpX1rOg
The Most Offensive PKA Episode Ever Made,https://www.youtube.com/watch?v=UDwnnkUBkSs
Are the Chiefs Offensive Issues on Bad Mahomes or Bad Playcalling?!,https://www.youtube.com/watch?v=3On0jyhvYIo
offensive memes that if ylyl v10,https://www.youtube.com/watch?v=WCzrw9x4568
Offensive Shitpost Status Memes if ylyl v.2,https://www.youtube.com/watch?v=UKROH62jHCk
Crohn&#39;s Disease is NFL-Tough according to Offensive Lineman Matt Light,https://www.youtube.com/watch?v=IvkmHs5D2r4
Offensive Weapons Law,https://www.youtube.com/watch?v=zJ5OQ8MfKXI
saccha pyar ❌andha pyar 🤣 l Funny Comment Reading #comedy,https://www.youtube.com/watch?v=EJNAWuFsbGk
Bhabhi Ka Bhai 😝 | Funny video #shorts #funny,https://www.youtube.com/watch?v=h4LtkataAUU
TRY NOT TO LAUGH | wait for end 🤣🤪#funnyvideo #dankmemesreaction #trynottolaugh #funnyshorts,https://www.youtube.com/watch?v=7hQcxXUZDbQ
🔴 IF YOU SKIP YOU HURT ME...!! | DGM-1467,https://www.youtube.com/watch?v=BrAwtjIIgCc
The Most Offensive Christmas Special of All Time,https://www.youtube.com/watch?v=a6BxrERvhB8
Funny OFFENSIVE Jokes That Test The Boundaries Of COMEDY | Overwatch,https://www.youtube.com/watch?v=hUkq2x7-QiQ
Rudy Gobert says Kings offensive rebounds hurt Wolves in loss,https://www.youtube.com/watch?v=RYEnuXIgU2g
How do Patriots Fix Offensive Struggles,https://www.youtube.com/watch?v=zwoNi7zF2xs
Who is the best Offensive Tackle in the 2024 NFL Draft⁉️,https://www.youtube.com/watch?v=lEBJSpYZTDo
"BREAKING NEWS: Texans Hire Offensive Coordinator Nick Caley, IMMEDIATE Reaction!",https://www.youtube.com/watch?v=pLI3DAPP7nw
offensive memes that if ylyl,https://www.youtube.com/watch?v=R3R4aowlZo4
Offensive low quality memes that made me take a poop in my rigidity ahh basement from discord,https://www.youtube.com/watch?v=vH5_k71z4b0
"Russia and Ukraine on the Offensive - Kursk, the Donbass &amp; Escalating Long-Range Strikes",https://www.youtube.com/watch?v=krSwnWiOuJI
Sudhanshu Trivedi #explore bhati #samajwadiparty|Shorts|#sudhanshutrivedidebate #viralvideos #shorts,https://www.youtube.com/watch?v=Nmvu9GMUuSg
Offensive Memes that got me cancelled v1💀💀,https://www.youtube.com/watch?v=HserebjFeUc
My Most Embarrassing Memory Lapse #shorts #funny,https://www.youtube.com/watch?v=bdzdQ91pcL8
Why UGA is keeping Mike Bobo as Offensive Coordinator | DawgNation at Large,https://www.youtube.com/watch?v=H7FRtEqGym4
Cowboys have to stop forcing Offensive LINE! WE NEED OFFENSIVE WEAPONS…surprise Voch call in 👀🚨,https://www.youtube.com/watch?v=osp3mKGFKU0
1 Hour Of Offensive TikToks!,https://www.youtube.com/watch?v=wlotEX8y3Xo
The Luka Doncic trade is a DAMAGING BLOW to the franchise 😡 - Mad Dog HATES the move | First Take,https://www.youtube.com/watch?v=Qbrn32qM424
highly offensive valorant moments,https://www.youtube.com/watch?v=zM0sIw0L7o0
&quot;I&#39;M LEAVING!&quot; Stevie Boebi STORMS OFF SET: &#39;Hurtful&#39; &amp; &#39;EXTREMELY Offensive!&#39; (Ep. 4 | S. 6),https://www.youtube.com/watch?v=4QVchsI9puY
Was Steve Nash the best offensive player of his generation? | Offense Legends Ep. 4,https://www.youtube.com/watch?v=rX7TlCOgIig
Best Moments of Eric Cartman South Park | Dark Humor | Funny Moments | Offensive Jokes,https://www.youtube.com/watch?v=ZXyI5BlH9I4
Have you gotten offensive comment or chat response from me? wTHIS LOGO and/or THIS CHANNEL?,https://www.youtube.com/watch?v=4xx1pA44cOE
Should Comedians Be Canceled? Offensive Jokes vs Free Speech,https://www.youtube.com/watch?v=uRtLDDGEoY4
The Most Painful Loss in Counter-Strike History,https://www.youtube.com/watch?v=pMp92dkPDxg
Warriors Get Their Guy as 49ers Lose Theirs,https://www.youtube.com/watch?v=DBRLSZFzN1Y
Where do Chiefs go from here after embarrassing Super Bowl loss?,https://www.youtube.com/watch?v=kdZ9SRnnP0w
Reacting to Jets hiring Charles London &amp; Scott Turner to Offensive Staff!,https://www.youtube.com/watch?v=L8TuOo-utWs
The Most Offensive Game Franchise Ever,https://www.youtube.com/watch?v=ja0R8HL38FA
The Offensive Gospel,https://www.youtube.com/watch?v=ZdXYC0BFB-Q
"Is The Autism Puzzle Piece Offensive? (origins, controversy, and why many autistic adults hate it!)",https://www.youtube.com/watch?v=FLBCqJh5R24
India Got Latents | Samay Raina | Ranveer Allahabadia,https://www.youtube.com/watch?v=Ywughevutu4
fresh offensive memes if ylyl v157,https://www.youtube.com/watch?v=8nzcGI4v-r4
MH Movie: The Christmas Crisis (Offensive),https://www.youtube.com/watch?v=OV8Ti9tWc0A
What would you chose?,https://www.youtube.com/watch?v=eBU0aW_qDME
(Offensive) Russian Stereotypes that are ACTUALLY TRUE 💀,https://www.youtube.com/watch?v=DYHoXtqXj9o
Chiefs HC Andy Reid: &#39;We&#39;ll learn from this&#39;,https://www.youtube.com/watch?v=XkGBlarXNeU
Is There Reason For Optimism Regarding The Pittsburgh Steelers Offensive Line Moving Forward?,https://www.youtube.com/watch?v=pCmuHdnfhK0
VLOG#6 The Interview (offensive),https://www.youtube.com/watch?v=oI2AD0pwOxQ
WWE Most Offensive Insults in History (Part 3),https://www.youtube.com/watch?v=nr0J4dMAMq4
30 MINUTES OF THE GOONS CRYING FROM LAUGHTER (HIGHLY OFFENSIVE),https://www.youtube.com/watch?v=7GmIs3uP8NE
Patrick Mahomes speaks after loss to Eagles: ‘It’s the worst feeling in the world’ | Super Bowl 2025,https://www.youtube.com/watch?v=wU9HLi3-en8
Counter Strike Global Offensive Funny Moments | Chinese Edition #13,https://www.youtube.com/watch?v=r_rgQv395GE
The Art of Spiritual Warfare: Taking the Offensive in Faith,https://www.youtube.com/watch?v=PWhQGDmLEQ4
Hank Deals with an Offensive Coworker | King of the Hill,https://www.youtube.com/watch?v=K7Ihh2Ml3OE
"caution!!! this video contains references of work ethic , maybe harmful or offensive to soy bitchs !",https://www.youtube.com/watch?v=zNomL8ggpIE
THE MOST OFFENSIVE SIDEMEN FORFEIT EVER,https://www.youtube.com/watch?v=1HaLHmAbp1Y
Random memes I permanently borrowed PT.574,https://www.youtube.com/watch?v=8eAmOiAK5ek
Top Cowboys Free Agent Targets On Offensive Line Ft. La’el Collins &amp; Andrew Norwell Amid Injuries,https://www.youtube.com/watch?v=HAHYNMnZBSY
Former GM: Patriots setup has to be UNEASY for Eliot Wolf | Next Pats Podcast,https://www.youtube.com/watch?v=XghoXrNYA8g
Patrick Mahomes: &#39;FOX NFL Kickoff&#39; crew reflect on Chiefs QB&#39;s legacy after loss to Eagles,https://www.youtube.com/watch?v=B6LU3-6KLbo
Chiefs were &#39;overwhelmed&#39; by Eagles in Super Bowl LIX | Dan Patrick Show | NBC Sports,https://www.youtube.com/watch?v=ptLHnXskj0U
Episode 75:  Offensive Commercials,https://www.youtube.com/watch?v=A3NbqHH9Jbc
hairs❌ helicopter ✅🤣 #shorts l funny comment reading,https://www.youtube.com/watch?v=l3arHtCC_54
TRY NOT TO LAUGH |wait for end 🤣🤪#funnyvideo #dailymemes #dankindianmeme  #trynottolaugh #shorts,https://www.youtube.com/watch?v=gkW4U5rdSY4
Canadians outraged after guests wore offensive Halloween costumes in Nova Scotia,https://www.youtube.com/watch?v=_wE8QKtGRzc
THE MOST OFFENSIVE VR GAME ON THE INTERNET,https://www.youtube.com/watch?v=SG6JfbGAPPM
AEW Most Offensive Chants (15 Minutes),https://www.youtube.com/watch?v=CmwfGElCSf4
offensive memes that are hilarious,https://www.youtube.com/watch?v=iGN_bdO-B2o
Offensive Memes That Made My Jaw Drop...,https://www.youtube.com/watch?v=io-KvJSg9Jk
Grading Klint Kubiak 1st Season as Saints Offensive Coordinator | James Skrmetta Reacts,https://www.youtube.com/watch?v=dwBPhR-V9ic
Chaotic NEIGHBOR vs. SPIDERMAN. This Battle Ends in Disaster! #brawlstars #rankup,https://www.youtube.com/watch?v=Pa6qrruGRf8
The most offensive game ever made,https://www.youtube.com/watch?v=anJx3gjCY1A
REDDIT OFFENSIVE JOKES,https://www.youtube.com/watch?v=OsnqC33KTJ0
Will Tennessee football offensive woes HURT Vols with ELITE QB commits,https://www.youtube.com/watch?v=fpz5H1lumFw
"Alabama Football News: &quot;Ryan Grubb is one of the best offensive minds in the country,&quot; DeBoer",https://www.youtube.com/watch?v=LaViH6WlX2c
"My sister made an offensive joke, and I called her out.",https://www.youtube.com/watch?v=g6NRRGKp7Fo
The State of the Steelers Offensive Tackles | Get Broderick Jones Back to Left! Troy Fautanu Year 2!,https://www.youtube.com/watch?v=fP_-Xqlk43A
OVE: Changes on the Offensive Line for Ryan Day and Ohio State Football Ahead of Playoffs,https://www.youtube.com/watch?v=bGgdHt1IToI
fresh offensive memes if ylyl v202,https://www.youtube.com/watch?v=ly3Hq8dyAfQ
Solana Offensive Meme Coin Crisis!!! You Won’t Believe How SOL Crypto Plans To Cleanse The Memecoins,https://www.youtube.com/watch?v=O7AUggiJ0M0
"6 Second 55 HURT on Sick Week 2025, What Happened?! 🥴",https://www.youtube.com/watch?v=kel4l9hfD0U
KEVIN HART OFFENSIVE JOKES #youtubeshorts #kevinhart,https://www.youtube.com/watch?v=nOnmYoNs3Kc
SOUTH PARK&#39;S MOST OFFENSIVE MOMENTS BROKE ME...,https://www.youtube.com/watch?v=1i5yOQP_JtY
Did Ukraine Just Break Russia? The Shocking Kursk Offensive Explained,https://www.youtube.com/watch?v=g7LzZY3JMMQ
offensive memes that if ylyl,https://www.youtube.com/watch?v=1gtwpyzs9jw
Offensive Line Drills For Youth And High School,https://www.youtube.com/watch?v=LDZnXrQeFQc
I played Bully in 2025. It&#39;s an offensive masterpiece...,https://www.youtube.com/watch?v=uNnVlPI0Qz4
Daz Watches Extreme Offensive That&#39;s Just Wrong,https://www.youtube.com/watch?v=QJn7LSLDPR0
We Made Slightly Offensive Kid&#39;s Toys for Markiplier,https://www.youtube.com/watch?v=F8HcjAgmwBA
FAMILY GUY MOST OFFENSIVE JOKES (PART 2),https://www.youtube.com/watch?v=S_aWUO3gG5o
Offensive Jokes That Won&#39;t Offend Anyone. J Chris Newberg,https://www.youtube.com/watch?v=DhwgqUFfr5U
Does Minnesota Have The Best Offensive Weapons in the NFL? 🤔,https://www.youtube.com/watch?v=4zaxt2BgD1k
Dark Humor Jokes you CANNOT laugh at (Offensive),https://www.youtube.com/watch?v=mJPC4nQP0gw
offensive memes i found on discord,https://www.youtube.com/watch?v=XRcR90-Msn4
Chicago Bears Offensive Line Not to Blame Per PFF | Grading Bears Vs Titans,https://www.youtube.com/watch?v=QiTMC1CxYjY
Let&#39;s free our spirit from spreading offensive comments - Fahmi,https://www.youtube.com/watch?v=1pMQNluj8hU
Chiefs LACKING Offensive Consistency But Will it HURT Them? 😮 | Kansas City Chiefs News,https://www.youtube.com/watch?v=I9rh_PSAifQ
What makes Jalen Hurts so special? | &#39;GMFB&#39;,https://www.youtube.com/watch?v=LPYpdmdF3SY
21 Minutes of Offensive Family Guy!,https://www.youtube.com/watch?v=HsxAQVxVen0
Hilariously Offensive Memes V12,https://www.youtube.com/watch?v=4_FGvGyfX7o
Snapchat Spam Detected Problem | Your Device Protect Harmful &amp; Offensive Content Features,https://www.youtube.com/watch?v=714_sqlGNc0
offensive memes that if ylyl,https://www.youtube.com/watch?v=Ve-SzFXRTn0
Soviet Offensive: The Desperate German Retreat From Russia To Berlin | Battlefield | War Stories,https://www.youtube.com/watch?v=ORBZtl2rWH0
30 Minutes of OFFENSIVE Try Not To Laugh memes - NemRaps 408,https://www.youtube.com/watch?v=0XsRIlf_YIY
Vanoss Crew Offensive Moments that will get this video taken down,https://www.youtube.com/watch?v=WIs_rdjA5w0
Sudhanshu Trivedi #explore #facts #congress #aap #bjp |Shorts|#sudhanshutrivedidebate #viral #shorts,https://www.youtube.com/watch?v=9ri2j-iGUDs
I Made Drake Sing Offensive Diss Tracks Against Himself,https://www.youtube.com/watch?v=9NTwLhyWdV8
Offensive Memes That Pulled Her For Valentines,https://www.youtube.com/watch?v=W17L56UIHrc
offensive meme compilation v9 #shorts #funny #memes #laugh #fail #cars #instagram #ylyl #anime#phonk,https://www.youtube.com/watch?v=PTIKerUoO_Q
OFFENSIVE MEMES IN 2024… Rainbow Six Siege,https://www.youtube.com/watch?v=8fBPAdzR9pE
offensive memes that if ylyl,https://www.youtube.com/watch?v=iag0_lTxP5U
offensive memes if ylyl v303,https://www.youtube.com/watch?v=dpalPknLzxc
Offensive meaning in hindi | Offensive meaning ka matlab kya hota hai | Word meaning,https://www.youtube.com/watch?v=cu7l6VKw3R0
FUNNY OFFENSIVE JOKES in Rainbow Six Siege,https://www.youtube.com/watch?v=pv2Zj_K6fO0
ROBLOX&#39;S MOST OFFENSIVE GAME GOT A MASSIVE UPDATE...,https://www.youtube.com/watch?v=WP8vO7Q8A9A
Something Terribly Offensive (animated by @Drue Langlois),https://www.youtube.com/watch?v=5aQxtQ371NY
OFFENSIVE instagram reel comments...,https://www.youtube.com/watch?v=TYRCvGeOXqI
OFFENSIVE MEMES FOR 38 MINUTES… Rainbow Six Siege,https://www.youtube.com/watch?v=jvlDYOKfkBI
offensive memes that if ylyl,https://www.youtube.com/watch?v=5pvT5bF1aQk
"WWI Footage // Colorized &amp; HD Restoration - Meuse-Argonne Offensive, 1918",https://www.youtube.com/watch?v=2czhihfGyoo
SIDEMEN WOULD YOU RATHER: OFFENSIVE EDITION!,https://www.youtube.com/watch?v=HYQ-UnrMj1I
offensive memes that if ylyl,https://www.youtube.com/watch?v=CwwVdTKwwY8
Something Terribly Offensive (animated for The Minute Hour),https://www.youtube.com/watch?v=kVrD8FqgTrk
Presenting Offensive Companies To Strangers 2,https://www.youtube.com/watch?v=2oSViFaZ0yY
Trump campaign issues statement on Tony Hinchcliffe&#39;s offensive comment at MSG rally,https://www.youtube.com/watch?v=aeEW-wvcMYA
Former Bears offensive lineman Dan Jiggetts shares memories of Virginia Halas McCaskey,https://www.youtube.com/watch?v=xpqhW_lNQH4
TRY NOT TO LAUGH Family Guy Very Offensive Moments,https://www.youtube.com/watch?v=KS65uXyh_k4
Spring Offensive by Wilfred Owen Line by Line Explanation Analysis Summary &amp; Themes| War Poetry,https://www.youtube.com/watch?v=hdTAY-aU69M
India Court Orders Seizure Of &#39;Offensive&#39; MF Husain Paintings | Dawn News English,https://www.youtube.com/watch?v=CFpHnwG2lak
Russia&#39;s drone airfield &#39;in flames&#39; &amp; French fighter jets unleashed | Ukraine: The Latest | Podcast,https://www.youtube.com/watch?v=91knWueTajA
Offensive Family Guy Moments!,https://www.youtube.com/watch?v=mTIFjllrupM
Offensive Memes That Will Slightly Brighten Up Your Day,https://www.youtube.com/watch?v=fQu7z7ddctA
TRY NOT TO LAUGH: OFFENSIVE EDITION,https://www.youtube.com/watch?v=fSJPtkCjQHI
The Most Offensive Channel On YouTube...,https://www.youtube.com/watch?v=mzGPYHUukzg
Fallout from offensive Puerto Rico comments at Trump&#39;s Madison Square Garden rally continues,https://www.youtube.com/watch?v=rfx0TIwxMAs
From Spooky to Speedster! 🧟‍♀️➡️👩✨ Her Bike is TOO CRAZY! 🏍️🔥 #shorteo #shortsfeed #halloween,https://www.youtube.com/watch?v=2Bw66P1nROA
THE MOST OFFENSIVE Angry Meme Review EVER,https://www.youtube.com/watch?v=q3psdmrSobc
Very offensive memes for no reason,https://www.youtube.com/watch?v=YRcYMJ08GOg
Amarius Mims HURT | What it Means for Joe Burrow and Bengals&#39; Offensive Line,https://www.youtube.com/watch?v=PUc0qyrkzX4
Offensive Memes From Instagram 17,https://www.youtube.com/watch?v=YO0MLOFIr6s
Family Guy Offensive Moments Marathon | Kidd and Cee Reacts,https://www.youtube.com/watch?v=tN15Qn2QSf4
Offensive Memes To Make You Workout,https://www.youtube.com/watch?v=7GmW6Gk4wBI
Buffalo Bills Offensive Line Preview | Cover 1 Buffalo Podcast | C1 BUF,https://www.youtube.com/watch?v=TUBX5X7Elgk
Best of Offensive Lineman Workouts at the 2022 NFL Scouting Combine,https://www.youtube.com/watch?v=iNHz-26IbBE
the most offensive movie of our childhood (that you probably never heard of).,https://www.youtube.com/watch?v=thdpN6cyjUs
GOD&#39;S WORD--OUR ONLY OFFENSIVE TOOL-----24th Oct 2023,https://www.youtube.com/watch?v=cB8AQhWnYMI
SZN 5 GRIND    BEST OFFENSIVE E-BOOK! GAUNTLET RUNS!    !MEMBERS GET ALL  EBOOKS,https://www.youtube.com/watch?v=fc0QjXPusIQ
Ranking autistic stereotypes in an S-tier (not offensive),https://www.youtube.com/watch?v=1oJM0-UFykM
Offensive Content Podcast,https://www.youtube.com/watch?v=ecyaOUWyofM
We Made MORE Slightly Offensive Bowling Animations,https://www.youtube.com/watch?v=zLIBPUjsnJw
Why is That Offensive? Breaking Down Faith-Based Stereotypes and Misconceptions,https://www.youtube.com/watch?v=45ettdZOIIk
Vayyammoooo edhi kuda nijamey roiiii #snowiegaming #snowiesways #trendingshorts #trending #comedy,https://www.youtube.com/watch?v=HN_UqxvIfuk
SIDEMEN OFFENSIVE TRY NOT TO LAUGH,https://www.youtube.com/watch?v=c4Ra1DTjSJc
FAMILY GUY&#39;S MOST OFFENSIVE JOKES (PART 4),https://www.youtube.com/watch?v=1oBef9wMmFI
The DOWNFALL of Drawn Together: The Most OFFENSIVE Cartoon Ever Made,https://www.youtube.com/watch?v=EaQJzTWt5VI
KSI Reacts To Most Offensive Family Guy Moments (PART 2),https://www.youtube.com/watch?v=_QqgHQ0I7XE
Offensive memes ylyl v34,https://www.youtube.com/watch?v=O1LaYF497mA
Some Aspects of the Torture and Offensive Weapon Used to Hurt,https://www.youtube.com/watch?v=hfAIeJoZ25A
If You Cant Beat Them Join em,https://www.youtube.com/watch?v=e75jbv8ih-U
Man Gets Life Sentence For Having Sex With 4 month old Infant,https://www.youtube.com/watch?v=EROoqWKfb7I
Victim Singing K-Pop Song (2NE1’s - I Don’t Care) Leads To Double Murder,https://www.youtube.com/watch?v=Z-kTJcCr5DM
Bullies and Cyberbullies,https://www.youtube.com/watch?v=gXuqJshvTmc
"Josh Gunderson - Cyberbullying: Perpetrators, Bystanders, and Victims",https://www.youtube.com/watch?v=p0_npazqSHI
Fever Dream | ℌ𝔢𝔩𝔩 𝔚𝔬𝔯𝔩𝔡 Ep. 3,https://www.youtube.com/watch?v=KAt3eqL4RpA
&#39;Anonymous&#39; Seeks Revenge,https://www.youtube.com/watch?v=Ip6SCtgklkQ
1189 A frank conversation about Cyber Bullying with Silvia Hartmann and Robert G. Smith,https://www.youtube.com/watch?v=8FsYikcoJUY
CRIME | LEARN ENGLISH VOCABULARY &amp; DEFINITIONS | PART 3 | WORDLIST | TYPES OF MURDER | FRAUD,https://www.youtube.com/watch?v=q2TI_cxDo20
The Worst Marketing Campaign Ever - BullyHunters Is BS!,https://www.youtube.com/watch?v=Km5T-CCux88
Reining in Online Abuses —  Hany Farid,https://www.youtube.com/watch?v=zLd1wqGUHVM
Cyber-Hate: Defining and Combating Antisemitism and Hate Online,https://www.youtube.com/watch?v=1bhDtD9Ii8A
Countering cyber violence against women and girls. Challenges and ways forward,https://www.youtube.com/watch?v=2dkD5iJz5ew
r/Tumblr - Femboys vs. Authority,https://www.youtube.com/watch?v=S5knbp_OJK8
Death &amp; Crime | The TRAGEDY of CHRIS CHAN,https://www.youtube.com/watch?v=hqxzZGb0IwI
وفاة الممثل الكوري لي سون كيون !! ( بسبب التنمر ),https://www.youtube.com/watch?v=kKA5W_1sTUc
Chaper 9: Suicide,https://www.youtube.com/watch?v=3lGe0pQdfG4
Friday the 13th: the Game - Kill Montage Part 3 The Final Chapter,https://www.youtube.com/watch?v=H1STxMEEtkQ
Ramaphosa &quot;Its Time To Go&quot; - Pieter Groenewald Freedom Front Plus,https://www.youtube.com/watch?v=TzsLlsyFBE8
Who is the Worst person in History?,https://www.youtube.com/watch?v=sWQncjY4DM8
What is going on with Jay Kizer? (Deadwing Dork live Clip),https://www.youtube.com/watch?v=9o8Z5Yaw7Xs
Hate Crimes - Human Diversity Group 2,https://www.youtube.com/watch?v=mokVZ_S6a5w
"Unsavory - Digestion, Forensic Science, &amp; The Hendricks Murder",https://www.youtube.com/watch?v=lBFO0jHnVS8
"I was hated for playing a villain, but my charity work was exposed! - FULL",https://www.youtube.com/watch?v=TnFNLprKUo4
"Dr. Neil Boyd, SFU Criminology, on &quot;Becoming a Kinder, Gentler Canada: A Chequered History of Crime&quot;",https://www.youtube.com/watch?v=Afgz-Y5nQuE
"In Dino, Episode 07: Afrazul&#39;s Murder, &#39;Love Jihad&#39; and the Politics of Hate",https://www.youtube.com/watch?v=zKeSEGQDvnc
"Suicide Prevention by Mrs. Jackie Rosen from the Florida Initiative for Suicide Prevention, Inc",https://www.youtube.com/watch?v=70yd-xpwPog
Turning Opposing Views Into Effective Communication,https://www.youtube.com/watch?v=QiYL6g6sZtc
Free Speech Keynote and Trends in Safety on College Campuses,https://www.youtube.com/watch?v=BUO9YrcYF10
Hate Crimes Forum,https://www.youtube.com/watch?v=NoTfpXP-m6o
Non-Legal Responses to Hate Speech on College &amp; University Campuses,https://www.youtube.com/watch?v=tYTUi6jacpg
CSC239:  Cyber Ethics,https://www.youtube.com/watch?v=zoTBJEBA5hk
Public Service Announcement - Hate Crime Awareness,https://www.youtube.com/watch?v=K2iaNXAwm-M
Cyber Non-Violence panel discussion,https://www.youtube.com/watch?v=iqImFr6dMwQ
"Toward a Gender-Inclusive Internet: Countering Harassment, Revenge Porn, Threats, &amp; Online Abuse",https://www.youtube.com/watch?v=hkOZsNZBWgg
Introduction to Digital Forensics,https://www.youtube.com/watch?v=4ns1uuX4RD4
Online Workshop: I&#39;m Bully Free,https://www.youtube.com/watch?v=U0kDnBqFvW8
"Cinema Therapy, Social Media, and Alternative Platforms Week 8",https://www.youtube.com/watch?v=teU2uTlrq14
"New Generations Forum - Oct. 9, 2019",https://www.youtube.com/watch?v=ZtQ8tJ-XIqI
"Confronting Racism, Misogyny, and Zenophobia in U.S. History with Marie Griffith 6/28/22",https://www.youtube.com/watch?v=yyYTNZ6_Nok
"UNESCO NZ 2013: Press freedom, social media and the citizen",https://www.youtube.com/watch?v=RpGGCS_zWps
How Coddling Kids Is Ruining Their Future,https://www.youtube.com/watch?v=39pRi2roG5k
GAMING MEMES ONLY GAMERS UNDERSTAND,https://www.youtube.com/watch?v=MJnjO5LQ2H4
How To Fight Extremism Online,https://www.youtube.com/watch?v=5vYQEdfhMng
ICC: Internet Safety Seminar,https://www.youtube.com/watch?v=3o2DQB668vU
Week 8 Social Media,https://www.youtube.com/watch?v=iREny0DjKPU
CAIR Video: Somali Students Harassed in Minn. Schools,https://www.youtube.com/watch?v=IAN81ETGibE
An extraordinary threat? Europe&#39;s migration crisis and the terrorist attack in France,https://www.youtube.com/watch?v=jPJxqw-M_cM
Lesson 4.4: Discrimination on the Basis of SOGIE + Laws and Policies | BSA 1A Group 6 Report,https://www.youtube.com/watch?v=TTnnJsfV5vo
Revolutionizing Brain Health and Emotional Well-Being,https://www.youtube.com/watch?v=GljkGIL8cZc
Evidence Based Trauma Focused Interventions for Unaccompanied Minors,https://www.youtube.com/watch?v=EFMJDT06klE
I&#39;m Not A Bad Mother !!!,https://www.youtube.com/watch?v=LMueYR77NXg
"Cybercrimes - Ángeles Jaime, Katharina Miller, Cruz Sánchez, Shiranee Tilakawardane, Yolanda Rueda",https://www.youtube.com/watch?v=I4HL3DTNHqk
Hate Speech On Campus - Do You Know Your Lines?,https://www.youtube.com/watch?v=l4Q3Yfas4jo
Why the Narrative Always Collapses with Wilfred Reilly,https://www.youtube.com/watch?v=kuS7mTXdVHw
Make Civic Education Alive!,https://www.youtube.com/watch?v=3KVxnTzP3ms
"Listen UP: Teen Mistakes &amp; Their Unexpected, Permanent Consequences",https://www.youtube.com/watch?v=2nVAdHIRM2E
Defenders in Asia: Holding the line amid mounting challenges,https://www.youtube.com/watch?v=zRe2ngNNZAs
"Cybersecurity, profiling and predicting criminal behaviour",https://www.youtube.com/watch?v=M6Nw6MqAFA4
Arntfield and Swart Chapter 2 Social Media,https://www.youtube.com/watch?v=Qhq_Iw2DtsA
Vision Episode 13: Contemporary free speech with Eugene Volokh,https://www.youtube.com/watch?v=GO72xyaGwDs
Religiously Motivated Hate Speech: An Intersectional and Linguistic Reading | 07.07.2022,https://www.youtube.com/watch?v=ycevwXpffgs
XVIII Open Society Forum. Hate Speech - to Act or React?,https://www.youtube.com/watch?v=fm5FJSISK7k
Engineering Mass Violence Through Technology and Propaganda,https://www.youtube.com/watch?v=kY9FAowX8kM
Levels 6&amp;7 - And DOWN goes the rollercoaster of emotions -  Part 8,https://www.youtube.com/watch?v=JTVekmSD0-Y
QUICK LIVE💥#YOUNGDOLPH #UPDATE #NEWS💥DA RUMORS AND DA FACTS,https://www.youtube.com/watch?v=ak0pWNgY00Y
Werner Reich @ Family &amp; Children&#39;s Agency ASPIRE School Program,https://www.youtube.com/watch?v=p8N3FZ0lcCw
ISACA Community day - October 1 - Cyber Security awareness for teachers,https://www.youtube.com/watch?v=NDWOvnt9NTk
Social media | Wikipedia audio article,https://www.youtube.com/watch?v=3GWrHNKDRz8
Philip Zimbardo &amp; Özyeğin Üniversitesi Psikoloji Kulübü ( PsychOz ) - Journey From Evil to Heroism,https://www.youtube.com/watch?v=C1DWHk0HXsM
The SHE Word S5/06 - Women and The Critical Question of Safety,https://www.youtube.com/watch?v=1POGKOn1fjo
Episode 28 with Alvin Lui Co-Founder of Courage is a Habit,https://www.youtube.com/watch?v=t5MgmKLMet8
The Empathy Instinct: How to Create a More… by Peter Bazalgette · Audiobook preview,https://www.youtube.com/watch?v=4I-yZgdfN0c
Digital anti Semitism and Hate During the COVID 19 Pandemic,https://www.youtube.com/watch?v=q1QFf4JFFZg
National Day of Remembrance and Action on Violence against Women,https://www.youtube.com/watch?v=7Sy2f3coDP4
Professor Cacciatore - Inv Two - Ch 9 - Part 3 of 3   (C)2018,https://www.youtube.com/watch?v=2RStkfIbcrs
"CH 6 - Dynamics of Anger, Violence, and Crisis",https://www.youtube.com/watch?v=syNO9JxZQak
NIOT Full Presentation,https://www.youtube.com/watch?v=Ty7mxEO5IbI
Women’s Health Awareness Virtual Series - 03/11/21,https://www.youtube.com/watch?v=eOdvmQFTLeI
Working with Gen Z,https://www.youtube.com/watch?v=B8kUGpVje9Y
The Power of Speech,https://www.youtube.com/watch?v=Knp6aYUyPQg
Toleration | Wikipedia audio article,https://www.youtube.com/watch?v=Ev3KZmf_RdQ
Be careful: your boss is spying on your social media- Dr Boyce Watkins,https://www.youtube.com/watch?v=gYVmH_SiPgo
Launch of Gender and COVID19 in Nigeria: Violence against Women and Girls report,https://www.youtube.com/watch?v=9yuUzo4Jacs
TVCS November 2021 PRIDE Meeting,https://www.youtube.com/watch?v=Ei3WNA3Mkg8
California Ballot Initiative: Bring Back Firing Squad For The Gays,https://www.youtube.com/watch?v=F2Ysn-tVL8o
Public Defenders and Political Advocacy: What Is a Public Defender&#39;s Role?,https://www.youtube.com/watch?v=9Pj--ZZ8UK8
Blaine Schmidt   When Can I Go Can I Even Turn Here,https://www.youtube.com/watch?v=RqRd2hroS0U
Best of:  Barbara Coloroso | Kids are Worth it!,https://www.youtube.com/watch?v=nkPgE9gr95E
Trauma Informed Care,https://www.youtube.com/watch?v=eC7rmWXOED0
The Ethical Misadventures of Lawyers,https://www.youtube.com/watch?v=qC5KJy9sg14
Rabb: Respecting Native People - Full,https://www.youtube.com/watch?v=9dFJqzaQ_Dc
&quot;ANC Is Creating A New Apartheid With BEE&quot; - Freedom Front Plus Pieter Groenewald,https://www.youtube.com/watch?v=OEmyvU6LNRQ
"You, Social Media and the Law",https://www.youtube.com/watch?v=RvOVHSn3e6w
Black in Latin America,https://www.youtube.com/watch?v=rHhsNgmT748
"Superintendent/CEO of Schools YouTube Live session - April 26, 2022",https://www.youtube.com/watch?v=MJoQQr8fQq8
Barriers and Bridges - Race in the Bay,https://www.youtube.com/watch?v=Zwe-vEdFJjI
Is the First Amendment enough? The crisis of freedom in campuses and beyond.,https://www.youtube.com/watch?v=UztNYzg9MtI
"ISFLC17 | Jonathan Haidt, Ph.D - Livestream",https://www.youtube.com/watch?v=16Qt8x_M0ck
Becoming Antiracist  Training (Full module),https://www.youtube.com/watch?v=2bxQX6iZFbk
PRESS CONFERENCE: STOP THE DUTERTE REGIME’S ATTACKS ON MIGRANTS’ RIGHTS ADVOCATES!,https://www.youtube.com/watch?v=jHAHBBP4k7o
"TEACHING CHARACTER, MORALS AND HUMAN RIGHTS",https://www.youtube.com/watch?v=ppHGLH1o6vE
"4/8/2021 - Assembly Committee on Education, Pt 1",https://www.youtube.com/watch?v=dnQeL0I_Y3w
HATE: What are YOU going to DO?  (Webisode 1),https://www.youtube.com/watch?v=EFeR1sKL2zU
The Ethical Misadventures of Lawyers (Hour 1),https://www.youtube.com/watch?v=bE3HLS3r7eU
Knowledge Destroys Fear,https://www.youtube.com/watch?v=sNZFmIKIM6M
Realities of Female Empowerment  - C20 Summit,https://www.youtube.com/watch?v=WNqHtzdmBbs
Treated Like Criminals: How the US School System Punishes Children and Teens | ENDEVR Documentary,https://www.youtube.com/watch?v=cIUqkVdWp5A
Freemason Lodge 686 Uncut Interviews - Bruce Bush,https://www.youtube.com/watch?v=Rqc5hwAqaBg
Person of Interest: The Troll | India Today Plus,https://www.youtube.com/watch?v=KddzbpkbaqA
Disconnect To Reconnect - Going On A Digital Diet: Candid Conversation with Rachana by Girijaa D,https://www.youtube.com/watch?v=XfcKkto1LAA
"April Wright -Digital Separation: Reclaiming your data, post-relationship and using risk-based OPSEC",https://www.youtube.com/watch?v=pJafx1d4xjs
CLASS XII ENGLISH 22-04-2021 BY MR RAMA SHANKAR UPADHYAY ARTICLE WRITING,https://www.youtube.com/watch?v=zoJn8qriTwA
how to youtube,https://www.youtube.com/watch?v=0xdWpkc9TyY
Digital Danger - Digital Citizenship Presentation,https://www.youtube.com/watch?v=hppopehsurw
Jerome M. Sattler gives a presentation about Bullying and Cyberbullying,https://www.youtube.com/watch?v=vQYZ_uiyuPw
Reggio Emilia Approach to Education,https://www.youtube.com/watch?v=msL61s8tjLQ
"Local 4 News Today -- Aug. 28, 2017",https://www.youtube.com/watch?v=hVUw0NqBHkU
International Protection of Children &amp; Adolescents | #WorldLawCongress 2023,https://www.youtube.com/watch?v=9TF_qjQsEOY
SADC Gender-Based Violence (GBV) Model Law Consultative Meeting with Magistrates,https://www.youtube.com/watch?v=Is2DTQaMHGA
Pride Month: Representing LGBTQ+ Youth,https://www.youtube.com/watch?v=Z4p9dJJwopg
"New Books   Feb 14, 2018",https://www.youtube.com/watch?v=f4OTVefaqow
The Rise of Global Anti-Semitism,https://www.youtube.com/watch?v=Q7YKE9A3I_Y
The invention that changed everything | SLICE SCIENCE | FULL DOCUMENTARY,https://www.youtube.com/watch?v=rXWAiFU9-5Q
FULL EP: Tackling Bullying In Nigeria&#39;s Educational System | THE ADVOCATE NG,https://www.youtube.com/watch?v=tpwe6E2UVvA
Week 9 Wednesday 2 3,https://www.youtube.com/watch?v=gZz2w7OTra0
White House LGBT Conference on Safe Schools &amp; Communities,https://www.youtube.com/watch?v=_ZHdOgwpu4w
Misogyny as a Crime ? (Please watch before commenting),https://www.youtube.com/watch?v=kpLW1qFsVi0
"Libertarian Party, Coalition Building and You Are The Power and Student Loans w/Spike Cohen (KFF6)",https://www.youtube.com/watch?v=mN1oAm3FTLE
Defunding the Police Webinar,https://www.youtube.com/watch?v=H8W2jvNAiFY
Unit 8 1 Module 1 Emotion,https://www.youtube.com/watch?v=b-0YTt5Zx14
Civilized Presence with Louisa Akaiso,https://www.youtube.com/watch?v=-FXttwOmusc
Ellen Jones | Cambridge Union,https://www.youtube.com/watch?v=uoHzCl8Pe8M
THEY SAID SHE WAS FAKING HER CANCER | INSANE BULLYING BY PAPARAZZI CONSULTANTS | Tea Time Episode 12,https://www.youtube.com/watch?v=qkXMwtdnl9E
NCompass Live: Best New Teen Reads of 2023,https://www.youtube.com/watch?v=UV-JTj_CXt4
Combating Social Bullying among Older Adults,https://www.youtube.com/watch?v=0ax_oDzW8jo
What highly illeg*l incident took place at your school?,https://www.youtube.com/watch?v=cKIqwuyN4ZU
SUICIDE,https://www.youtube.com/watch?v=6fWY9VbJOX8
Not your Average Mental Health Episode featuring Deja Mason and Remar Talley,https://www.youtube.com/watch?v=jbGVinnsWI0
"After breaking off the engagement, I married my fiancée&#39;s aunt - FULL",https://www.youtube.com/watch?v=SMuDNgAZt_U
Rethinking Indigenous History - 2021 NJ History Conference,https://www.youtube.com/watch?v=-wMK2CCvmsY
European Toolkit for Schools 2021 Webinar Series: Preventing Gender Violence in Schools,https://www.youtube.com/watch?v=D4bVvniwLoQ
Uncovering and Challenging Fake News and Narratives in Media Politics (Pt.2) ft. PJ Thum,https://www.youtube.com/watch?v=1RR3ns4frV0
Can Education Curb Bigotry and Hate?,https://www.youtube.com/watch?v=wdICD6lz76U
Carita Dee Show #7,https://www.youtube.com/watch?v=7_donRjNYSo
Hate-Seeking Artificial Intelligence on Social Media,https://www.youtube.com/watch?v=RclBB2DdKfE
Mental Health In The Black Community,https://www.youtube.com/watch?v=Po8J1AIK__s
Gay bashing | Wikipedia audio article,https://www.youtube.com/watch?v=CBFQttdF2FA
James O&#39;Brien vs Jeremy Corbyn being PM in the next 12 months,https://www.youtube.com/watch?v=ch9jzA2cNvk
CLASS XII ENGLISH 21-04-2021 BY MR RAMA SHANKAR UPADHYAY ARTICLE WRITING,https://www.youtube.com/watch?v=2z3rp-14NjQ
"Press freedom, social media and the citizen (PMC)",https://www.youtube.com/watch?v=bn7Dbg-7fb4
George Hotz | Programming | Fun with MuZero and MCTS on a lovely Sunday | CartPole | DeepMind AI,https://www.youtube.com/watch?v=xc0jGZYFQLQ
The 1ncel Hot Take Iceberg,https://www.youtube.com/watch?v=0WpjdsZyIr0
Michael Dimou Racial Harassment Criminal Libel PerjuryConspiracy to Pervert the course of Justice,https://www.youtube.com/watch?v=gkdXyH_BezA
School Board Formal Meeting 24 May 2022,https://www.youtube.com/watch?v=Vzk0kW7X-_c
iGuardian Program - Learn how to keep your children safe on the internet.,https://www.youtube.com/watch?v=HAeMjx8iBzU
Prosecution Opening Statements - Karadžić (Part 2/3) - 27 October 2009,https://www.youtube.com/watch?v=HWgxxRDf3JU
Violence against women | Wikipedia audio article,https://www.youtube.com/watch?v=h-f3UDb07Fw
There&#39;s a Bully in the Neighborhood,https://www.youtube.com/watch?v=EpO912BEVR8
No Place for Hate Peer Facilitators - Community Conversation About Race links in description below,https://www.youtube.com/watch?v=U1OaEHONTxE
"New Warhammer 40K Box Set, PAX Online, &amp; more! | TableTakes: Tabletop News &amp; Talk 6.19.20",https://www.youtube.com/watch?v=3IgVC9eHBYA
Intimate Partner Violence Against Men - European Parliament,https://www.youtube.com/watch?v=RMM6Fzz_YPU
Mental Health Is Underrated In India,https://www.youtube.com/watch?v=DWJ3Vw1kxhU
🔥#YOUNGDOLPH #UPDATE🔥#YOGOTTI WILL GIVEUP #JAYZ #RUSSELL #JPRINCE 2GET DEAL🔥#fe#facts#rap#music#lld,https://www.youtube.com/watch?v=dBT_DiVXrZI
The Reality of Reality TV: Corporate Casket,https://www.youtube.com/watch?v=FIvRInVRIMA
Andrea Köhler: Shame and Shamelessness in the Age of New Media,https://www.youtube.com/watch?v=Dp1NDfrVyRU
THE MANY FACES OF SUICIDE | SYM EP8,https://www.youtube.com/watch?v=h4rMWEJtK1A
Violent home invasion gone wrong for thieves,https://www.youtube.com/watch?v=EaQOIHko49g
Suzanne Nossel presents Dare to Speak in conversation with Jacob Weisberg,https://www.youtube.com/watch?v=R155ivoTjYo
My family is biased? I cut ties with them directly!,https://www.youtube.com/watch?v=Q15KbgGYHeU
"SDH2015 - Panel 1: Context, What is Trauma",https://www.youtube.com/watch?v=Dd2Hw27Z-jc
ISPNC-2020 CONFERENCE ON PREVENTION OF SUICIDE,https://www.youtube.com/watch?v=X2svMtXOGCo
Social Psychology Chapter 1,https://www.youtube.com/watch?v=N94-88Gc4OU
SLRTDC Organize  a Webinar on - &quot;Cyber Security Awareness,https://www.youtube.com/watch?v=ymG64lhVXZ8
"Women and Law, Director NLS",https://www.youtube.com/watch?v=aScqM0PQx7M
"US LGBT Agenda: Family, Safe Space, Bullying, &quot;Getting Better&quot;",https://www.youtube.com/watch?v=jeya0XOfnYg
National Agenda 2021: David Hogg &quot;A Generation&#39;s Voice&quot;,https://www.youtube.com/watch?v=0iqvfj7WtBM
HTH Holocaust Survivor Assembly,https://www.youtube.com/watch?v=xVH6SCwMY08
Military and Veterans Programs Showcase: Corrosives and Military Readiness,https://www.youtube.com/watch?v=6AwcyevGBFQ
Laurie Penny | Bitch Doctrine,https://www.youtube.com/watch?v=zPv40AsyJyY
"#13 FreeSpeak (Part 1): Free Speech vs Hate Speech, Racism and Insult &amp; the Role of Social Media",https://www.youtube.com/watch?v=IEsmCXjIE9s
PoSH Law: Legal Rights of Women - Few Important Laws | ILA &amp; Kelp HR Webinar,https://www.youtube.com/watch?v=RrHeQz1b7hI
"One Howard Community Conversation -- December 3, 2016 The Bain 50+ Center",https://www.youtube.com/watch?v=wD_DxRLelck
MNLU MUMBAI Organizes Gender Equality Today for a Sustainable Tomorrow A Series of Webinars,https://www.youtube.com/watch?v=ohGLzoKFLuI
The Role Men Must Play in Challenging/Eradicating Violence Against Women &amp; Girls - 30 November 2022,https://www.youtube.com/watch?v=tg8lUcOQ_Uo
"Sacramento County Board of Supervisors - June 5, 2024",https://www.youtube.com/watch?v=nFTA7GXWq2Y
Gender Based Violence | Dr. Tissy Mariam Thomas,https://www.youtube.com/watch?v=vaPMmSxe4_Q
Toleration | Wikipedia audio article,https://www.youtube.com/watch?v=2E9lhUdlQVY
YouTube Creators for Change - The Invisible Heroes (Part 1),https://www.youtube.com/watch?v=jTuy1_Kso-g
MUN Stream (2020-2021) SOCHUM Committee,https://www.youtube.com/watch?v=DpCaK9zpNVc
Subaltern Studies (2023-02-18)-3,https://www.youtube.com/watch?v=_SxTo0aY78o
"LIVE: ABC News Live - Wednesday, January 22 | ABC News",https://www.youtube.com/watch?v=Vg3XPwBw5Pc
Invited Speaker Series - Rose Rudzinski 8.30.24,https://www.youtube.com/watch?v=wpkjKoUJc5E
School-Based Behavior Threat Assessment and Management: General Considerations,https://www.youtube.com/watch?v=RXJj_bTRh5U
Information Security Education Awareness in Tamil,https://www.youtube.com/watch?v=Qc3WkHzsm2I
Editing Your Work Cited Page,https://www.youtube.com/watch?v=I-vE8Sr4E1g
Mass Shootings in America -- Panel Discussion,https://www.youtube.com/watch?v=PlH2ghStsWs
"Nine brothers died in battle, and nine unmarried sisters-in-law all wanted to marry me",https://www.youtube.com/watch?v=zPerVIk0cRI
Women and Security|JKPI|VIDEO,https://www.youtube.com/watch?v=2Pj3-f0jHa0
Special Events: Promoting Wellness in our School &amp; Community,https://www.youtube.com/watch?v=wg7IP3YBQO0
Communicative English|BBA|12th Batch|Tisha 1|University of Scholars,https://www.youtube.com/watch?v=KhsWdpCaDsU
The Hindu Analysis 12th October 2022 For beginners/Editorial/Vocab CDS/CUET/CLAT/NDA/LLB/SET/SSC,https://www.youtube.com/watch?v=-6xPJ8YSclM
&quot;August Ames Did Nothing Wrong&quot; - A Gay Conservative Responds,https://www.youtube.com/watch?v=YL_gxYvyDOM
"Countering Online Violence against Women, 7 June 2023, 15:00 – 16:30 (CEST)",https://www.youtube.com/watch?v=CUqS7RYD2mM
Ethics and Values three modules,https://www.youtube.com/watch?v=peBq6uiMCv4
The Ethics of Free Speech,https://www.youtube.com/watch?v=ywxgHUthsFs
Madd Marv Comedy Lounge - Topic: WILLS AND TRANSGENDER RESTROOMS 5-10-16,https://www.youtube.com/watch?v=vF-VuRJd5wo
"Upon Becoming a Vampire,The 1st Thing I Did Was Soak up the Sun,Thank to a Unique Ability I Awakened",https://www.youtube.com/watch?v=Byxqpxya70I
12 October 2022 The Hindu Newspaper Analysis,https://www.youtube.com/watch?v=0Bzr_3D8Y3w
Getting a marriage certificate right after meeting? My wife is actually a big star?,https://www.youtube.com/watch?v=9b0HVCMoi-8
The Power You Don’t See | SOCIAL MEDIA | Unveiling the Truth About Online Influence,https://www.youtube.com/watch?v=JJP3rYGiohE
"I have been given a magic jar that can satisfy all desires, but are you ready to pay the price?",https://www.youtube.com/watch?v=jvrwuL92fXM
24th August 2022-The Hindu Editorial Analysis+Daily Current Affairs/News Analysis by Harshit Dwivedi,https://www.youtube.com/watch?v=knm2yxCanl4
"This Man Reborn Before the Zombie Apocalypse, Astonishingly Spends 10 Million on a Crow",https://www.youtube.com/watch?v=3rFwzoW3Ixg
🔥#YOUNGDOLPH🔥#LIVE SH00TN🔥WHATS G0OD4 #DOLPH#FAMILY !S G0OD4 #YOGOTTI FAM🔥#FINESSE2TYMES🔥#pre on#top,https://www.youtube.com/watch?v=nuj10qs3qfc
"Two Years Dead, She Returned Only To Find Everyone Hated Her—Except One Man",https://www.youtube.com/watch?v=nvqK2kdUYuM
Supporting Patients Who Identify as 2SLGBTQ+ Who Could Benefit from a Palliative Approach to Care,https://www.youtube.com/watch?v=0V6mQHszjUs
Speak Truth to Power: Forum on Anti-Black Racism | Dalhousie University,https://www.youtube.com/watch?v=A_piUwaJMvY
Spotlight Initiative high-level event: 74th session of the UN General Assembly,https://www.youtube.com/watch?v=MTEndi6innI
Change is Coming: Youth Advocacy for Global Competence,https://www.youtube.com/watch?v=mA_q5zaoF0A
Apocalypse Arrives: I Gained Spatial System and Plunder Trillions in Overseas Resources in Advance!,https://www.youtube.com/watch?v=0v6HDZn1cXE
I recognized the wrong person and got the wrong marriage certificate. I want a divorce! - part 2,https://www.youtube.com/watch?v=65cNbm6q868
CHRISTUS VIVIT - APOSTOLIC EXHORTATION  OF POPE FRANCIS (Audio with Caption),https://www.youtube.com/watch?v=nIwrZbLEGsY
"The Man Is Reborn Before The Zombie Apocalypse, Buys A Crow That Will Later Shake The Entire World",https://www.youtube.com/watch?v=bYhNUzpC-2Q
Furry History | The Internet Age,https://www.youtube.com/watch?v=7d_CxqHGaD0
Complete News Paper Analysis | The Hindu | 12 October Current Affairs | My Disha Academy #upsc #ias,https://www.youtube.com/watch?v=FhTrmb6nEog
Why Tumblr Died So Quickly,https://www.youtube.com/watch?v=esUriEoFfUc
🔥#YOUNGDOLPH #UPDATE🔥#FEDS HAVE A #CEOTEEZY LOOKALIKE DOUBLE ON  FORCE TO TAKE DOWN PLUG🔥#pre on#top,https://www.youtube.com/watch?v=8T9n9ZbG_-c
"After cultivating in another world to the Mahayana stage, I returned to Earth -FULL",https://www.youtube.com/watch?v=XIRUkVfDpWA
Acontecimientos actuales #1: Covenant School Shooting (Actualizaciones),https://www.youtube.com/watch?v=HsYBvhgWAf8
"After rebirth, I cut off all feelings and love, school beauty who hated me was also reborn - part 2",https://www.youtube.com/watch?v=Kqu2llukzTE
"Chris Chan and Hypocrisy, a Cwiki reading",https://www.youtube.com/watch?v=mSTacU0Ok_Q
"I Am Strongest Sword Immortal,But I Can Only Sleep in a Bridge Hole and Scavenge for Trash Every Day",https://www.youtube.com/watch?v=4OF3cGmP-fc
Fentanyl Overdoes - Making a Positive Impact with Ava Michelle,https://www.youtube.com/watch?v=So6BPp-j8_4
&quot;CRACKER&quot; IS NOT A SLUR,https://www.youtube.com/watch?v=nj2JXPCO320
"Live fishing, caught a female ghost wife?",https://www.youtube.com/watch?v=49t6xxQHFdg
Toleration | Wikipedia audio article,https://www.youtube.com/watch?v=B8E5gX88moM
#1: The Pilot | Blocked &amp; Reported,https://www.youtube.com/watch?v=uKbRyj_kJIQ
CBC News Special: Canada Day 2019,https://www.youtube.com/watch?v=gs6PMBI5C9g
Scottish Government Debate: 16 Days of Activism against Gender-based Violence - 29 November 2023,https://www.youtube.com/watch?v=uZ6ATQ89Gac
"Nigeria Secures $700M in Energy Investments - 12 PM News, 27 January, 2024",https://www.youtube.com/watch?v=5wZbTq_ozFY
10/25/2023 13:12 New York City Council Video  City Hall Chambers  231025 131258,https://www.youtube.com/watch?v=mgFf4RQTmw8
"Michigan Alliance Against Hate Conference - October 21, 2021",https://www.youtube.com/watch?v=4Pjxwoc4e1w
The DIGIMON MULTIVERSE &amp; TIMELINE(S) - An 11 HOURS IN-DEPTH ANALYSIS [Digimon Conversation #104],https://www.youtube.com/watch?v=EmkZAyqstwQ
"After being dumped by my goddess, I found a mute girlfriend",https://www.youtube.com/watch?v=toBS5aHdlzA
"After confessing 99 times, I gave up, but the school beauty panicked - part 2",https://www.youtube.com/watch?v=_JEgVqvib1Y
Unpacking my scentsy club whiff box cotton clean up and ironman warmer and hulk scented buddie,https://www.youtube.com/watch?v=m8P0h8-IHE4
LIVE: Fulton County hearing on District Attorney Fani Willis misconduct allegations,https://www.youtube.com/watch?v=D0xD6P_ynxY
Understanding Cyber Threats  How to Stay Ahead,https://www.youtube.com/watch?v=QcyCTRfRtws
Debt-Repaying System: Why should I pay back the money I borrowed?,https://www.youtube.com/watch?v=hDSi1vRWpB4
The female colleague who slacks off at work with me is the female president of the company? - part 2,https://www.youtube.com/watch?v=PMtjWrLS7qw
Hallie Jackson NOW - Oct. 25 | NBC News NOW,https://www.youtube.com/watch?v=UKLhQWfmhKQ
Watch NBC News NOW Live - August 26,https://www.youtube.com/watch?v=m2z6liY1nJs
"Islamophobia: Definition, Events, Western Perception, causes, Implications &amp; Way Forward | CSS ESSAY",https://www.youtube.com/watch?v=0ucKrNok03E
I can inflate any number tenfold and make crazy money!,https://www.youtube.com/watch?v=F3YlJuvfO_U
"Got the Godly Rich System, sorry I&#39;m invincible - part 2",https://www.youtube.com/watch?v=ETAzdIOXZnk
"Got the Godly Rich System, sorry I&#39;m invincible - part 3",https://www.youtube.com/watch?v=Bb9PPlOh11o
"Got the Godly Rich System, sorry I&#39;m invincible - part 4",https://www.youtube.com/watch?v=5TQ9N_dCUQM
PERLINDUNGAN DATA PRIBADIi &amp; Kekerasan Berbasis Gender Online | Diskusi ALSA UNSOED &amp; Syiah Kuala,https://www.youtube.com/watch?v=lf7nx9yajV4
"The NO.1 rich man has arrived, and all the female anchors on the Internet are crazy about me",https://www.youtube.com/watch?v=w1r6xPEyYCM
"I turned my resignation into a love letter, and the beautiful CEO fell in love with me- part 2- FULL",https://www.youtube.com/watch?v=s0b-lzpMHLI
"Four ex-girlfriends are pursuing me again, and I just want to run away - FULL",https://www.youtube.com/watch?v=EoE8JuFdGDk
Watch: NBC News NOW Live - October 12,https://www.youtube.com/watch?v=L6lNYX9QPn0
【FULL】【GL】予我心動 | Heartbeats And Love🌈百合/同性/愛情/GIRLLOVE,https://www.youtube.com/watch?v=491auIzD3ww
"Marijuana, Dr Gupta &amp; Christ Psychosis in America 081313",https://www.youtube.com/watch?v=RHVXbYdrtz4
Internet Trolling - Eine historische Aufarbeitung,https://www.youtube.com/watch?v=0ZrhUEd9Vck
The world&#39;s greatest internet troll explains his craft,https://www.youtube.com/watch?v=us4Eti0UmDI
When two internet trolls meets IRL | Sip Comedy,https://www.youtube.com/watch?v=MGZS3yv2Q1A
The Science of Internet Trolls,https://www.youtube.com/watch?v=6Zxy_dScjsM
😨😂Die KRASSESTEN INTERNET TROLLINGS aller ZEITEN REAKTION | Trymacs Stream Highlights,https://www.youtube.com/watch?v=LiiBmE6VEzs
Internet Bridge Troll,https://www.youtube.com/watch?v=FMEe7JqBgvg
Das waren die legendärsten TROLLS aller Zeiten! - Gronkh Reaction,https://www.youtube.com/watch?v=yRGUEoOqmTo
GloRilla - Internet Trolls (ft. Hitkidd) (Official Music Video),https://www.youtube.com/watch?v=RmxF264KyIs
Rainbow Six Siege Internet Trolling,https://www.youtube.com/watch?v=4BBEbeabceE
The Real Life Victims of Internet Trolls,https://www.youtube.com/watch?v=JiBEZMGqXbg
AUF diese INTERNET TROLLINGS sollen MENSCHEN reingefallen sein? 😂,https://www.youtube.com/watch?v=DdWx5X9v49M
The Secret Confessions of an Internet Troll,https://www.youtube.com/watch?v=5BQp3V_34BE
React: Internet Trolling - Eine historische Aufarbeitung,https://www.youtube.com/watch?v=dk5EMVgVtIU
20 Jahre Internet Challenges,https://www.youtube.com/watch?v=wgkTQoi33JY
Die krassesten Internet Trollings 😂 | Jules Reaktion,https://www.youtube.com/watch?v=EeLMmvFZhAs
Internet Trolls: Born That Way?,https://www.youtube.com/watch?v=YLggqoPEfJU
Die krassesten Trolle im Internet 😂😂 | Niek Reaction,https://www.youtube.com/watch?v=IcWoUVn7v7M
Trolling FEMINIST Zoom Class!,https://www.youtube.com/watch?v=co-dLfgW1BA
Die Kunst der Internetraids,https://www.youtube.com/watch?v=ubfzmLntsqQ
Traits of a troll: the psychology of internet trolling,https://www.youtube.com/watch?v=Cpwu4IMzGbk
The Dark Personality of Internet Trolls,https://www.youtube.com/watch?v=elkimw5TRQs
15 Minutes of Comedians on Internet Trolls | Netflix Is A Joke,https://www.youtube.com/watch?v=xqZ3BDDKqgs
Internet Trolls | South Park on Comedy Central,https://www.youtube.com/watch?v=FlwRUzawAXg
Meh | Internet Trolling with Statler &amp; Waldorf | The Muppets,https://www.youtube.com/watch?v=zSDj7bjAv2s
Energy Vampire Internet Troll,https://www.youtube.com/watch?v=SzJqaRDVUDw
Why Do People Troll?,https://www.youtube.com/watch?v=GDdbVYMDq30
When Professional Fighters Confront Internet Trolls,https://www.youtube.com/watch?v=esTWPAdGLTo
LULZSEC: The Internet&#39;s Deadliest Trolls,https://www.youtube.com/watch?v=4JChLsD3zxQ
Inside the bizarre world of internet trolls and propagandists | Andrew Marantz,https://www.youtube.com/watch?v=2ix8JEqCJ1s
Reved reagiert auf INTERNET TROLLING,https://www.youtube.com/watch?v=T0d_PJyiE-o
Moneyboy - Der größte Troll im Internet,https://www.youtube.com/watch?v=b3fQOgKDaPk
The Secret Life of an Internet Troll,https://www.youtube.com/watch?v=3leohmSJvKE
Die heftigsten Internet Trolls | iBlali Reageirt auf Jules!,https://www.youtube.com/watch?v=oFX95ND37CE
Wie Internet Trolling ESKALIERT,https://www.youtube.com/watch?v=TgSq1cVWHxI
Doja Cat is the ultimate Internet troll after this…￼,https://www.youtube.com/watch?v=PCe47qKNKV0
Internet Troll (feat. Huncho Yolo),https://www.youtube.com/watch?v=ocRysGcVD1M
The Internet Is Trolling Us,https://www.youtube.com/watch?v=1LT0dit5sGQ
Reaktion auf Internet Trolling - Eine historische Aufarbeitung,https://www.youtube.com/watch?v=pS4tUvqzOqI
🤣😂DAS LUSTIGSTE VIDEO 8.0 - INTERNET MEMES - ALLTIME BEST OF - JULES | ELoTRiX Highlights,https://www.youtube.com/watch?v=bZ-vvOj-35o
YouTube&#39;s Most Infamous Troll,https://www.youtube.com/watch?v=B-5TD4V-WSU
The Psychology of Trolling,https://www.youtube.com/watch?v=5gqHTlBp6iY
Invisible Ghost Trolling The ENTIRE Server on GTA RP,https://www.youtube.com/watch?v=Z0WtqA-7a-A
Andrew Tate explains how to handle internet trolls.,https://www.youtube.com/watch?v=GvGyGn8M88k
Trolling as a FAKE NPC in GTA 5🤫,https://www.youtube.com/watch?v=q6Gri7jSEf8
Internet Troll vs Pro Boxer,https://www.youtube.com/watch?v=xxdEXHaPXxg
4Chan Trolls Businessmen,https://www.youtube.com/watch?v=LJccq6iVroc
Inside the Brains of Internet Trolls,https://www.youtube.com/watch?v=n4JG9z7q168
The BEST way to handle internet trolls,https://www.youtube.com/watch?v=FuSUouEj67E
Revenge on internet trolls #bigbrain,https://www.youtube.com/watch?v=q-P9You6GmE
one piece is trolling the internet,https://www.youtube.com/watch?v=1GSRpHtif6M
Internet Troll Faces Jail Time,https://www.youtube.com/watch?v=k6E7KSRCkQM
Why Are Internet Bullies Called Trolls?,https://www.youtube.com/watch?v=7AlI9oKIixc
CaseOh Ranks Food While Chat Is Trolling 😭 #caseoh #meme,https://www.youtube.com/watch?v=mBtbfAlGvE0
Kai Cenat Reacts To Zoom Trolling!🤣,https://www.youtube.com/watch?v=zmDv7RgejZQ
Dear Internet TROLLS! 🧌🏳️‍🌈💁‍♀️ #Shorts,https://www.youtube.com/watch?v=ojFoNZqnsgs
&#39;Most Internet Trolls Are Narcissists&#39; - Dr Ramani,https://www.youtube.com/watch?v=-HFnPAcgShA
A Biblical Theology of Internet Trolling - AD on FLF Network,https://www.youtube.com/watch?v=IuaBV43eDfM
Hrmph | Internet Trolling with Statler &amp; Waldorf | The Muppets,https://www.youtube.com/watch?v=VDYsipu7KZQ
&#39;Internet trolls ruined my life&#39; - BBC News,https://www.youtube.com/watch?v=i_MWX7I3VDA
CaseOh Ranking Food Gets Trolled At The End 💀😭 #caseoh #meme,https://www.youtube.com/watch?v=FLBUpjJDaiU
Internet Troll REGRETS Messing With Pro Boxer,https://www.youtube.com/watch?v=T0yW4GF3xaU
HOW TO KILL AN INTERNET TROLL,https://www.youtube.com/watch?v=4uVmkCrowbk
"Are Internet Trolls Psychopathic? | Sadistic, Narcissistic &amp; Antisocial Personality",https://www.youtube.com/watch?v=Rk-hTtWFINU
Internet Trolling - Eine historische Aufarbeitung | REAKTION,https://www.youtube.com/watch?v=qkxhN3l-2aI
Internet Trolling And Hacking And Why You&#39;ll Go To Jail | Know Your Rights,https://www.youtube.com/watch?v=5gEedz7a97c
Andrew Tate | Internet trolling and open discourse,https://www.youtube.com/watch?v=BvXkZSxFZBM
Are Trolls Jerks In Real Life?,https://www.youtube.com/watch?v=82cPC4KaRZA
The Science of Online Trolling,https://www.youtube.com/watch?v=HxNdNISjc1A
Internet Trolling Escalates To Vandalism And Theft? - The Patrick Tomlinson Saga,https://www.youtube.com/watch?v=YWC_g5A107U
Internet Troll Gets Owned!,https://www.youtube.com/watch?v=S56lpon1JX4
"When Your Internet Trolling Was So Bad, You Feel Sorry Afterwards | People Stories #43",https://www.youtube.com/watch?v=tZQQh9IRd1g
GloRilla - Internet Trolls (LYRICS),https://www.youtube.com/watch?v=7a78J153yM8
Internet Troll actually comes to the gym.,https://www.youtube.com/watch?v=yyMwvFRjOTo
Broadcaster and naturalist Chris Packham on internet trolls | 5 News,https://www.youtube.com/watch?v=0l2Rt84fquE
Internet Comment Etiquette: &quot;Trolling OkCupid&quot;,https://www.youtube.com/watch?v=3xuOWp-6EA4
Trolling MEDITATION Zoom Class,https://www.youtube.com/watch?v=uDEOEepb-dg
The Anatomy of a Troll &amp; How The Internet Has Changed Us All - Pogcast 238,https://www.youtube.com/watch?v=yiU0zbSoX78
Is internet trolling protected free speech?,https://www.youtube.com/watch?v=abltrz5ipH0
Internet Troll Hunters: Can Internet Trolling Be Stopped?,https://www.youtube.com/watch?v=isWqIk82wKo
How to handle Internet TROLLS in 4 steps,https://www.youtube.com/watch?v=2hKCiI8E0S8
INTERNET TROLLS &amp; Social Media Etiquette,https://www.youtube.com/watch?v=2rDZx6owGd4
Social media giants fight Internet trolls,https://www.youtube.com/watch?v=ww7HRy7bJ7c
Can you outsmart a troll (by thinking like one)? - Claire Wardle,https://www.youtube.com/watch?v=Iu4OdhjnN4I
19Keys Destroys Internet Troll Live,https://www.youtube.com/watch?v=oV4t3RKnxmc
Internet Trolls Personality Traits | Psychology of Trolling | Dr. Jordan Peterson &amp; Dr. Jean Twenge,https://www.youtube.com/watch?v=ahFN4t-Qy0o
Internet Trolls 😂🤣 #troll #funny #laugh,https://www.youtube.com/watch?v=gXLvtNhVqIg
10 Internet Trolls Who Were Exposed.,https://www.youtube.com/watch?v=XjwfOA2WwAA
Internet trolling and how to avoid it I NordVPN,https://www.youtube.com/watch?v=9HGTJARbANI
The Psychology of Internet Trolling - Evita March,https://www.youtube.com/watch?v=i5qkZ369MPI
I Hunt Down Internet Trolls | Super Users,https://www.youtube.com/watch?v=q5Pfkr-TZSk
Blech | Internet Trolling with Statler &amp; Waldorf | The Muppets,https://www.youtube.com/watch?v=7pCW0bd-gH0
The power of internet trolls: Who are they? | NordVPN,https://www.youtube.com/watch?v=qtEub_AJ2w8
why do internet trolls do what they do? Why do people #cyberbully #troll #darkpsychology #psychology,https://www.youtube.com/watch?v=X4Ok7mr_-ks
Trolling Zoom Classes....But I CONTROL Their Screen 2!,https://www.youtube.com/watch?v=69P0Det2tew
British man jailed for internet trolling.,https://www.youtube.com/watch?v=KRFgijEa-Uo
😳 ABELLA DANGER RESPONDS TO INTERNET TROLLS,https://www.youtube.com/watch?v=s4E_yOYZAYI
How To Be An Internet Troll | Colin Robinson | #whatwedointheshadows,https://www.youtube.com/watch?v=8mN2ELvcV_Y
Internet trolling. Is there a troll in everyone?,https://www.youtube.com/watch?v=tdMiAD0tYzo
How to turn an internet troll into a marketing campaign…,https://www.youtube.com/watch?v=7i3p-NzOlDk
trolling as a fake egirl in discord,https://www.youtube.com/watch?v=1Ab7-4mZlHg
Funniest Zoom Trolling Compilation of 2023!,https://www.youtube.com/watch?v=sAZ604JJ9MI
Grenade Trolling as an NPC | DonDada RP #shorts,https://www.youtube.com/watch?v=hO-3Kk4jJGI
How to deal with internet trolls | Hate Comments on Internet | An Open Comment,https://www.youtube.com/watch?v=iPtJqeMqxwc
Facing ghost girls vs boys #trollface #edit #troll,https://www.youtube.com/watch?v=c9tGPD8ypNg
Isabella Sorley gives advice on internet trolling in schools,https://www.youtube.com/watch?v=X0je15Rou8k
bro is the biggest troll 🤣,https://www.youtube.com/watch?v=_G2AckfQkJ0
They Are Behind Internet Trolling😈 #shorts #trolls,https://www.youtube.com/watch?v=M7XqRcJMc_w
&quot;The Psychology of Internet Trolls&quot;,https://www.youtube.com/watch?v=6-jxC4cxfro
Predatory Trolling is a Social Epidemic: Jordan Peterson: Lighthouse International #shorts #trolling,https://www.youtube.com/watch?v=UTPBQEe_B2U
Internet Troll Men,https://www.youtube.com/watch?v=AWx6ukNnq7Q
Australian Researchers Look Into Psychology Of Internet Trolls,https://www.youtube.com/watch?v=1_DlcUs8rF4
Internet Trolls,https://www.youtube.com/watch?v=sZdxnQhnXH8
The Antisocial Network: Investigating Internet Trolls | Full Documentary,https://www.youtube.com/watch?v=8YmfpHq3DfE
Internet Trolls are Degusting,https://www.youtube.com/watch?v=V1H2OxYhQ20
Trolling Indian Online Classes😂😂│#shorts #YoutubeShorts,https://www.youtube.com/watch?v=UZDbz0Sv8XY
GTA 5 Online: Trolling Jet Griefer With Nano Drone!! #gta5online #gta5 #gtaonline #sickosavage8692,https://www.youtube.com/watch?v=njBHzo3PgfM
Responding to internet trolls with receipts 👀😏,https://www.youtube.com/watch?v=YSKRm3TyZyY
How Australia Is Cracking Down on Internet Trolls,https://www.youtube.com/watch?v=IkwBy30yHCk
Government to introduce online trolling legislation,https://www.youtube.com/watch?v=VOvFVgOYdMM
LostKittn REAGIERT auf Jules - Internet Trolling - Eine historische Aufarbeitung,https://www.youtube.com/watch?v=uFDcX2tfGaU
The Psychology Behind Internet Trolls 👺,https://www.youtube.com/watch?v=ENm_RNrmbTE
"Internet Trolls,What’s the Biggest Shitshow You’ve Ever Caused?",https://www.youtube.com/watch?v=PeK3TabAAEQ
Trigger Words &amp; Dealing with Internet Trolls (Up Your Negotiation Game),https://www.youtube.com/watch?v=k6llN666bv8
The Psychology of Trolling,https://www.youtube.com/watch?v=0DiHhV6uCGg
7 Deadly Sins of Internet Trolls!,https://www.youtube.com/watch?v=fBARdXg1s68
How to recognize malicious internet trolls | NordVPN,https://www.youtube.com/watch?v=t7hQ1QWc9x4
Das Internet vs. Das Jugendwort des Jahres,https://www.youtube.com/watch?v=ZyClL4TG8uk
Internet Trolls,https://www.youtube.com/watch?v=IvHeObbqcLk
Activists Fight Online Trolling by Hate Groups,https://www.youtube.com/watch?v=gTxhPFenc8I
Doraemon Trolling Indian Zoom Classes #zoomraids #hiskid #shorts #youtubeshorts,https://www.youtube.com/watch?v=FEfr2cskY3Y
In being an Internet Troll against the law?,https://www.youtube.com/watch?v=jCl5E1JtXzk
Internet Trolling &amp; Comment Moderation - Tricks of the Troll,https://www.youtube.com/watch?v=sW22paDFm6s
Why y’all so mean on the internet #trolling #comments,https://www.youtube.com/watch?v=S9xjYJFdihc
Internet trolling,https://www.youtube.com/watch?v=b9Dki_fLtoA
This is for the Internet Trolls #shorts #hiphop #rapper,https://www.youtube.com/watch?v=1EJrUeAZw7w
Who is Trolling The Internet?!,https://www.youtube.com/watch?v=qR_sAC7QrrI
Mārtiņš Daugulis. Internet trolling as a tool of Hybrid Warfare.,https://www.youtube.com/watch?v=njg6DR6JTU4
The 12 Types of Internet Troll and Gamer,https://www.youtube.com/watch?v=VnnvPv6lKEU
Internet Trolling - Eine historische Aufarbeitung - Reaction,https://www.youtube.com/watch?v=iVzEiWF4mXQ
Boxer vs Internet Troll 🤓 (pt.2),https://www.youtube.com/watch?v=ZmLIMk6juMM
Unmasking Internet Trolls: The Psychology of Lying for Online Coolness,https://www.youtube.com/watch?v=oN9mK4TvK3s
BBC Tracks Down A Notorious Internet Troll!,https://www.youtube.com/watch?v=pezblWJt8hM
Internet Trolls Could Face 2 Years in Prison? - THE LOOP,https://www.youtube.com/watch?v=vs2fPhh6dK8
How To Get Paid To Troll On The Internet!,https://www.youtube.com/watch?v=1-CuclqT2hI
Digital Bytes: Haters and Trolls,https://www.youtube.com/watch?v=8QiATXAjafU
Exposed: These Internet Trolls Be Federal Agents!,https://www.youtube.com/watch?v=tS1wohEXJjk
KREEKCRAFT GOT TROLLED... 💀😭,https://www.youtube.com/watch?v=vueGRjC64Ao
Granny chapter 2 Troll face edit #viral,https://www.youtube.com/watch?v=g0LvazLIoJE
Study: Internet Trolls Are Sadists | The Rubin Report,https://www.youtube.com/watch?v=q_FQLAiaNUo
What is wrong with you Internet trolling the (Star Wars The Acolyte) must have forgotten??,https://www.youtube.com/watch?v=quhW7_wuQ5A
Trolling Internet Tough Guys in VRChat,https://www.youtube.com/watch?v=zrFlu1FgkMU
Khloe Kardashian Claps Back At Internet Trolls,https://www.youtube.com/watch?v=D_p09CwuEOk
10 Internet Trolls Who Were Shockingly Exposed,https://www.youtube.com/watch?v=zU4LwJuCMjE
Trolling Streamers With AWFUL Donations!,https://www.youtube.com/watch?v=qNiE_bfpHUM
Trolling Racist Zoom Class!,https://www.youtube.com/watch?v=inzw2M0RxlA
"&quot;When you troll your friend, and they actually fall for it! 😈😂 #TrollFace #YouGotTrolled #MemeEdits&quot;",https://www.youtube.com/watch?v=RJFcyy_N-pc
BizzNazz69 Internet Trolling Masterclass.,https://www.youtube.com/watch?v=7m08ji_66Ws
The Dark Side of Connectivity: Understanding Online Trolling,https://www.youtube.com/watch?v=xlnJDdzkwrQ
Motion Graphic : Internet Troll dalam Pandangan Islam - Rumaysho TV,https://www.youtube.com/watch?v=NmXxWvl1KZ8
&quot;Trolling the Internet with Crazy Face Tuning! 🤣 #Shorts&quot;,https://www.youtube.com/watch?v=w7pCE65d0x0
347: What is 4Chan? Explaining Internet Trolling Culture,https://www.youtube.com/watch?v=8yi8ukxqSwU
What&#39;s the Best Internet Trolling Act You&#39;ve Accomplished? | People Stories #33,https://www.youtube.com/watch?v=h4qt1U6Oc90
Mmph | Internet Trolling with Statler &amp; Waldorf | The Muppets,https://www.youtube.com/watch?v=vgqM7zrgCLI
Tracking the Internet Trolls especially Forrest Jamison and Greg Hadorn,https://www.youtube.com/watch?v=gSH8pRqqBGo
Kodak Black Respond to the internet trolling about Him Beefing with Jackboy!!!!,https://www.youtube.com/watch?v=DjEpxwm-IJI
What Should we do about Internet Trolls?,https://www.youtube.com/watch?v=69Ap5QAl2GQ
Girl Voice Trolling in Da Hood Part 1,https://www.youtube.com/watch?v=TBE8vOObM5E
The Age of Hostility: Investigating Internet Trolling,https://www.youtube.com/watch?v=2cqFiLEkeBs
Funniest online troll moment !!#shorts #youtubeshorts  #shortvideo,https://www.youtube.com/watch?v=4QpIoLqhFic
Internet Trolls,https://www.youtube.com/watch?v=gCybR1OHR3w
“follow my lead” 😂 #roblox #funny #squidgame #trolling #memes #gaming #meme,https://www.youtube.com/watch?v=u3vBd9-aKG4
@GodLRashuLive HOW TO DO BEST TROLLING IN 3.6 UPDATE😱#1v4clutch #bgmi #pubg #pubgmobile #gaming,https://www.youtube.com/watch?v=lepSpXoSKeA
Meghan Markle discusses how the internet can ‘propel’ online trolling,https://www.youtube.com/watch?v=9Cf1LRUqymE
What Motivates Internet Trolls &amp; Cyber Bullies?,https://www.youtube.com/watch?v=E9GkeZGtVI4
Internet Trolling (Savagelevel100),https://www.youtube.com/watch?v=5RiF5on80H0
Michal &quot;The Joggler&quot; Kapral Reads Internet Trolling,https://www.youtube.com/watch?v=2C0qCB6TSXQ
"Trump Posts Funniest Meme In History, BREAKS Internet Trolling DeSantis Launch Glitch 🚀",https://www.youtube.com/watch?v=fU7DuyFW13U
Internet Trolls: Unleashing Chaos and Harassment Online,https://www.youtube.com/watch?v=AhyyetozmsQ
Asians React to Internet Trolling w/ ARTHUR CHU - Angry Asian America S2 Ep 4,https://www.youtube.com/watch?v=s-94YcWnmQ0
TROLLING as Other YouTubers! #gorillatag,https://www.youtube.com/watch?v=UPySAw9D2ok
Today Show: Internet Trolling,https://www.youtube.com/watch?v=95zXEQkv13M
Momentos antes da trollagem 🤣 #trolface #edit,https://www.youtube.com/watch?v=U8tIBAfVeuU
The Internet is TROLLING me with THEIR PFP #shorts,https://www.youtube.com/watch?v=ay4lJWltB3A
10 People Who Got Caught Trolling,https://www.youtube.com/watch?v=EIMqF7b9FHQ
Why Internet Trolls... Troll | Vegan Bread with Oats and Flax,https://www.youtube.com/watch?v=d2K52YoPlfs
Activists Fight Online Trolling by Hate Groups,https://www.youtube.com/watch?v=kyHQy9mG5gk
Internet Trolling Unicorn | The Report Card,https://www.youtube.com/watch?v=K5kFN6t0r_0
Internet trolling the overpowered elite barbarians,https://www.youtube.com/watch?v=_lO50j1i57k
This what happens when you Internet Trolling 🤷🏾‍♂️ you gotta stand on that business,https://www.youtube.com/watch?v=qM4DKldqyYA
Hiring Actors to Troll Zoom Classes,https://www.youtube.com/watch?v=UJEl0gevVh0
BBC CRIMEWATCH - 22 01 2014 (Internet trolls),https://www.youtube.com/watch?v=XYdh8jo3dVg
MAIOR TROLLAGEM DO ANO! #shorts #historia #internet #troll #apple,https://www.youtube.com/watch?v=h3WhYgOSo4s
How to Deal with Internet Trolls,https://www.youtube.com/watch?v=b7MQEloHIW8
"Cyberstalking and Internet Trolling: Its Dangerous and Solutions (Legal, Technical, Psycho-Social)",https://www.youtube.com/watch?v=yMpNFXsML1k
Claressa Shields BEATS Up Bully For Trolling Her On IG For Over A Year‼️,https://www.youtube.com/watch?v=rasB2w5vOt0
Psychology Behind Internet Trolling #shorts,https://www.youtube.com/watch?v=-bTrH6izH6I
The Shocking Truth About the Internet  Trolling  and House Arrest,https://www.youtube.com/watch?v=DuwR7AhaC_U
Stream Sniping Internet Gangsters! (GTA RP TROLLING),https://www.youtube.com/watch?v=3X5qIfWeF3k
CPS Issues New Guidelines Against Internet Trolls | Good Morning Britain,https://www.youtube.com/watch?v=cl7unwaYf_w
We Got SWATTED!!! Internet Trolling Gets Out Of Hand - Top Hat Chat,https://www.youtube.com/watch?v=HHjY96sAEak
🚨BREAKING: Trump Just BROKE the INTERNET at McDonalds Trolling Kamala,https://www.youtube.com/watch?v=PhW9tW2QAyY
Pokimane wants internet trolls to be held accountable #pokimane #twitch #twitchstreamer #gamenews,https://www.youtube.com/watch?v=lCSn91IBPcY
Episode 5 - &quot;Internet trolling Vs Cyber Bullying: is there really a difference?,https://www.youtube.com/watch?v=Nb_YI2FB01I
Internet trolling (pro. Lazermade) (feat. 2Brazyy),https://www.youtube.com/watch?v=qNaO1S2Fj9s
𝗣𝘀𝘆𝗰𝗵𝗼𝗹𝗼𝗴𝘆 𝗕𝗲𝗵𝗶𝗻𝗱 𝗜𝗻𝘁𝗲𝗿𝗻𝗲𝘁 𝗧𝗿𝗼𝗹𝗹𝗶𝗻𝗴,https://www.youtube.com/watch?v=k_Rtu_O-gqg
Internet Trolling: I Accidentally a White Knight,https://www.youtube.com/watch?v=dyRpoEbvEVk
Pre-internet trolling,https://www.youtube.com/watch?v=Ci6G5Um9uxE
&#39;Internet Trolling&#39; Cat vs Mankey,https://www.youtube.com/watch?v=WEp6JHlD5EE
INTERNET TROLLS WHEN THEY MEET @pareyoung1988,https://www.youtube.com/watch?v=mzRNsxjyDV0
Best FREAKOUT&#39;S While Trolling Zoom Classes!,https://www.youtube.com/watch?v=HpY8JMbiT2E
KEMEN SPEAKS ON  INTERNET TROLLING | Hip TV,https://www.youtube.com/watch?v=z4X9aeRt_Sw
Gman&#39;s opinion on internet trolling - a panel review,https://www.youtube.com/watch?v=ZRwMv4oo_1Q
Let&#39;s Chat About Online Trolling...,https://www.youtube.com/watch?v=PjxQeiJBMwk
Activists Fight Online Trolling by Hate Groups,https://www.youtube.com/watch?v=RlmN0xmG17g
Why Are People So Rude Online? (Trolling),https://www.youtube.com/watch?v=SiMbvn-dsZo
The Ugly Effects of Internet Trolling and Online Hate Speech,https://www.youtube.com/watch?v=gBh6tRlf3I4
Convicted Twitter troll &#39;embarrassed&#39; by &#39;pathetic&#39; messages,https://www.youtube.com/watch?v=2hl9eOLzfOk
Internet Trolling has Become Acceptable - Here is What We Do LA 1549,https://www.youtube.com/watch?v=Y9MnQEOS1MQ
REACTION auf Internet Trolling - Eine historische Aufarbeitung | #reactionnaut,https://www.youtube.com/watch?v=0xALPkr7vGk
"DT Daily: Internet troll goes on CNN, FTC offers cash for robocalling cure",https://www.youtube.com/watch?v=XnThj4-P8TU
🤣cartoon box meme #trollface #memes #shorts #funny🤣🤣🤣🤣🤣#trollface #memes cartoon box meme🤣🤣🤣 #lamput,https://www.youtube.com/watch?v=gzW9y6jnsTE
Trolling Pokemon players with the dumbest strats,https://www.youtube.com/watch?v=5bvhGlrIhgM
🤯😨JULES über die ERSTEN RIADS im INTERNET - REAKTION  | Trymacs Stream Highlights,https://www.youtube.com/watch?v=Q53eQarcGRo
trolling ONLINE DATERS as a girl 😳 #roblox #shorts,https://www.youtube.com/watch?v=WYnwqUqPvYc
Internet Trolls and Brexit Polls | Sargon of Akkad | YOUTUBERS | Rubin Report,https://www.youtube.com/watch?v=0UI9cF9OJaU
&quot;I Was an Internet Troll&quot; Creepypasta,https://www.youtube.com/watch?v=wgQhpyJXvYA
Trolling an Angry RACIST On Zoom!,https://www.youtube.com/watch?v=tNGKqIa_yGM
Best magic ever 😂😂 #memes #reaction #funny #comedy #trollface #shorts #lamput #viral,https://www.youtube.com/watch?v=176pNQWtOOQ
PRETENDING TO BE A MANNEQUIN! 😭 💔(Dress To Impress) Trolling Meme #dresstoimpress #dti,https://www.youtube.com/watch?v=NCa52zmzTIs
How to expose internet trolls. What to do to find out the identity of a troll?,https://www.youtube.com/watch?v=e82D5eleYkc
ZESTY Trolling in The HOOD is Just Too FUNNY... (GTA RP),https://www.youtube.com/watch?v=cAXeScjz0NY
&quot;Internet Trolling - Eine historische Aufarbeitung&quot; (Jules) - REACTION,https://www.youtube.com/watch?v=XLtdkd0Rqas
The Internet&#39;s WORST &quot;Online Trolls&quot; - UTTP,https://www.youtube.com/watch?v=uSw-tGSs9AI
life of an internet troll,https://www.youtube.com/watch?v=ONCbAp054GM
CLARESSA SHIELDS DESTROYS ONLINE TROLL IN A SPAR,https://www.youtube.com/watch?v=tlkZ5-E5wLM
Twitter Silences An Internet Troll,https://www.youtube.com/watch?v=I8S2FlI8Ers
Ranveer Allahbadia ने ऐसा क्या कहा मच गया तहलका? | Beer Biceps | India&#39;s Got Latent |,https://www.youtube.com/watch?v=U1NeG6goysA
Wie INTERNET TROLLING völlig ESKALIERT ist!,https://www.youtube.com/watch?v=m4H0kGMRVnM
Trolls #trolling #internettrolls,https://www.youtube.com/watch?v=VRowZifZx-w
Amy Schumer credits internet trolling with diagnosing Cushing&#39;s syndrome,https://www.youtube.com/watch?v=JGkogFweJ9s
I have checked your mind#trollface #troll #trolling,https://www.youtube.com/watch?v=Ksr8Fp2Y0Go
Richard Bacon Discusses His Internet &#39;Troll&#39; Who Is Obsessed With Hating Him,https://www.youtube.com/watch?v=HyQUniyaNZU
&quot;I am a guy who went to prison for Internet TROLLING&quot; - (Reddit Ask Me Anything),https://www.youtube.com/watch?v=Gj8PnWz0i_U
Internet trolls post vile messages following UnitedHealthcare CEO murder,https://www.youtube.com/watch?v=So97rPHQ0FA
Bankboy Bucks ft. Hagi - Internet Trollin (Official Music Video) | SHOT BY @Jed_zilla |,https://www.youtube.com/watch?v=XNZIqXdWomk
Internet Trolls,https://www.youtube.com/watch?v=6GQXg0vDvk8
Internet Trolling 42-100 + 40%,https://www.youtube.com/watch?v=n4d5Jjtoxxg
Trolling Streamers With AWFUL Donations 4!,https://www.youtube.com/watch?v=vFpe-xEtpj4
Steve&#39;s time 12 - Arizona will make trolling illegal,https://www.youtube.com/watch?v=B55pbop49AY
Троллmoment 12!,https://www.youtube.com/watch?v=FHjMbavLjF0
Bob Smiley on Internet Trolls,https://www.youtube.com/watch?v=jEfPpkvurhc
Internet Trolling,https://www.youtube.com/watch?v=LQvOqQt0bio
Peepohappy!  Internet Trolling I EveryLunaEver Reaktion 👀,https://www.youtube.com/watch?v=x5-7fng9wU4
Why do Internet &quot;trolls&quot; troll?,https://www.youtube.com/watch?v=i5BvBDR7Klw
A Psicologia por Trás de um Troll,https://www.youtube.com/watch?v=lLS9M0pTlP8
The Dark Nature of Online Trolls,https://www.youtube.com/watch?v=dB2GDXFfJt4
Troll Yell!!!!    From Trollhunter - 2010.,https://www.youtube.com/watch?v=YT5qGE4PIdI
Sie hat sich für Justin Bieber die Haare rasiert,https://www.youtube.com/watch?v=A68Pduf2aQ8
I Was Trolled Online For 13 Years By a Man I Used to Date | This Morning,https://www.youtube.com/watch?v=lYkZs62g1rA
"if Nightblue3 sees this, He might ban Tyler1 | Yassuo&#39;s Internet Trolling | LoL Daily Moments Ep 511",https://www.youtube.com/watch?v=JJDV2APU8UU
INTERNET TROLLING,https://www.youtube.com/watch?v=qTp5-SghkuE
Internet troll jailed over threats to U.S. kids,https://www.youtube.com/watch?v=-9ryvAb4jGc
Internet Trolling Part 1:Fake-News|Nikimon,https://www.youtube.com/watch?v=RowinD2-q1I
TROLL FACE 🥶 Maca And Roni Everyone Is Trolling Animation Edit #short #viral #meme #part2,https://www.youtube.com/watch?v=ueyvjWPmDZU
"Internet Troll Named, Shamed &amp; Jailed",https://www.youtube.com/watch?v=Qvu6lpSHKeo
GoRilla || Internet Trolls (Lyrics),https://www.youtube.com/watch?v=AA7lt3pEK58
"Esse Tipo De Trollagem Não Se Faz, Nathan 😡",https://www.youtube.com/watch?v=-5Z9xv-jMBw
Cyber101x: From trolling to activism,https://www.youtube.com/watch?v=EB1qFC4ffd8
LADY X VS INTERNET TROLL HALLOWEEN FUNNY DANCE BATTLE,https://www.youtube.com/watch?v=HBLi8XuBsU4
GloRilla – Internet Trolls (Official Music Video),https://www.youtube.com/watch?v=6fz4Ty12gF8
BOTÃO DAS TROLAGENS! 😂,https://www.youtube.com/watch?v=RTY9ybDSpmI
Internet Trolling full level + 37% (Upcoming Extreme Challenge),https://www.youtube.com/watch?v=kpBBTNkzlf4
🤣cartoon box meme #trollface #memes #shorts #funny🤣🤣🤣🤣🤣#trollface #memes cartoon box meme🤣🤣🤣 #lamput,https://www.youtube.com/watch?v=mBlTCWQU5d8
Internet trolling,https://www.youtube.com/watch?v=81fY2BNGWig
Talk about Bipolar😂 #lobanjica #blackjack #trolling,https://www.youtube.com/watch?v=kHwN4bEOE1E
Online Trolling - learn and #staysafeonline,https://www.youtube.com/watch?v=PATAAyXbw78
Mark Proksch Internet Troll,https://www.youtube.com/watch?v=bcqO-ZSbQsg
When Online Trolling Becomes Defamation - Where&#39;s The Line?,https://www.youtube.com/watch?v=8LnExr9chy4
Internet Trolling,https://www.youtube.com/watch?v=c43s0L-epUo
Jaya Kishori Reacts To Online Trolling Over Dior Bag Controversy #jayakishori #shorts #viral,https://www.youtube.com/watch?v=rft8y1Jn9Xg
Power of wig ☠️ #troll #trollface #trollfaceedit #editing,https://www.youtube.com/watch?v=CS988ZzN4MU
Trolling INDIAN Online Classes - Part 32,https://www.youtube.com/watch?v=OmX3lumTo60
Pixelkrieg und Internet Trolling • ElizaScarlet React,https://www.youtube.com/watch?v=0fBJDuGoKVw
Pegadinha com desconhecidos kk #memes  #zoeira #engraçado #rindo #pegadinha #trolagem  #comediahumor,https://www.youtube.com/watch?v=Lo4dmo3I-CM
Are trolls killing the internet?,https://www.youtube.com/watch?v=7qO9Y6reqmo
Sam Hyde&#39;s Advice on Breaking Free From Online Trolling &amp; P*rn Addiction!,https://www.youtube.com/watch?v=KSe-WLSDAKY
Internet Trolling,https://www.youtube.com/watch?v=uuFcz1NqXCM
Cuando Peleadores Profesionales CONFRONTAN a TROLLS DE INTERNET,https://www.youtube.com/watch?v=V-aGgLFgA-Y
TROLL FACE 🥶 Maca And Roni Everyone Is Trolling Animation Edit #short #viral #meme#part1,https://www.youtube.com/watch?v=UXz_Lx8doH0
Dealing with online trolls,https://www.youtube.com/watch?v=LuoHJJsjU5c
What is Trolling,https://www.youtube.com/watch?v=yQgjb5q2Qcg
Cyber Thuggin - 5 Most Common Trolls EXPOSED! | One Chick Army (S. 1),https://www.youtube.com/watch?v=QhoocnbBqxo
A TROLAGEM DEU ERRADO😱 @MANURAWENA ​⁠@FEHHJR,https://www.youtube.com/watch?v=axgFhTTvuTI
The Science of Internet Trolls: With Scientist Mel,https://www.youtube.com/watch?v=Uj7edSJ4FK0
The mermaid part:2🤣😂/🥶🤯wait for end🤯😱 #shorts #troll #memes #comedy #funny,https://www.youtube.com/watch?v=FrGTEagBEPA
Trolling Vegans For 40 Minutes Straight,https://www.youtube.com/watch?v=LpX4g9jn2nI
Internet Trolling - Eine historische Aufarbeitung Reaktion|xroman55,https://www.youtube.com/watch?v=Cq8WmfHroeA
Epic TROLLING of an internet hater!,https://www.youtube.com/watch?v=2Wh5c8h28Gs
"Internet Troll PSA (w/ SoundlyAwake, QbanGuy, SuburbanHomeBoy &amp; Rachel Talbott)",https://www.youtube.com/watch?v=WxlqUkkFg8s
इंटरनेट में ट्रोलिंग का क्या मतलब है?|| What&#39;s mean of trolling in internet,https://www.youtube.com/watch?v=T0jGS4Pz21c
troll face #viral #shorts #trollface,https://www.youtube.com/watch?v=bqsYUrfjPzw
😈NEVER TRUST INTERNET🗿#shorts #viral #troll #trending,https://www.youtube.com/watch?v=zuTOB4m_NK4
CALLAHAN VOICE REVEAL (INTERNET TROLLING) - Dream SMP,https://www.youtube.com/watch?v=0r1tWm739gE
Trollei o produtor de Obcecada e deu TUDO errado (Isa Buzzi),https://www.youtube.com/watch?v=O0qoJTZPsBw
Was ist Trolling?,https://www.youtube.com/watch?v=3sI-bq5YW5w
Internet Trolls Rant:  David George Brooke - That Gratitude Guy,https://www.youtube.com/watch?v=8g-BJtlCeQ8
Pegadinha com desconhecidos kk #memes  #zoeira #engraçado #rindo #pegadinha #trolagem  #comediahumor,https://www.youtube.com/watch?v=5Uj357bpTRk
Как Безоса Затроллили На Оскаре! 😳,https://www.youtube.com/watch?v=fOJYLVzpqvs
Episode 121 – Die Ethik hinter Internet-Trolling,https://www.youtube.com/watch?v=sNwsCTwwabo
Faking Clips With AI To Get An ADMIN FIRED!! (Fivem Trolling),https://www.youtube.com/watch?v=QBlZ_0_0Mxc
Donald Trump is trolling the Republican Party,https://www.youtube.com/watch?v=RY-Quq0vo2M
"&quot;Trolling🗿the Internet, One Face at a Time&quot; #edit #shorts",https://www.youtube.com/watch?v=dgM3-PYP3JA
Caí na trolagem dela 😂😂 #youtubeshorts #shorts,https://www.youtube.com/watch?v=tyizcKTtpLg
Эдисон Перец Троллит Херейда 😂 #эдисон #эдисонперец #short #shorts,https://www.youtube.com/watch?v=g857bSXIqR4
How to become a better internet troll.,https://www.youtube.com/watch?v=O91una6cI_s
2v1 Trolling Angry Griefers With My Missile Lock-On Jammer on GTA Online!!,https://www.youtube.com/watch?v=7QGR2aLrJwU
I RUINED An INTERNET Gangster&#39;s Relationship... (VR CHAT TROLLING),https://www.youtube.com/watch?v=HIlX3W-qCvA
Internet &#39;trolls&#39; use cloak of anonymity to torment Amanda Todd in death   Daily Brew   News Canada,https://www.youtube.com/watch?v=pbRaO9-tmQM
Internet Trolling - Eine historische Aufarbeitung | MD7 React,https://www.youtube.com/watch?v=lS9MfWyqdm4
What can be done about online trolling,https://www.youtube.com/watch?v=53Qgw5GYS5U
TROLL FACE EDIT TROLLING AURA REACTION #trolface #shorts #ytshorts #memes,https://www.youtube.com/watch?v=tGScB3b_GGU
don&#39;t judge a book by its cover 😎#troll #trolling #trollface #shorts #trending,https://www.youtube.com/watch?v=HrB8zjPfo0Y
Webinar on ICT Tools :&quot; Internet Trolling&quot;,https://www.youtube.com/watch?v=d0CRzEosEGM
TROLLAGEM COM EMOJIS! #shorts,https://www.youtube.com/watch?v=k9o_fzRWmI0
There&#39;s been &#39;a lot of hullabaloo&#39; about Morrison govt&#39;s proposed online trolling laws,https://www.youtube.com/watch?v=iH4crfRLfkc
Kavya Madhavan Gives Complaint Against Internet Trolling,https://www.youtube.com/watch?v=r-kSjuO5L4Q
How To Deal With Internet Trolls As A Creator,https://www.youtube.com/watch?v=Ug2cpGDhiPw
This is how you handle internet trolls.,https://www.youtube.com/watch?v=MFX4F4KYYNA
HOW TO DO BEST TROLLING IN 3.6 UPDATE😱#1v4clutch​ #bgmi​ #pubg​ #pubgmobile​ #gaming​..,https://www.youtube.com/watch?v=DrYRWlg_mxU
Bro gets trolled by a pre recorded meme again,https://www.youtube.com/watch?v=P9ZATDLGfWM
Social Media &amp; Online Trolling: How to speak up and practise self-care while doing so.,https://www.youtube.com/watch?v=elIzpBTW2e0
The Shocking Truth About Trolling on the Internet and How to Respond Maturely,https://www.youtube.com/watch?v=ezd2DJCtD8M
"What is Internet troll? Explain Internet troll, Define Internet troll, Meaning of Internet troll",https://www.youtube.com/watch?v=OVhcXtMab8M
Rita Ora &amp; Cara Delevingne On Their Horrifying Internet Trolling | GLAMOUR UK,https://www.youtube.com/watch?v=vNhceqFeObU
Troll face meme 💀🗿🤣 #trolface #memes,https://www.youtube.com/watch?v=dlTO0UYLLv4
INTERNET TROLLS EXPOSED-THE DANGERS OF PSYCHOPATHS ON THE INTERNET!!!,https://www.youtube.com/watch?v=Pr-_w2QH78k
"Trollagem do ano, assista completo .. #luquet4 #paulinholouco #paulinhooloko  #gtarp #capitalcity",https://www.youtube.com/watch?v=HTskbvkSRgI
THE MOST HILARIOUS PEOPLE ON THE INTERNET !?!? ( TROLL COMPILATION),https://www.youtube.com/watch?v=Rq0fENneASQ
Trolei meu Amigo com uma Armadilha  #minecraft,https://www.youtube.com/watch?v=oklBTOURyK4
Até você vai cair nessa trolagem do chocolate 😂🍫 #shorts #memes,https://www.youtube.com/watch?v=NUWBB1mfucQ
CAFÉ SÓ PARA OS RICOS LULA,https://www.youtube.com/watch?v=sczMp0_8aS8
Now Will Jon Jones Stop Internet Trolling &amp; Move To Heavyweight ?,https://www.youtube.com/watch?v=qRDVmx7aJFg
Internet Trolling ေတြကုိတု႔ံျပန္ဖို႔ အခ်ိန္မေပးႏိုင္ဘူးဆုိတဲ့ စုိင္းစုိင္း,https://www.youtube.com/watch?v=eSn71F0Ee2A
Boy vs Girl🍷Who is intelligent 🤓 #troll #trollface #edit #shorts #viral #funny,https://www.youtube.com/watch?v=MpZUgJf4k5o
The South Park Episode About Trolling,https://www.youtube.com/watch?v=5FNpli6A67c
"Twitter To Launch New Feature To Reduce Cyberbullying, Online Trolling",https://www.youtube.com/watch?v=w18rKSvwarg
LULA CRITICA PLANOS DO TRUMP,https://www.youtube.com/watch?v=UEY3x-5_5DQ
Trolling Internet Thugs on GTA 5 RP #GTARP,https://www.youtube.com/watch?v=dFvZEXSllow
TROLL FACE 🥶 Maca And Roni Everyone Is Trolling Animation Edit #short #viral #meme#part2,https://www.youtube.com/watch?v=7Zp0K8PLoCs
NIKOLAS FERREIRA E RONALDINHO GAÚCHO FAZEM SELFIE E LULA DICA COM RAIVA KKKK,https://www.youtube.com/watch?v=mErQ08eut3U
I Gave Myself ADMIN And The OWNER Got MAD! (GTA RP Trolling),https://www.youtube.com/watch?v=-G0stnHkrUU
TROLL FACE EDIT TROLLING AURA REACTION #trolface #shorts #ytshorts #memes,https://www.youtube.com/watch?v=d_-ZgXJcFrU
Google is trolling us🤯🤯🤯,https://www.youtube.com/watch?v=YM9XFTdSPFs
Funniest online troll moment !!#shorts #youtubeshorts  #shortvideo,https://www.youtube.com/watch?v=7iX9WvENntM
GHOST TROLLING made the WHOLE SERVER MAD in GTA 5 RP | DonDada Roleplay,https://www.youtube.com/watch?v=hT9YTFNYWCY
Giga fez a pior trolagem com Bitelo! 😂,https://www.youtube.com/watch?v=l7YGkMU1Zbw
Rage-Baiting British Internet Gangsters... GTA RP Trolling,https://www.youtube.com/watch?v=-NbR5PllQHQ
Celebrate going wrong way 😂 #notyourtype #animation #funny #cartoon #shorts #trollface,https://www.youtube.com/watch?v=CIhMkfCFoAA
Do We Feed the Trolls?,https://www.youtube.com/watch?v=YRZTeea9ohM
Internet Trolls Explained [Pyschology Of Internet Trolling],https://www.youtube.com/watch?v=n_btjMryXPc
"Werner Herzog on Virtual Reality, the Future of Humanity, and Internet Trolls",https://www.youtube.com/watch?v=cAo9o7zV24A
Internet Trolling historisch augearbeitet | Stream-Highlight vom 06.01.23 | Kaktus Reaction,https://www.youtube.com/watch?v=CLs6ok62i6Y
Trolling projectsupreme and cireslat in person,https://www.youtube.com/watch?v=2zXKZUyZTPo
🤣cartoon box meme #trollface #memes #shorts #funny🤣🤣🤣🤣🤣#trollface #memes cartoon box meme🤣🤣🤣 #lamput,https://www.youtube.com/watch?v=6Qk39FObcuc
"Memo 600 &quot;I Was On The Internet Trolling Being A Young Dirty Hot Head, SmashVille Told Me To Rap P12",https://www.youtube.com/watch?v=y47r-7MwIBc
a maior trolagem de futebol,https://www.youtube.com/watch?v=W53aqbdkzF8
Pegadinha com desconhecidos kk #memes  #zoeira #engraçado #rindo #pegadinha #trolagem  #comediahumor,https://www.youtube.com/watch?v=8E_V2iPoofM
VLOG: INTERNET TROLLING STILL TALKING I’M TALK BACK  HAPPY MOTHERS DAY TO MOTHERS ❤️💯🤦🏽‍♀️,https://www.youtube.com/watch?v=qF9dtzYKRUU
Exercises in Futility - How Lizzo Squashes Internet Trolling,https://www.youtube.com/watch?v=fvO6pGfOw9Q
MEME AVATARS WITH FACE TRACKING #vr #shorts #reels #vtuber #trolling #vrchat #trending #shortsreels,https://www.youtube.com/watch?v=yoLwdX_cBLo
QUANDO VOCÊ ACHA UMA FOTO NO CHÃO,https://www.youtube.com/watch?v=OlOAK2a_UcA
My friends trolling🤪 #memes #friendsmeme #friends #trolling #trending #ytshorts #whatsapp_status,https://www.youtube.com/watch?v=OjpsLQk6tfI
EXPOSING COPS ON TWITTER! (GTA TROLLING),https://www.youtube.com/watch?v=LO6hRXV9Wzo
Trollagem que deu ERRADO 💀,https://www.youtube.com/watch?v=1Qntsm0YAls
African Rebel VOICE TROLLING! Fortnite Gamer Cries Over Real Address Located! (KONY),https://www.youtube.com/watch?v=EQ_tjoYt0RI
Live internet Trolling while painting,https://www.youtube.com/watch?v=b3tw1NbWtMQ
Dti trolling #trill #fun #dti,https://www.youtube.com/watch?v=0Wivf6FXrV8
Trolling Chicago Internet Gangsters (PRESSED!),https://www.youtube.com/watch?v=HVTAZ0-vx9o
Trolling the ANGRIEST Roleplayers with MOD MENU | GTA 5 RP,https://www.youtube.com/watch?v=9Q6XDS12Qss
COMO COMER CHOCOLATE 🍫 ESCONDIDO!!!**🥬,https://www.youtube.com/watch?v=RIrBxdL4zg8
No internet prank #freefire #shortvideo #viralshorts #onetap #trendingshorts #trolling,https://www.youtube.com/watch?v=jAz8GDvi-Ro
ЛОЛОЛОШКУ ЗАТРОЛИЛА ФАНАТКА на СЕРВЕРЕ в МАЙНКРАФТ,https://www.youtube.com/watch?v=-l3NlyvQa6s
How To Stop Trolling Forever (Genuine Advice for Internet Trolls),https://www.youtube.com/watch?v=vluRL85J2Y0
Pegadinha com desconhecidos kk #memes  #zoeira #engraçado #rindo #pegadinha #trolagem  #comediahumor,https://www.youtube.com/watch?v=9zDUPgf4zUI
How Not To Be a Troll On The Internet | Coffee Table | Indus News,https://www.youtube.com/watch?v=iNyr3zJZEk8
Entertainment gone wrong 😅 #cartoonbox #animation #memes #trollface #viral #funnyvideo #comedyvideo,https://www.youtube.com/watch?v=GoamaScBFnE
Internet Trolls &amp; 90s Horror: WTF?!,https://www.youtube.com/watch?v=zWzEXPLMrnw
POTATO OMEGLE TROLLING COMPILATION PART 1,https://www.youtube.com/watch?v=B9e_jlx6Dvk
INTERNET TOUGH GUY GETS TROLLED ON MINECRAFT (MINECRAFT TROLLING),https://www.youtube.com/watch?v=9MW-iSb03zc
TROLL FACE 🥶 Maca And Roni Everyone Is Trolling Animation Edit #short #viral #meme #part1,https://www.youtube.com/watch?v=AXORp_CeFoY
PART 2 of the step by step tutorial for trolling the internet 🤓 @MaxGoodrich no 👀😅 #eyebrowgate,https://www.youtube.com/watch?v=8oQKb59B6q4
☠️ Coldest TrollFace Compilation ☠️ Coldest Moments Of All Time ☠️ Troll Face Phonk Tiktoks,https://www.youtube.com/watch?v=YRMjk8wwuPc
Kavya Madhavan Gives Complaint Against Internet Trolling,https://www.youtube.com/watch?v=4MdWnktwFxo
LULA E SUA NOVA ADVOGADA,https://www.youtube.com/watch?v=p5Xo9fDGKkc
Fox 11 News report on trolling,https://www.youtube.com/watch?v=vJqeAhjsjAw
Khate mai likh lena💸🤣#notyourtype #memes #funnyvideo #comedy #reaction #shortsfeed #viral #trollface,https://www.youtube.com/watch?v=8AMkxzQ4Avk
Getting OWNED by the smartest troll in CS2,https://www.youtube.com/watch?v=UozAr8bpOJE
Смотри до конца😂😂😂 #компот #майнкрафт #minecraft #shorts #рек #memes #тренды #майн #топ #троллинг,https://www.youtube.com/watch?v=zsBFgdVtlmM
Filho do oruam trollando o mc don juan,https://www.youtube.com/watch?v=nEgxWK-Ptxc
Podcast from the Archives: Ranveer Allahbadia (BeerBiceps) speaks on online Trolling,https://www.youtube.com/watch?v=9_XqwM2x9-8
The Boisterous Bros. #19 Trolling (Last In Series),https://www.youtube.com/watch?v=u4USrSVtlck
"Trolling the Internet: Ridiculous Trends, Wild Comments, and What Actually Improves Your Health",https://www.youtube.com/watch?v=dov1v3h5XPg
Man confronts internet Gangsta trolling his Rap Music Videos,https://www.youtube.com/watch?v=ovHlFxDJW0Q
trolling zoom classes... but i &quot;forgot&quot; my camera was ON,https://www.youtube.com/watch?v=CtzxdmDHMi0
Duke on trolling the Internet,https://www.youtube.com/watch?v=hTvbmI33ilw
Omegle Trolling... But I&#39;m ACTUALLY IN THEIR ROOMS #5,https://www.youtube.com/watch?v=HZ2FEZeplRc
NEYMAR E NIKOLAS EM ENCONTRO DE PESO,https://www.youtube.com/watch?v=eXy-uAOKGNs
Pegadinha com desconhecidos kk #memes  #zoeira #engraçado #rindo #pegadinha #trolagem  #comediahumor,https://www.youtube.com/watch?v=rvmkj9zliN4
Trolling griefers as 2 Turkeys On GTA Online!,https://www.youtube.com/watch?v=9p3qC9g31v8
How to Reply to Negative Comments (90s Tutorial),https://www.youtube.com/watch?v=x_QmvZRS85U
Trolling KICK STREAMERS with a MOD MENU... GTA 5 RP,https://www.youtube.com/watch?v=J8oq5M-Y95o
Auf den Spuren der Antiken Memes,https://www.youtube.com/watch?v=MEXM0SV8VmE
Admirable Animation #31: &quot;Troll - Shane Koyczan&quot;,https://www.youtube.com/watch?v=exiSUGTMLg4
What Is this 🫣 #funny #shorts #troll #trollface #edit #funnyshorts,https://www.youtube.com/watch?v=Jc_7L9qErZU
JLR REVERTS BACK TO HIS BASIC INTERNET TROLLING,https://www.youtube.com/watch?v=NpX272KW3kI
Como trollar alguém? | PARTE 2 #trollagem #trolagem #humor #comedia,https://www.youtube.com/watch?v=WgzJbz6r-kc
"Wallway Pack Talks Moneybagg Yo Collabo, Internet Trolling, Lean Use + Much More!",https://www.youtube.com/watch?v=otOfSjca-GY
Ab kam ayga Dimag🧠 #notyourtypeshorts #funny #funnyvideo #lamput #reaction #shorts #memes #animation,https://www.youtube.com/watch?v=ei9D8TeB60Y
Are the Internet Trolls RUINING Fandom Forever?,https://www.youtube.com/watch?v=7XigQ0xe5vo
രാജി വേണ്ട 👀#shorts,https://www.youtube.com/watch?v=ALWmyVwImH0
The internet is trolling you | Pamela Martin | TEDxUSU,https://www.youtube.com/watch?v=cBIJd7hjpa8
Caseoh goes INSANE Trolling Karens in Online Zoom Classes!,https://www.youtube.com/watch?v=iwKVk84_sJo
DEI UM QUADRO DO MESSI PRO MEU IRMÃOZINHO FÃ DO CR7! #trolagem,https://www.youtube.com/watch?v=Pa--3c9gc5E
O FINAL KK🤣 #challenge #humor #meme,https://www.youtube.com/watch?v=NVGTVuA1l_Y
Connected no internet 💀ahh moment #trollfaceedit,https://www.youtube.com/watch?v=LZULRA6xekM
THE ELDER SCROLLS ONLINE - ESO ONLINE TROLLING EP.1,https://www.youtube.com/watch?v=qF_7akshVOg
Expectation🤡 Reality 🗿#troll #trollpages #trollface,https://www.youtube.com/watch?v=SPp9tB5EWKM
Pegadinha com desconhecidos kk #memes  #zoeira #engraçado #rindo #pegadinha #trolagem  #comediahumor,https://www.youtube.com/watch?v=4Y2fOMXWbUI
When INTERNET TROLLING goes WRONG -Do You Want Smoke? @SinnersPodcast #sinners #fight #boxing #mma,https://www.youtube.com/watch?v=SWqW1S7xxAQ
BEST ROLEPLAY TROLLING CLIPS OF 2024!,https://www.youtube.com/watch?v=R2iBwb5jMbo
LULA E DILMA SÓ ALEGRIA,https://www.youtube.com/watch?v=cHtMECAVit0
cartoon #reaction #comedy #funny #funnyvideo #memes #trollface #lamput #trolling #shorts,https://www.youtube.com/watch?v=18hcmPWYAh4
Kia Optima and Troll Face meme,https://www.youtube.com/watch?v=Cfja1Y5Jqh0
"Internet Trolls, Did You Ever Feel Terrible After a Troll?",https://www.youtube.com/watch?v=DN-1kB9Avr4
Trolling zoom classes... but im Trump,https://www.youtube.com/watch?v=1nkR-8VIFR8
A Trollagem da Irmã 😂,https://www.youtube.com/watch?v=hdHPf22B2aA
TENTANDO USAR A BARRIGA FALSA PRA CONSEGUIR AS COISAS!! (DEU TUDO ERRADO!) #shorts #desenho #comedy,https://www.youtube.com/watch?v=t9wn80KEgoM
El Troll de Internet... se enfrenta al admin más duro del lugar,https://www.youtube.com/watch?v=MZgReCBd6JM
TROLEI MINHA EX DANDO UM CARRO ZERO KM PRA ELA 😂😈,https://www.youtube.com/watch?v=n0Z0yrh17pM
Trolagem com aleatórios #MSmarcos,https://www.youtube.com/watch?v=sMVJhAj9Q5Q
"Хотел зделать прикол над големам, а он зделал надо мной 😭😭#minecraft#майнкрафт #egoripтролинг#memes",https://www.youtube.com/watch?v=NT0r3ZHkxUw
50 Cent Clowns Everyone - The Funniest Trolls And Greatest Roasts Of 2018,https://www.youtube.com/watch?v=IwmOzwSLxp0
Я СТАЛ НАСТОЯЩИМ ДОУИ И ЗАТРОЛЛИЛ ФИАЛКУ В МАЙНКРАФТ! ЕНОТИК И ФИАЛКА MINECRAFT,https://www.youtube.com/watch?v=VdB5UPy69Cc
Подначил бандитов в гетто – чуть не схлопотал!,https://www.youtube.com/watch?v=k99oezxGmUY
"“Purely customised, fabric-based bag…” Jaya Kishori reacts to online trolling over luxury bag",https://www.youtube.com/watch?v=Ay1FIPoZyD4
Ultra pro Bot 🤣,https://www.youtube.com/watch?v=YuFK6EC1hdY
Como trollar alguém?,https://www.youtube.com/watch?v=b5uNI6ibhJM
Are a moral entertainment short #troll#trollface#edit#memes....?,https://www.youtube.com/watch?v=MjjstFB6Uw0
Internet Trolle sind überall - Jules Reaction,https://www.youtube.com/watch?v=MQYJrIQczmQ
TROLL FACE 🥶 Maca And Roni Everyone Is Trolling Animation Edit #short #viral #meme #part2,https://www.youtube.com/watch?v=tqz7FJWJJXM
TROLL FACE 🥶 Maca And Roni Everyone Is Trolling Animation Edit #short #viral #meme,https://www.youtube.com/watch?v=LUBs3dM-9Zc
20xxkid Trolling Pakistani Zoom Classes Part 8 | But i am Thara Bhai Joginder,https://www.youtube.com/watch?v=tRurPcQQNJ8
Essa brincadeira não deu certo,https://www.youtube.com/watch?v=zyFwhz734Eo
LULA DE LACINHO,https://www.youtube.com/watch?v=kVACFwgP0Gk
Internet Trolls,https://www.youtube.com/watch?v=VZY6yoWikDY
COM LULA SÓ ABÓBORA E FARINHA,https://www.youtube.com/watch?v=u-xuOD4ehyg
Niemand mag Trolle im Internet! 😠 #shorts,https://www.youtube.com/watch?v=lP-z-sMqM6A
Anisa - Internet Trolls (FREESTYLE) GloRilla Remix,https://www.youtube.com/watch?v=-UwZh9EbOlk
Trolling INDIAN Online Classes (ZOOM RAID) - Part 29,https://www.youtube.com/watch?v=OwRcTafeDCs
Тест! Жизнь тебя закаляет или просто троллит? 😆,https://www.youtube.com/watch?v=xrihCM-RQZo
Internet Trolls,https://www.youtube.com/watch?v=VVAGt4RaHvw
Best Troll Face Headshot 💯,https://www.youtube.com/watch?v=Z2k2x3rB6EU
The Troll - A short Film By Joel John,https://www.youtube.com/watch?v=HXepGqJTiJs
10 Minutes of Online Class Trolling,https://www.youtube.com/watch?v=NBo75XcwKo4
Levels of Trolling (GLOVE AND BOOTS REUPLOAD),https://www.youtube.com/watch?v=GInH_SE3LZw
The FUNNIEST Andrew Tate zoom trolling compilation of 2023!,https://www.youtube.com/watch?v=FoPcawXgCkc
Данкар #майнкрафт_приколы #троллинг #нуб_против_про #данкар #майнкрафт #нубик #рекомендации,https://www.youtube.com/watch?v=16EkwE3Lc5g
Amy Schumer&#39;s &quot;Moon Face&quot; Confession: From Online Trolling to Hollywood Comeback,https://www.youtube.com/watch?v=8AYKYO0RxGs
"Trollify - because you&#39;re a troll, but you have a life, too!",https://www.youtube.com/watch?v=AfKz3jxyhsM
TROLLING As An ONLINE DATER On Roblox SNAPCHAT…(marathon),https://www.youtube.com/watch?v=baCr3oB95W0
🤯😱BLOCKBUSTER von JULES ist viel ZU STARK! - REAKTION  | Trymacs Stream Highlights,https://www.youtube.com/watch?v=frJrUpwb3CA
Troll face meme 🥶🥵🤯 #memes #sigma #cartoon,https://www.youtube.com/watch?v=Yv5-N0trKxc
Pegadinha com desconhecidos kk #memes  #zoeira #engraçado #rindo #pegadinha #trolagem  #comediahumor,https://www.youtube.com/watch?v=Hm4PwTQ1p1I
NAWIEDZONY STATEK TROLL na WIDZU  ☠️| Minecraft Extreme,https://www.youtube.com/watch?v=F_EJGEAPLdI
Trolling Indian Zoom Classes (ZOOM RAID) Part 9,https://www.youtube.com/watch?v=x1PEz-_0TpA
ASSOMBRAÇÃO DO DONALD TRUMP,https://www.youtube.com/watch?v=FLRj_bLAX38
Trolling An ENTIRE MINECRAFT Livestream…,https://www.youtube.com/watch?v=cxFsFDE-tfQ
QUAL A IDADE DOS ROSA?,https://www.youtube.com/watch?v=Lqf9LiD_cOU
BRO you are not TROLL FACE 💀💀💀🚨🚨💀  #trollface,https://www.youtube.com/watch?v=Rm6yrBGQ9DQ
American Reacts to German Internet Trolling- Eine Historische Aufarbeitung from YouTuber Jules,https://www.youtube.com/watch?v=xh3PotP-wUc
Zoom Class Trolling: Penguinz0 Edition!,https://www.youtube.com/watch?v=eGDDRnbHMg4
Pegadinha com desconhecidos kk #memes  #zoeira #engraçado #rindo #pegadinha #trolagem  #comediahumor,https://www.youtube.com/watch?v=XodBynRYLlo
बच्चों पर ऑनलाइन ट्रोलिंग का असर | Save kids on internet | Moral Stories | Kids Nest Part - 1,https://www.youtube.com/watch?v=uv7YM0Qo_oo
Será que ele entendeu? #venda #vendas #trolagem #casal vendi 200 e ganhei 150,https://www.youtube.com/watch?v=0n3B3R-3FEQ
GloRilla – Internet Trolls (Official Music) TheofficialGloRilla•,https://www.youtube.com/watch?v=IR_MMLT_S0A
Mohd Shami - Latest victim of internet trolling; slays haters with kindness,https://www.youtube.com/watch?v=W6UX_M1nkvE
Ela trollou o irmão indo buscar ele de mt na escola 🤣,https://www.youtube.com/watch?v=ZT0akNDr-SM
The BEST Karen Zoom Trolling Moments of 2023!,https://www.youtube.com/watch?v=obE5S3mrkVY
Trolling Internet Gangsters... GTA 5 RP,https://www.youtube.com/watch?v=0s6vmSXTOzg
FUNNIEST KAREN TROLLING in SCHOOL ZOOM CLASS COMPILATION 2021,https://www.youtube.com/watch?v=HguHdjnLqTE
Stealth Trolling Jet Tryhards With The F-160 Raiju on GTA Online!,https://www.youtube.com/watch?v=UsQLoXQEl6E
React: &quot;Internet Trolling - Eine historische Aufarbeitung&quot;,https://www.youtube.com/watch?v=r2GSu8tTdzU
Trolling salman khan on internet 🥶😈 #foryou #foryoupage #shortfeed #viralshort #shorts,https://www.youtube.com/watch?v=TvPy8cmfbW4
बच्चों पर ऑनलाइन ट्रोलिंग का असर | Save kids on internet | Moral Stories | Kids Nest Part - 6,https://www.youtube.com/watch?v=wnZFsFLC1VQ
Jesy Nelson Opens Up About Her Depression and Internet Trolls,https://www.youtube.com/watch?v=7ZrEEBmZdMU
trolling the cringy red dead redemption 2 roleplayers,https://www.youtube.com/watch?v=azOvS0BOO-w
Scramjet Stunt Trolling Griefers Got 10x Better on GTA Online,https://www.youtube.com/watch?v=r2dC9OjknHA
Moment before disaster 🔥🥶#shorts #trending #trollface,https://www.youtube.com/watch?v=nulOCO3fnr8
😂Я СТАЛ МИМИКОМ И ЗАТРОЛЛИЛ СКРЕТЧА В МАЙНКРАФТ! ШЕДИ MINECRAFT,https://www.youtube.com/watch?v=zrcOi3KuxCc
Trolagem com emojis! #shorts,https://www.youtube.com/watch?v=CXAI3sxNcP8
TROLL FACE 🥶 Maca And Roni Everyone Is Trolling Animation Edit #short #viral #meme,https://www.youtube.com/watch?v=6dXGe9MJOJU
omegle trolling... but im a deepweb hacker,https://www.youtube.com/watch?v=ML2_AJAS7Jg
The tragic tale of Germany&#39;s biggest LOL cow,https://www.youtube.com/watch?v=CEBvTgDSjK0
Trolling windpress part 2,https://www.youtube.com/watch?v=s7rHpe1QXdA
trolling zoom classes... but my boat is sinking,https://www.youtube.com/watch?v=llfQoYue0Yw
Trolling Tryhards With The UPDATED Avenger on GTA Online!!!,https://www.youtube.com/watch?v=TMCVDOchwXM
😨Алексей Сушист Мешков троллит Ислама Шейха Ибрагимова! «Он сказал мне нарисовать ему… Наше Дело,https://www.youtube.com/watch?v=z2DWHvHBjI0
Is Milo Yiannopoulos The World&#39;s Biggest Troll? (HBO),https://www.youtube.com/watch?v=bPJSOO-BhMk
Don&#39;t judge a book by it&#39;s cover💀 #memes #trollface #shorts #viralshorts #edit,https://www.youtube.com/watch?v=Xauy29OYS5M
Stealth Trolling Level 7000 Tryhards With My F-160 Raiju Jet - GTA Online,https://www.youtube.com/watch?v=C5hwfwwGABc
Trolling SERIOUS ROLEPLAYERS... GTA 5 RP,https://www.youtube.com/watch?v=_zxeYrHDnf4
Trolling TWITCH STREAMERS with a MOD MENU... GTA 5 RP,https://www.youtube.com/watch?v=VoK17JcgGvw
Best of Jesus Chatline 4chan trolling highlights Episode 1 Long version Troll Raid,https://www.youtube.com/watch?v=8br8Yrk7Cfc
Mask ke peeche kon hai 😂🤣 #funnymemes #comedy #funny #cartoon #trolling #lamput #reaction #shorts,https://www.youtube.com/watch?v=EwLtEc3Bc0I
Trolling CRINGY Australian BIKERS is Hilarious... (GTA RP),https://www.youtube.com/watch?v=vdynTWUK9YM
Why are INDIANS ABUSED online GLOBALLY? | The Dark Reality of INDIA’S ONLINE IMAGE,https://www.youtube.com/watch?v=rGpRY4DuKRc
Что там происходит... #майнкрафт_приколы #троллинг #нуб_против_про #данкар #майнкрафт #нубик #chick,https://www.youtube.com/watch?v=gXOINn-r8oU
Best of Trolling FEMINIST Zoom Classes!,https://www.youtube.com/watch?v=qPhbYhM18jI
Charleston White -  Trolling on the Internet &amp; Cyber bullying,https://www.youtube.com/watch?v=CrpzGnY_-kE
Flak Cannon TRAIN Trolling Angry Griefers on GTA Online!!,https://www.youtube.com/watch?v=Xn6iujrfVuU
Alkonost Trolling The STUPIDEST Kosatka Tryhard of GTA Online,https://www.youtube.com/watch?v=plbazjq3rN8
&quot;He&#39;s His Own Man&quot; Hunxho Reacts To The Internet Trolling His Dad For Driving Uber,https://www.youtube.com/watch?v=KUsfhAhgWvo
Trolling Zoom Classes....But I “Forget” I&#39;m SCREEN SHARING,https://www.youtube.com/watch?v=fdkZJtBPIsY
"Raygun Speaks About Internet Trolling, Becomes Halloween Costume",https://www.youtube.com/watch?v=c753zg2ErHY
Pegadinha com desconhecidos kk #memes  #zoeira #engraçado #rindo #pegadinha #trolagem  #comediahumor,https://www.youtube.com/watch?v=2mzudoRPOp4
Finesse не выдержал минуты диалога. Жди разнос чебурашка),https://www.youtube.com/watch?v=nBtYcOFcAC4
THE BEST TROLLING I&#39;VE EVER SEEN !! XQC IS HILARIOUS !!,https://www.youtube.com/watch?v=8LPzIDAhy3o
Trolling Random Online College Classes!,https://www.youtube.com/watch?v=eHfoDe7VM8Q
WALKING THROUGH MBLOCK HOOD WITH DIEY &amp; LIL K TALKIN ABOUT HOW OTHER HOODS BE INTERNET TROLLING,https://www.youtube.com/watch?v=MZEjYRPiwzg
#reaction on cartoon box meme😂#shorts #trollface #funnyvideo #memes @cartoonboxanimations #ytshorts,https://www.youtube.com/watch?v=gyJIQ1ojjA4
Dark Side Of Indian Cricket - 3 Years Of Internet Trolling (Riyan Parag Opens Up),https://www.youtube.com/watch?v=sfP7d-4gf2U
What is the meaning of Troll in Hindi | Internet Troll का मतलब क्या होता है,https://www.youtube.com/watch?v=8BkDzxqwCB0
Lösch Dich! So organisiert ist der Hate im Netz I Doku über Hater und Trolle,https://www.youtube.com/watch?v=zvKjfWSPI7s
[Let&#39;s Play/Blind Playthrough] Rewrite - Episode 6: Internet Trolling,https://www.youtube.com/watch?v=va1hSqk-69w
Hateful Ass People on Youtube and Internet Trolling,https://www.youtube.com/watch?v=FWZGYfctqAQ
Pichhwade kese diye 😂😂#shorts #memes #reaction #funny #comedy #cartoon #trolling #viral #lamput,https://www.youtube.com/watch?v=mBDcaJ4PThQ
Я включил ЗАПИСЬ и Не сказал об этом СВОЕЙ ДЕВУШКЕ...,https://www.youtube.com/watch?v=8o9q1E1fkvk
Nina Agdal SUES Dillon Danis for Online Trolling,https://www.youtube.com/watch?v=1BaFC2fKiaY
Bow Wow Talks About Ghostwriting &amp; Internet Trolling | For The Record,https://www.youtube.com/watch?v=VBYesyRDzKI
Glazov Gang: ISIS’s Internet Trolling and Recruitment.,https://www.youtube.com/watch?v=ZmM3ZLlsuYM
#loudcoringa #tainácosta #trolagem,https://www.youtube.com/watch?v=vbObc8Z3Ha8
"Bullying, Abusive speech, Domestic abuse.",https://www.youtube.com/watch?v=_lM5BW6se6Y
Emotional Abuse From Women (This Is Tough),https://www.youtube.com/watch?v=MfvUapvVcH8
Jordan Peterson on abusive parents,https://www.youtube.com/watch?v=LuCJKP1W_SM
Using Abusive Words! What’s the Big Deal? | Sadhguru,https://www.youtube.com/watch?v=LNjumHV8EAA
Narcissists Know They&#39;re Abusive | ANTHONY HOPKINS Speech,https://www.youtube.com/watch?v=uYdPFPGAKME
WATCH THIS if You think your Parents were Abusive,https://www.youtube.com/watch?v=6bkm4x7jTvQ
Abusive Speech | Edifying the Saints,https://www.youtube.com/watch?v=Ot3ktmRsPXk
12 Gaslighting Phrases Abusive People Use To Control You,https://www.youtube.com/watch?v=9DZmrV9WGLI
God SAVED Me from an ABUSIVE relationship  #abuse #emotional #shorts,https://www.youtube.com/watch?v=7QarAg51MJs
Using Abusive Words! What’s the Big Deal | Sadhguru | Shemaroo Spiritual Life,https://www.youtube.com/watch?v=B9tnhr5Rqbw
Abusive Speech,https://www.youtube.com/watch?v=ysk3dpI8t6E
Abusive Meghan Controls Harry’s Speech #shorts #meghanmarkle #meghanandharry,https://www.youtube.com/watch?v=3cM2CTB9L_g
6 Signs Of An Emotionally Abusive Relationship You Shouldnt Ignore | BetterHelp,https://www.youtube.com/watch?v=8vhx2hlko28
Abusive relationships #shorts #motivation #podcast #inspiration #love,https://www.youtube.com/watch?v=pQsmUZYvMFE
Abusive speech by K A Paul on Nara Lokesh #whatsappstatus #instagram #facebook #teluguactor,https://www.youtube.com/watch?v=C4sbzJjv88A
Let&#39;s Talk About Abusive Households @Psych2go​,https://www.youtube.com/watch?v=gbykZnJcNAg
Ranveer Allahbadia in LEGAL trouble after CONTROVERSIAL question asked at Samay Raina&#39;s show,https://www.youtube.com/watch?v=DIcMj6FKhnQ
Reese Witherspoon on the Abusive Relationship That Changed Her | SuperSoul Sunday | OWN,https://www.youtube.com/watch?v=3CR7EeK-zUA
#pov emotionally abusive parents #youtubeshorts,https://www.youtube.com/watch?v=spJYQlCwuyU
Sarah Hyland Thanks Julie Bowen for Her Support During Hyland Leaving Abusive Relationship,https://www.youtube.com/watch?v=o8EieUS_Y28
Final abusive speech,https://www.youtube.com/watch?v=BzOG8qZD0Uc
Tyler Perry MADEA&#39;S Life Changing Advice 4 | About Abusive Relationship and Forgiveness | 2022,https://www.youtube.com/watch?v=gM1AXILbDN8
"If You’ve Ever Been In An Abusive Relationship, Watch This 🙏🏼",https://www.youtube.com/watch?v=Ucny18cCI7E
Abusive Relationships Speech - How to Know if You&#39;re in an Abusive Relationship Motivation Video,https://www.youtube.com/watch?v=_sP9n8TsXeg
Abusive Relationship Signs - How Abusers Manipulate Their Victims - Couple Motivational Speech,https://www.youtube.com/watch?v=Wnric243_T8
What is abusive speech (GDD-764)DVD,https://www.youtube.com/watch?v=eKd4T9SO2DI
Are you in a abusive relationship -Nouman Ali khan,https://www.youtube.com/watch?v=WHDUlNia90o
Freedom of speech vs. abusive language,https://www.youtube.com/watch?v=RlDIv876omM
Indirect Abusive Speech~ Godly Use of the Tongue 9  ~ Christian Sermon by  David Chanski,https://www.youtube.com/watch?v=3SIy0bI8_j0
How I stopped being verbally abusive. #church #sermon #pastor #newjersey #wordshavepower,https://www.youtube.com/watch?v=gCq-VzCznNU
How Do You Know if You Are in an Emotionally Abusive Relationship?,https://www.youtube.com/watch?v=mwE2y0G1YYo
Abusive Relationship Speech,https://www.youtube.com/watch?v=5fy-2n8M6fI
The good parts of an abusive relationship don’t make up for the abuse,https://www.youtube.com/watch?v=k6bKTrQFc8Y
Your freedom of speech is verbally abusive,https://www.youtube.com/watch?v=a_OaxP6ptOk
Your freedom of speech is verbally abusive,https://www.youtube.com/watch?v=OTYOGwChCY4
Abusive Relationship Speech,https://www.youtube.com/watch?v=eQ2GbvxT0FY
Get out from an abusive marriage !!! #harrykrown #thinkmediapodcast #marriagevideo #shorts,https://www.youtube.com/watch?v=5AEXanMBuKc
Living in an abusive home teaches you to be hyperaware to how that person moves in the home. #abuse,https://www.youtube.com/watch?v=8dYpc0Aasxc
Jordan Peterson on the Abusive Use of Freedom of Speech,https://www.youtube.com/watch?v=uot0RNgQgHI
Good Parenting Or ABUSIVE Parenting #Christianity # Jesus #Motivation,https://www.youtube.com/watch?v=8vkbe5UuF9c
Abusive and Unkind speech! #shorts,https://www.youtube.com/watch?v=g-U1u7IgRNY
You know what&#39;s harder than leaving an abusive relationship? It&#39;s being in a good one after that.,https://www.youtube.com/watch?v=iUHLC7zr3bw
Can You Learn From Abusive Relationships?,https://www.youtube.com/watch?v=Da2Vyhkpm3s
Abusive relationships #relationships #abuse #manipulate #mariaconsiglio,https://www.youtube.com/watch?v=R14VG_B91xE
Abusive relationship? Get out right now #shorts #abuse,https://www.youtube.com/watch?v=jE_H_DqwNfU
Emotionally abusive people are conflict seekers #motivation #selfhelp #psychology #narcissist #urdu,https://www.youtube.com/watch?v=ZgLwXZPcIdc
Why David Goggins Faced His Abusive Father #motivation #davidgoggins #growth #family,https://www.youtube.com/watch?v=G2Qe0AkHW5s
Is my husband verbally abusive?  13 examples to know for sure,https://www.youtube.com/watch?v=7KU7SByemuA
ANGER AND ABUSIVE SPEECH,https://www.youtube.com/watch?v=tcjXzAbCrpg
Informative speech- abusive relationships,https://www.youtube.com/watch?v=_YqKAAOlZrM
How to Leave an Abusive Relationship Informative Speech,https://www.youtube.com/watch?v=-9cqFqaEj6I
Speech On Abusive Relationship,https://www.youtube.com/watch?v=BvHQzUlZeLQ
Are you in an abusive relationship with Fear? Exit NOW #fear #foe #friends,https://www.youtube.com/watch?v=KA1zeS5ANB0
When To Cut-Off Abusive MEN,https://www.youtube.com/watch?v=JkiCPDCXrnw
Abusive relationship - Nouman Ali Khan,https://www.youtube.com/watch?v=Y-MuvbfMb1I
Men are most often abusive in marriage?,https://www.youtube.com/watch?v=U4odEJHc1u0
Mp Farah Maalim using abusive language Infront of Ruto today &quot;too wrong&quot; #kenya,https://www.youtube.com/watch?v=WexPie6ytmY
How to say abusive speech in German?,https://www.youtube.com/watch?v=ohclEo270KE
DO YOU HAVE ABUSIVE PARENTS? | NOUMAN ALI KHAN #islam #islamic #quran #shorts @mydeenisislam,https://www.youtube.com/watch?v=te1fZ5KXh_c
women stay in Abusive relationships due to lack of finances.,https://www.youtube.com/watch?v=0HN2CFx4kyQ
Break Free from an Abusive Relationship,https://www.youtube.com/watch?v=XEtsEGqcXjk
No one is abusive on the first date - they change AFTER you love them  #abuse #toxicrelationships,https://www.youtube.com/watch?v=dp5hEnxp6vI
When to stay in an abusive marriage.,https://www.youtube.com/watch?v=tS2rSzLfsqY
Abusive people part 1 #islam #reminder #quran #halal,https://www.youtube.com/watch?v=-9HOkab-J8k
Rejecting an abusive parent after divorce or separation #parentalalienation #facts #shorts,https://www.youtube.com/watch?v=glFnYfXSAoA
If you have an abusive father...,https://www.youtube.com/watch?v=1cyFPcZDEVQ
Julie Bowen Reflects on Helping Sarah Hyland Amid Abusive Relationship | E! News,https://www.youtube.com/watch?v=geqvyammkDw
Life Can Be Really Emotionally Abusive😔#real#motivational#speech#life#shortsvideo #subscribe,https://www.youtube.com/watch?v=cLD_fH-Mg8s
Living in an Abusive Marriage. #traumahealing #abusiverelationships,https://www.youtube.com/watch?v=Jq8BHGFQGRE
#pov your brother stops your abusive father…#shorts,https://www.youtube.com/watch?v=faBs_TNqVCM
What is the meaning of abuse | Abusive relationship #shortsfeed #shorts #motivation #inspiration,https://www.youtube.com/watch?v=FUpXnTKviU0
Apostle Gino Jennings - Abusive Husbands _ If you beat your wife you are not a man,https://www.youtube.com/watch?v=ImIZQmANuFc
How to deal with abusive toxic people who say harsh things? | Sheikh Assim Al Hakeem,https://www.youtube.com/watch?v=scUceIDK6Iw
Block an Abusive Family Member,https://www.youtube.com/watch?v=ODBWmYzhykc
How to control your abusive speech?,https://www.youtube.com/watch?v=UARJRWC7T7c
Why Narcissists Like to Argue and How to Deal with an Abusive Narcissist.,https://www.youtube.com/watch?v=uRiaEhlOzfw
Relationship Tips; How To Leave An Abusive Relationship // Rev Funke Adejumo #mrelationship #family,https://www.youtube.com/watch?v=zOM-OZhJFpo
"Goggins&#39; Childhood Trauma: Surviving an Abusive, Alcoholic Father 💔#shorts",https://www.youtube.com/watch?v=fC04Li5s8tI
What Do I Do If I Still Hear His Abusive Voice In My Head?,https://www.youtube.com/watch?v=xUOPMJYuEl4
Abusive Cop: Pastor Shuts Down Officer,https://www.youtube.com/watch?v=mT_RRqgf7m4
Abusive Apology speech - Feb 8th 2023,https://www.youtube.com/watch?v=jQ0jPySvp-I
Darren Hayes Speaks Up On His Abusive Father | A Life Of Greatness w/ Sarah Grynberg,https://www.youtube.com/watch?v=6jAVUQmlvAs
The Things Abusive People Do To Gain Control of You,https://www.youtube.com/watch?v=3gr1gT88nVU
How to live with abusive parents (feat. Jordan Peterson AI),https://www.youtube.com/watch?v=jC2BUN2Csw8
DONT REMAIN IN AN ABUSIVE HOME #motivation #drpauleneche #love #inspiration #nigerianpastor,https://www.youtube.com/watch?v=v4AehRVAIjo
This is an abusive pastor‼️,https://www.youtube.com/watch?v=z6jEexHlWXk
🌿 &quot;Why Church Structure Can Be Abusive: My Personal Journey and Revelation ✝️&quot;,https://www.youtube.com/watch?v=QqH-ht9vIM8
What If Your Parents Have Been Abusive?,https://www.youtube.com/watch?v=BQ-fGIG5xqQ
How To Deal With Toxic &amp; Emotionally Abusive Parents | Shaykh Omar Suleiman | Faith IQ,https://www.youtube.com/watch?v=xPW_k4LD11Y
DAVID GOGGINS ON GROWING UP WITH AN ABUSIVE FATHER! #motivation #sad #2023motivation #abuse #life,https://www.youtube.com/watch?v=NZKuz_RMjZA
How to respond to an abusive talk,https://www.youtube.com/watch?v=0h5-g3TeuZQ
In an abusive relationship? DO THIS  | Gayathri Reddy #shorts,https://www.youtube.com/watch?v=Cn-PnJuVYkY
AOC Blasts Republican Men&#39;s Abusive Treatment of Women in House Floor Speech,https://www.youtube.com/watch?v=8noU-EUWvC4
if someone abusive in your family  #noumanalikhan #islamicvideos #family #abusiverelationship,https://www.youtube.com/watch?v=j9tUqDNDzTQ
Jordan Peterson on Abusive Stepparents #jre,https://www.youtube.com/watch?v=qQPmxGpS0gc
Man forgives his abusive dad 😳 (MUST WATCH),https://www.youtube.com/watch?v=Jq-Iq_aVWCI
Genuine vs Abusive Relationship. #shorts,https://www.youtube.com/watch?v=x4wgN09R0Zs
GROWING UP WITH AN ABUSIVE FATHER!  #motivation #davidgoggins #shorts,https://www.youtube.com/watch?v=yPqqbMBRsVY
How I escaped an abusive relationship,https://www.youtube.com/watch?v=4LyUh95UUWo
Abusive Father - David Goggins,https://www.youtube.com/watch?v=c6UXhOkFr2g
Dealing with an Abusive and Negative Boss #boss #negativity #tips #dubai #motivation #motivational,https://www.youtube.com/watch?v=4XF9a7evVIo
PRAYING FOR ABUSIVE RELATIONSHIPS,https://www.youtube.com/watch?v=Q2fS37yWDwQ
Loved to death. Abusive relationships. #manvsbear #abuseawareness #abusiverelationships #spokenword,https://www.youtube.com/watch?v=Nn97w4wLd88
Women who get abused in childhood end up with abusive man #life #women #facts #relationship #toxic,https://www.youtube.com/watch?v=jQWVuEzsIR4
Abusive Relationship? Take a Break - Reverend Olusola Areogun,https://www.youtube.com/watch?v=_HJ6bjHqcPI
Abusive Speech and avoiding khawaarij characteristics,https://www.youtube.com/watch?v=p1mEOkHuiNY
Abusive Speech Detection Method for Ukrainian Language Used Recurrent Neural Network,https://www.youtube.com/watch?v=OlILnjyejBE
#LWDA Shorts | Identifying Patterns of Abusive Behavior in Relationships #Dating #DomesticAbuse,https://www.youtube.com/watch?v=BmPQa3rceco
Returning To An Abusive Relationship Is Not Good #god #relationship #encouragement,https://www.youtube.com/watch?v=sNvlhH-qqTU
GET OUT OF THAT ABUSIVE RELATIONSHIP,https://www.youtube.com/watch?v=fXHuQIRzs1s
How to deal with abusive in-laws| Nouman Ali Khan,https://www.youtube.com/watch?v=ac1QslP7Sn4
Abusive Relationships #shorts,https://www.youtube.com/watch?v=bFmW0Cu_B10
What to do If your boss behaviour is Abusive? #shorts,https://www.youtube.com/watch?v=CLJP4EpKf64
How do I confront abusive parents? Watch full video (link in comments) #bible #church #deliverance,https://www.youtube.com/watch?v=-chVPkdrT2I
God Wants You To Leave Your Abusive Spouse! #abuserecovery  #narcissistabuse #npd,https://www.youtube.com/watch?v=t_WaVWzcRnk
Abusive by IN LAWS!! #Shorts | @WajihUddinOfficial,https://www.youtube.com/watch?v=alugV0TSTaQ
Cut Out Abusive Words Today! | Mufti Menk’s Powerful Reminder | IslamicHarmonyHub20 #islam,https://www.youtube.com/watch?v=NJ6sT7kc8zQ
How do your support a friend in an abusive relationship? #toxicrelationships,https://www.youtube.com/watch?v=kVwekTFktks
David Goggins on his ABUSIVE FATHER #shorts #motivational #motivation #mindset #growth,https://www.youtube.com/watch?v=GQp5MZdCrD8
OUT NOW! Hate Speech and Abusive Behaviour on Social Media,https://www.youtube.com/watch?v=-GPTlds-xP0
Rajat sharma said abusive word on live #shorts,https://www.youtube.com/watch?v=u1gih6NTovs
Let&#39;s talk about abusive power...,https://www.youtube.com/watch?v=iDBVU-UYpHw
"Freedom Of Speech Is Fine, But Jokes About Parental Intimacy Are Disgusting: Sanjana Galrani",https://www.youtube.com/watch?v=j29GsJCV2n8
The Menendez Brothers Talk About Their Abusive Dad,https://www.youtube.com/watch?v=mGuKaErNkIo
The person who posted abusive language against Rahul Gandhi #shorts #trending #rahulgandhi,https://www.youtube.com/watch?v=vcJ38ke1L4c
Reclaiming Mental Power The Path to Forgiving Abusive Parents #shorts  #jordanpeterson,https://www.youtube.com/watch?v=W9bLr5YnfAk
Richard Dawkins Event Cancelled Over His  Abusive Speech Against Islam,https://www.youtube.com/watch?v=61vXLCPcNJY
Uncovering the Shocking Truth About Abusive Young Men,https://www.youtube.com/watch?v=qVZ-umk36pw
How to deal with toxic and abusive parent| Nouman Ali Khan,https://www.youtube.com/watch?v=JAnyCVNjItY
Staying too long in an abusive relationship #herstory #domesticviolence #relationship,https://www.youtube.com/watch?v=zTwMD67CvAw
Abusive Words With Meaning,https://www.youtube.com/watch?v=voK918LH7tY
Terry Crews on finally hitting his abusive father👊🏻💔,https://www.youtube.com/watch?v=U8QOrs35nd0
Black and white thinking in relation to  abusive situations😬 #lifelessons #lifecoach #abuse,https://www.youtube.com/watch?v=YkkSuB2dw1A
abusive husband|get help immediately,https://www.youtube.com/watch?v=yt8pcReKV8s
Abusive Marriages || Acharya Prashant,https://www.youtube.com/watch?v=_g0kfYciauY
Breaking Free: My Journey Escaping an Abusive Relationship,https://www.youtube.com/watch?v=YAEUsr3VMsY
The Abusive Boss losses everything #Viralshorts #trending #Shorts,https://www.youtube.com/watch?v=h9rwKunj-g8
How to escape abusive relationships #relationship #relationshipgoals #relationships,https://www.youtube.com/watch?v=d18JYy7-jXc
Abusive Father! #noumanalikhan #father #abusive #parenting #children #shorts,https://www.youtube.com/watch?v=M2R47ZIY8kU
Emotionally abusive relationship #relationshipcoachforwomen #toxicrelationship #relationshiptips,https://www.youtube.com/watch?v=Wl7A1cjuArY
Why You Cant Leave Your Abusive Relationship,https://www.youtube.com/watch?v=8In7KQV0lc0
"The Power of Words: Understanding Slander, Abusive Language, and Their Consequences",https://www.youtube.com/watch?v=pP99uVds3Tg
This is a sign of an abusive pastor‼️😬 #faith #jesus #viral,https://www.youtube.com/watch?v=8BVrtdopMEA
Christians must put aside all sinful anger and abusive speech,https://www.youtube.com/watch?v=edtvgGs-LQ0
Don’t Be Abusive To Children | Sh Belal Assaad #Islam,https://www.youtube.com/watch?v=w3MIJaLO37o
Reese Witherspoon Opens Up About Her Abusive Relationship | Shorts,https://www.youtube.com/watch?v=8hh1ILGZcX0
Woman Chooses Jesus Over Abusive Relationship,https://www.youtube.com/watch?v=pzd6LP_q2Kk
"Overcome Your Anger &amp; Abusive Speech - The Sermons on the Mount - 07 - March 21, 2021",https://www.youtube.com/watch?v=ZLHqIPUm70Y
Persuasive Speech (Emotionally Abusive Parents),https://www.youtube.com/watch?v=gC3i_fjyEHs
Endnote 4: How the Alt-Right is Like an Abusive Relationship (live),https://www.youtube.com/watch?v=e-MP_yOHiV0
Why you can&#39;t leave an abusive relationship #shorts,https://www.youtube.com/watch?v=HRZPwdvxekk
Motivational speech 6- Leave and move on | Get out of that abusive relationship,https://www.youtube.com/watch?v=l9tFOZMToc8
Woman escaped from her abusive husband #shortvideo #shorts #audiobook #motivation #abuse #tedtalk,https://www.youtube.com/watch?v=ETXSakafsJU
Abusive and Tragedy in Burma (one minute speech),https://www.youtube.com/watch?v=-tHWQseVPNo
A deep look into The Abusive Speech Used By @thebcvbookchapterversepodc7886,https://www.youtube.com/watch?v=dnAbP9OZbp4
Abusive Relationships from a Different Perspective | TED Talk BusComNeg,https://www.youtube.com/watch?v=lFY47J1y3tM
Take the Advice You’d Give Your Daughter: Leaving an Abusive Relationship,https://www.youtube.com/watch?v=868Kl0yDlZs
Use abusive words,https://www.youtube.com/watch?v=quR226ZyPeY
Breaking Free: Escaping an Abusive Relationship,https://www.youtube.com/watch?v=lUnnXTxbT6M
"How to Heal from Mental and Emotional Abuse and Abusive Family Trauma | PTSD, Anxiety, Stress Relief",https://www.youtube.com/watch?v=J2Y3F8-A_7k
0casio-Cortez assails men&#39;s abusive treatment,https://www.youtube.com/watch?v=pVrmsyMGf5s
How abusive relationships affect you relationships - Sadia Khan,https://www.youtube.com/watch?v=nqpAiuYoubo
Nawaz Sharif Abusive speech against Benazir Bhutto,https://www.youtube.com/watch?v=JysRcIkVoQU
Is it ok if your husband uses abusive language when he is angry?#youtubeindia #youtubeshorts,https://www.youtube.com/watch?v=uN6x9rb2VU8
Sen. Hawley CHALLENGES Gov. Noem Over Abusive MASS PAROLE;PROMISES Return To Case-By-Case Evaluation,https://www.youtube.com/watch?v=olSlb_C9VaM
Why You Should Not Stay in Domestic Violence #domesticviolenceawareness #abusive #youtubeviral,https://www.youtube.com/watch?v=13jaxB3t8ps
NFF / COSTI - How to Talk to Men who are Abusive - English,https://www.youtube.com/watch?v=emPRuIvNvr8
Financially abusive relationships के पीछे की मानसिकता | Finacial abusive relationships | Abusive,https://www.youtube.com/watch?v=j8pcxrwRk8E
Abusive Relationships Speech,https://www.youtube.com/watch?v=ud7TMDUITh0
Black And White Tangled Together In An Abusive Relationship And We want NO Parts Of It,https://www.youtube.com/watch?v=W7reG8wNCqA
Having a Abusive father to Super Bowl champion,https://www.youtube.com/watch?v=VR7iJZ5KmuA
Why Do #Christians #Advise #Victims to #Stay in #Abusive Relationships ? PART 2 -FULL VIDEO,https://www.youtube.com/watch?v=11fS2jA5G-Y
Escaping My Abusive Past Conquering Fear #motivation #erfolg #davidgoggins #inspiration,https://www.youtube.com/watch?v=qahE1GbCEhc
Why He Went Back to Confront My Abusive Father,https://www.youtube.com/watch?v=Hi_rRXQFHkk
Relationship quickly turned abusive | Adrian Tirtanadi | #ABALS Leadership Summit Feb 23,https://www.youtube.com/watch?v=eqDuAdA_NkE
Don&#39;t usea abusive words #islam #mashallah #shortsvideo #shorts,https://www.youtube.com/watch?v=OrXqA-irftY
Healing my PTSD after my abusive relationship,https://www.youtube.com/watch?v=EWNimN-3sTQ
don&#39;t use abusive words💔😭#muftimenk,https://www.youtube.com/watch?v=GUy6vlZXt0Q
When your Parents Are So Abusive? by Mufti Ismail Menk.,https://www.youtube.com/watch?v=sKynnVTEUdQ
Breaking Free Overcoming an Abusive Past to Find Power and SelfWorth,https://www.youtube.com/watch?v=zp9aqqEy9iw
Selena Gomez on body shaming and it’s abusive #selenagomez #inspirational #notobodyshaming,https://www.youtube.com/watch?v=fuaXHJo7JB8
Walter Williams: America Before Abusive Government,https://www.youtube.com/watch?v=hQny1Y8J8uw
Jana Kramer Tearful Speech On Her Abusive Relationship (Safe Horizon) 2021,https://www.youtube.com/watch?v=gOVv6qJFZps
What does healing from an abusive relationship involve❤️‍🩹 Recover Thyself - Thyself Therapy,https://www.youtube.com/watch?v=8vW8mzzfEnE
Preparation for Leaving an Abusive Relationship #shorts #emotionalabuse #trauma,https://www.youtube.com/watch?v=DVyj6nnVc4w
Moulna use abusive language in aaj tak studio in a debate #news #muslim #hindu #aajtak,https://www.youtube.com/watch?v=EVF36d8gezo
Why We Stay In Abusive Relationships #trauma  #toxicrelationships #beliefs,https://www.youtube.com/watch?v=E3TzNTFrQP4
ASI Asif Ali arrested for abusive speech to elderly woman outside Central Police Office Lahore,https://www.youtube.com/watch?v=0ugKjFTF1_w
Don&#39;t use foul or abusive language.Mufti Menk#shorts,https://www.youtube.com/watch?v=p2aybBtE-2g
text to speech emojis- Abusive bf part 1,https://www.youtube.com/watch?v=YNlpwMgZAuY
How Do I Forgive My Abusive Dad? Should I Still Have a Relationship With Him? // Mike Novotny,https://www.youtube.com/watch?v=pLnOvIeK47c
Dealing with an abusive environment! #projectlivedifferent #successcoach,https://www.youtube.com/watch?v=v4428n6o5YI
"The Pastor Must Be Corrective, NOT abusive",https://www.youtube.com/watch?v=eaWuZ2BcqPw
How Can You Transform Your Relationship with Abusive Parents?  #parenting #familydynamics #buddism,https://www.youtube.com/watch?v=Cb9NVCdtz_M
Don&#39;t use Foul or Abusive Language,https://www.youtube.com/watch?v=9d30JoWy8Z8
Breaking Free_ Escaping the Clutches of an Abusive Father,https://www.youtube.com/watch?v=UnK-pVOq8p0
Your Responsibility In An Abusive Relationship By Eliyahu Jian,https://www.youtube.com/watch?v=UaL5OJ4TicE
A piece on Gossip Unkind &amp; Abusive speech,https://www.youtube.com/watch?v=H8oTOutpcPM
Why You&#39;re Always In Abusive Relatinoships,https://www.youtube.com/watch?v=ySJVPie3Mdk
ABUSIVE TACTIC USED BY FIR&#39;AUN|NOUMAN ALI KHAN #islam #islamic #quran #noumanalikhan #islamicstatus,https://www.youtube.com/watch?v=xc7NcWOhnYE
The Best Way To Stay Protected From An Abusive Spouse #shorts,https://www.youtube.com/watch?v=nsnwts9srPU
Recognizing and Addressing Abusive Relationships in the Church,https://www.youtube.com/watch?v=emad8LZI0DY
Are You in An Abusive Relationship? Watch this #shorts,https://www.youtube.com/watch?v=ZxLKIdJbh90
The Impact of Abusive Parenting: Candace Owens - Lighthouse International #shorts #candaceowens,https://www.youtube.com/watch?v=wNdkI37gVK0
Wife vs ABUSIVE Ex-Husband Representing Himself in COURT!,https://www.youtube.com/watch?v=0n2i-C8sGys
How abusive are we towards Jesus? #christian #gospel #podcast,https://www.youtube.com/watch?v=rLNy7B2YI00
Finding Freedom: Breaking Free from Abusive Relationships through Faith,https://www.youtube.com/watch?v=oCHeoYkFeOM
Do you have an abusive conscience? I did. #jesus #selfcare #selflove #change #youareenough,https://www.youtube.com/watch?v=cSiJXEf5YF8
How Do You Deal with Truly Abusive Parents? #parentingadvice #love #relationship #buddism,https://www.youtube.com/watch?v=oFmDFahAWGE
Cut Out Abusive Words!! #islamicstatus #muftimenk #ytshorts #trending #love,https://www.youtube.com/watch?v=XpejdDQLRcs
David Goggins about his abusive dad,https://www.youtube.com/watch?v=C4BfqlBWWvQ
#Pastor John Anosike Send A Warning And Abusive Message To BBC On A Documentary About TB Joshua,https://www.youtube.com/watch?v=NLiQUf-ucS0
Reclaiming Your Power Breaking Free from Abusive Relationships #shorts #biblestudy,https://www.youtube.com/watch?v=0jIEIZgW5Kg
A GOVERNMENT IS LIKE AN ABUSIVE RELATIONSHIP#lifemotivation #truthseeker #lovingyourself #selflovean,https://www.youtube.com/watch?v=BrWJnSY0eU4
An Abusive Person Is Someone Trying Desperately to Take Their Power Back,https://www.youtube.com/watch?v=SesXuqc_KsA
#Shorts | &quot;PM Modi used abusive language while giving his speech in Bihar&quot; | Priyanka Gandhi | BJP,https://www.youtube.com/watch?v=TMxdGlVT23A
Can a Christian leave an abusive marriage? #abusiverelationship #Christian #biblehope #narcissistic,https://www.youtube.com/watch?v=zEHV5mmfHBs
Dramatic Speech: Mother and Abusive Father,https://www.youtube.com/watch?v=1mMyzqgj9rs
An overview of detecting and characterizing abusive speech in online social media,https://www.youtube.com/watch?v=hrneblruFS4
Strategies of getting out of an abusive and toxic relationship #motivational #Abuse #Shorts,https://www.youtube.com/watch?v=b6Dp1s71uYo
Abusive political culture I Political differences vs insulting slurs | free-speech vs Hate-speech,https://www.youtube.com/watch?v=OrMe7JqkFcI
David Goggins Talk About His Abusive Father 😰 #shorts #davidgoggins #stayhard #selfimprovement,https://www.youtube.com/watch?v=QFtau4Mlq8U
Surviving an Abusive Childhood: My Journey to Healing and Growth#motivation #podcast,https://www.youtube.com/watch?v=nlsEJODdrRk
All #muslim Man Are Abusive😂 #islam #allah ﷻ #religion #repent #mercy #jannah #youth #ummah #fyp #fy,https://www.youtube.com/watch?v=N9exSbLsCXw
Buddha handling abusive man and his insult #shorts,https://www.youtube.com/watch?v=Wl5qYRfIZVQ
Debbie Bollinger | Healed Of Abusive Trauma &amp; Speech Impediment PT 1 | THE JOURNEY,https://www.youtube.com/watch?v=PLipM4fdLew
How did we become so abusive ? #viralreels #fy #preachings #abuseprevention #preachtheword #trends,https://www.youtube.com/watch?v=_1lNM6RhYR4
Leave abusive relationship/marriage. Leave to live.,https://www.youtube.com/watch?v=iphW81psI1w
Bruce Allen - Amazing Revelation Prayer Transforms Abusive Husbands Life - Season 4,https://www.youtube.com/watch?v=W1OMRHYUJSE
Abusive family #shorts #islam #muslim,https://www.youtube.com/watch?v=dYVXSqIBcvY
why Governor Mutahi Kahiga Used an abusive language to the Maasai people.,https://www.youtube.com/watch?v=mncfad5ybDo
David goggins about his abusive father #davidgoggins #joerogan #podcast #jre #abuse #motivation,https://www.youtube.com/watch?v=e9VIhHtIgSk
Awakening in an Abusive System Finding Allies and Reclaiming Sanity,https://www.youtube.com/watch?v=ngsoD2QEhr0
David Goggins|Joe Regan podcast talks about his abusive father😥 #viral #ytshorts #shorts #fyp #God,https://www.youtube.com/watch?v=dVMTxkThH1I
Empowering Escape: A Letter to Leave an Abusive Relationship # shorts,https://www.youtube.com/watch?v=TdSciYDNSy0
"Therein they will hear no abusive speech, nor any talk of sin, only the saying, “Peace, peace.”",https://www.youtube.com/watch?v=LGMGk3jTQFE
Man confronts abusive boyfriend of daughter at Dr Phil | #shorts #drphil,https://www.youtube.com/watch?v=0t2RO7tf-UY
David Goggins TRIED to Understand his Abusive father #shorts,https://www.youtube.com/watch?v=dpzEa9g7YpM
The Power of Words: Avoiding Abusive Language - Mufti Menk | Islamic Lectures,https://www.youtube.com/watch?v=JVYzF1hiqC0
The Clear Table with Hiram &amp; Gina - S1E1: Abusive Relationships #abusiverelationships #domesticabuse,https://www.youtube.com/watch?v=kOIVHEg8zus
Stop using Abusive Language #numerlogy #tips #mercury #astrology,https://www.youtube.com/watch?v=85O8LApHM_M
Abusive Language #phanumanthu #father #daughter,https://www.youtube.com/watch?v=ZkmpanlBdi0
Overcoming Adversity How an Abusive Upbringing Fueled Elon Musks Success #shorts,https://www.youtube.com/watch?v=nWouiXBwwYY
"NE CAREFUL ABOUT YOUR SPEECH,🗣️🗣️OR AVOID ABUSIVE WORDS 🕊️🙏🏽🙏🏽 MATTHEW:12:35_30 🙏🏽",https://www.youtube.com/watch?v=85v0Freqs04
The Reason Behind Your Abusive Language 😶 #shorts #language guage,https://www.youtube.com/watch?v=u6ayDislues
God Is NOT An Abusive Father #shorts,https://www.youtube.com/watch?v=FDYOUVGGZFQ
"Navigating the Storm  Overcoming Grief, Depression, and Abusive Relationships.",https://www.youtube.com/watch?v=PDopV5Cq6iM
RUDE AGGRESSIVE AND ABUSIVE BEHAVIOUR,https://www.youtube.com/watch?v=BB-5Vc5LBJs
Is Your Relationship Abusive? #femilazarus #relationship #abuse #narcissist #redflags,https://www.youtube.com/watch?v=44yn0YvBO_g
Speech Therapy- abusive relationships,https://www.youtube.com/watch?v=nFIQv1FjGCM
It&#39;s NOT okay for Christians to Remain in Abusive Relationships  - Part 1,https://www.youtube.com/watch?v=nzlkT0Bj-y4
Why do you feel insane after leaving an abusive relationship? #abuse,https://www.youtube.com/watch?v=uaMnjixcE6Q
How to Heal From Your Abusive Brain Chatter w/Jacquie Elliott,https://www.youtube.com/watch?v=T2KLAoFS3P0
An Abusive Relationship Is Not God&#39;s Will For You In Marriage! || Pst. Anwinli Ojeikere #thewinlos,https://www.youtube.com/watch?v=TX3fJbT8fVc
Abusive Relationship - Jordan Peterson,https://www.youtube.com/watch?v=bpbXFoWRw8E
George blames media for airing his abusive speech,https://www.youtube.com/watch?v=jvdfvqvVCt0
Abusive in-laws | Nouman Ali Khan #islamicstatus #islamicteachings #noumanalikhan,https://www.youtube.com/watch?v=NlpMnF5p6OI
Say no to an abusive relationship. #youtubeshorts #relationship,https://www.youtube.com/watch?v=mexlvc7GANc
I strongly condemn this hate and abusive speech delivered by @SKhanAthlete towards  Gilgit Baltistan,https://www.youtube.com/watch?v=rNLobcGqd9Y
How I Was Spiritually Groomed For an Abusive Marriage; Featuring Daphne McGee Esq.   |   #shorts,https://www.youtube.com/watch?v=MfNzSNf1F04
Speaking about my abusive relationship,https://www.youtube.com/watch?v=fgaoBqPzgN4
Why Nigerians Are Afraid Of Their Abusive Governments That Disrespect Their Country. #bobmarley,https://www.youtube.com/watch?v=zKhTDkWi5fI
your child is abusive? brutal? dishonest?harsh? watch the solution #youtubeshorts #viral #motivation,https://www.youtube.com/watch?v=1SUxoz7XS-k
A Beacon of Hope: Finding Relief and Support in Abusive Circumstances,https://www.youtube.com/watch?v=Wp-uWBTbMgI
Altaf Hussain Abusive Speech,https://www.youtube.com/watch?v=RqT_gvi7jgQ
David Goggin&#39;s on his abusive father #selfimprovement #podcast #davidgoggins,https://www.youtube.com/watch?v=mx0HqIES8vE
@derikfay @HustlersnthehoodToxic and abusive Relationships...why stay? Why leave? #PeaceMakerWon,https://www.youtube.com/watch?v=ZuL15fOzk64
How to Deal with Negative and Abusive People  #sadhguru  Advice#shorts,https://www.youtube.com/watch?v=ReYi5ktFBDk
Abusive Audience Member part 2 | Crowd-work | Stand-up Comedu,https://www.youtube.com/watch?v=U6ccncxqfWs
Escaping Physical Abuse: How to Break Free from an Abusive Relationship,https://www.youtube.com/watch?v=Z4kh9XHvW2w
DON&#39;T UTTER ABUSIVE WORDS. | MUFTI MENK |,https://www.youtube.com/watch?v=eKRrbMzk37A
If somebody reports this as abusive language and hate speech I wouldn’t even be mad 🤣 #midastouched,https://www.youtube.com/watch?v=XSR630xxzsM
Genuine vs Abusive Relationships #sadhguruvideos #sadhguru,https://www.youtube.com/watch?v=uXl6hVtwjuI
Abusive Words,https://www.youtube.com/watch?v=-q0ylC_rA60
Ina Johnson Meyers: Another Reason Victims Stay in Narcissistic Abusive Relationships,https://www.youtube.com/watch?v=Hf11L3xsTns
David goggin exposes his Abusive Father #shorts #davidgoggins,https://www.youtube.com/watch?v=YbVuWeJjJ2Q
How do you move forward from abusive relationship? #short,https://www.youtube.com/watch?v=4KejSaUwBL4
Effects of having an abusive tongue | Omar Suleiman | #islam #allah #muhammadﷺ #deen #omarsuleiman,https://www.youtube.com/watch?v=McS5Q3rOzOw
Overcoming Indoctrination in Abusive Environments #shorts,https://www.youtube.com/watch?v=SsrZb1Goj8Q
Growing up with an abusive dad… #davidgoggins #stayhard #motivation #shorts #sad,https://www.youtube.com/watch?v=epolAvfliHQ
Victims Of Abusive Homes!!!,https://www.youtube.com/watch?v=Hrv1PvrhpCQ
"What is abusive speech (GDD-764, Master Sheng-Yen)",https://www.youtube.com/watch?v=_KC-JEOsIv4
DONALD TRUMP | ABUSIVE SPEECH | HINDI | DUBBED | COMEDY | ASHISH CHANCHLANI,https://www.youtube.com/watch?v=kjeB2Fv4cxA
Walk Away From Abusive and Toxic Partners,https://www.youtube.com/watch?v=_dxdJKjjQRE
Don&#39;t be abusive even if you&#39;re right! Part 1 #muftimenk #islam #allah,https://www.youtube.com/watch?v=cH6EqoRLeW0
"Sometimes, what’s keeping you in your abusive past is your mindset!! Apostle Femi Lazarus #shorts",https://www.youtube.com/watch?v=qIEpT2TZzt4
Priyanka Gandhi&#39;s Reaction to Abusive Speech | #priyankagandhi #priyanka #delhielection2025 #athisi,https://www.youtube.com/watch?v=Njk2yKQWvsk
"Don&#39;t stay in an abusive relationship and be praying, step out for your life #funkefelixadejumo",https://www.youtube.com/watch?v=Mp4Txn7MNCg
Paper Reading &amp; Discussion: Racial Bias in Hate Speech and Abusive Language Detection Datasets,https://www.youtube.com/watch?v=88WFgvMp03w
WHY SOME PEOPLE ARE STUCK IN ABUSIVE OR DYSFUNCTIONAL MARRIAGES - Pastor Vic,https://www.youtube.com/watch?v=0dg9MQQ7FiA
Day 3 - Abusive Situations #21daysofprayer #21daysofprayerandfasting #shorts,https://www.youtube.com/watch?v=uhAHMM8iL0s
PREGNANCY BEFORE MARRIAGE | RELATIONSHIP CRISIS | ABUSIVE RELATIONSHIP | TOXIC RELATIONSHIPS,https://www.youtube.com/watch?v=KGkFNZT9uM8
GOGGINS CONFRONTS ABUSIVE FATHER #shorts,https://www.youtube.com/watch?v=5nz5BNKWNoE
Abusive Pastors #shorts,https://www.youtube.com/watch?v=p2YyJ7THtbc
Catholic Church has ABUSIVE Priests ?,https://www.youtube.com/watch?v=seIDZA70XnQ
David Goggins: Survivors Courage Escaping an Abusive Past and Finding Strength,https://www.youtube.com/watch?v=rDI0UeeBhqg
"Havin’ flashbacks to my abusive evangelical upbringin’. Did my time. Not goin’ back, Mike. 🤡",https://www.youtube.com/watch?v=RjLzkK5sH1g
Nehal Hashmi abusive remarks on Supreme Court,https://www.youtube.com/watch?v=0t23JKeOris
Let us say no to toxic people #abusiverelationships #abusive #toxicperson #motivation,https://www.youtube.com/watch?v=HhvQH4yOSU8
ABUSIVE &amp; HATEFUL SPEECH - WISDOM FROM THE MAHABHARATA ©2017 GandharvaMusic-LZWG GM-WW&amp;OS-AVP,https://www.youtube.com/watch?v=4Y7idaFcTck
When your spouse becomes abusive,https://www.youtube.com/watch?v=HHSswrqpWpY
Breaking the narcissistic abusive cycle..,https://www.youtube.com/watch?v=MigZ09nOvCs
TRAUMA OF AN ABUSIVE RELATIONSHIP #femilazarus #relationship #abuse,https://www.youtube.com/watch?v=IYL05zfDULc
&quot;Spread Positivity: Let&#39;s Stop Using Abusive Language😥😪,https://www.youtube.com/watch?v=Eb0JV_d5mEw
Reform Church: Urge Abusive Leaders to Repent Instead of Telling the Harmed to Stay #god #church,https://www.youtube.com/watch?v=e4ifmjHir5I
Assertive Not Abusive With Words! #relationship,https://www.youtube.com/watch?v=niB1q0OtjcY
David Goggins learned From his Abusive Father. #davidgogginsmindset,https://www.youtube.com/watch?v=FVc1ZWZT5q8
Stay In Abusive Relationships Too Long And Then They Live In Denial,https://www.youtube.com/watch?v=iBFGEZuZx5E
Is Senator Azam Swati&#39;s abusive speech defensible or not? - Capital Talk,https://www.youtube.com/watch?v=UJqiHUdbIt0
Ranveer Allahbadia India&#39;s Got Latent: CM Fadnavis On Ranveer&#39;s &#39;S**&#39; Remarks On Samay Raina&#39;s Show,https://www.youtube.com/watch?v=KqQ3tGBpP1w
Please listen if you are in an #abusive #relationship  #narcissist #trauma #abuse #recovery #spoken,https://www.youtube.com/watch?v=K5FzReqWT7I
Why can&#39;t freedom of speech be exercised without use of abusive language?,https://www.youtube.com/watch?v=qSAsTv7gaTY
Jesus is not abusive. He loves you. #jesus #shorts,https://www.youtube.com/watch?v=UFsTqdaruCM
Responding to Abusive Language - Reminder by Molana Tariq Jamil | part 2 |#deenkeeduniya,https://www.youtube.com/watch?v=4toVEsYMFyE
Is Senator Azam Swati&#39;s abusive speech defensible or not? - Capital Talk - Geo News,https://www.youtube.com/watch?v=ceuLvTWMwW4
Are you Abusive? Mufti Menk,https://www.youtube.com/watch?v=U3RzJGvfUdc
Shocking Truths Uncovered How Leaving My Abusive Father Saved My Life #davidgoggins 👑💪,https://www.youtube.com/watch?v=eMHBzGzhQPg
Kodali Nani Abusive Language in Press Meets | New Culture in AP Politics | CBN | Jagan |,https://www.youtube.com/watch?v=2OIV__iaESY
Facing the Truth | The Impact of Abusive Homes in your relationships,https://www.youtube.com/watch?v=EhKhmG7zhQ4
Should a wife stay in an abusive marriage?,https://www.youtube.com/watch?v=jOT2Sy2ZkSw
Franz Kafka Letter to his Abusive Father #philosophaire,https://www.youtube.com/watch?v=k3HHyPYJwQA
Breaking Free: Escaping Abusive Marriages | PST BEVERLY DIDARI,https://www.youtube.com/watch?v=aiTAM63KcOo
"Sub-Inspector Of Auraiya Dist Suspended For Using Abusive Speech With A Woman, Dept Investigation On",https://www.youtube.com/watch?v=noc44W1_GzM
Flew away from abusive relationships and marriage #pastorelvisagyemang #loveclinic #shorts,https://www.youtube.com/watch?v=NJf-y8sXe7c
Abusive speech made by DMK supporter #bharat #youtubeshorts #reels #ayodhya #india #modi #congress,https://www.youtube.com/watch?v=rouK-oB363Y
Marriage and Abusive Relationships (Relationship Series 2023),https://www.youtube.com/watch?v=ogouEqfvQ1U
SECRET PAIN OF AN ABUSIVE RELATIONSHIP! | Stand-up Poetry| The Keerthana.       #abusiverelationship,https://www.youtube.com/watch?v=2SUpT8Zj47Q
"Election 2020: NMC, Peace Council, MFWA deliberate on curbing hate speech, abusive language",https://www.youtube.com/watch?v=HZhfbqc8DtE
Vaiko abusive speech about MGR,https://www.youtube.com/watch?v=GZO_VQX9ppw
My abusive boyfriend followed me to school and ruined my life,https://www.youtube.com/watch?v=q_RYQSznjyU
Shocking Story of a Buffalo Mans Abusive Upbringing,https://www.youtube.com/watch?v=EG3gb_--Kvs
The Dark Side of Engineer Mirza | Offensive &amp; Abusive Speech Language Revealed Of Engineer Ali Mirza,https://www.youtube.com/watch?v=36X4U6bRcg0
Why so you find it hard to let go of an abusive relationship? #abuse,https://www.youtube.com/watch?v=DETGNmP26Ls
SHOCKING NEWS❗ A talk about abusive marriage | PRAYER TV | by Pastor Esther,https://www.youtube.com/watch?v=95cXAnMcENE
Roblox~text to speech story😲~ I have an abusive dad,https://www.youtube.com/watch?v=Yw-sFl2nXgc
#philosophaire Franz Kafka Second Letter to his Abusive Father,https://www.youtube.com/watch?v=6fVcyCpSYPE
Lying Women &amp; Abusive Pastors  | Sunday Sermon,https://www.youtube.com/watch?v=YvrQQ9ufCdM
Us abusive? No. It&#39;s the &quot;online communities&quot; who are wrong.,https://www.youtube.com/watch?v=H9kmmuxCqgI
Naresh Agarwal gave an abusive speech in Parliament| Hurting religious sentiments,https://www.youtube.com/watch?v=QD03TljAHEI
Dr Umar Johnson message to abusive BM,https://www.youtube.com/watch?v=65jxGliVAsM
Get motivated 🤔👀 || abusive words #shorts,https://www.youtube.com/watch?v=JDzFkyRQmyw
HOW TO KNOW WHEN YOU&#39;RE IN ABUSIVE RELATIONSHIP,https://www.youtube.com/watch?v=_MjDs5UCBxM
GACHAGUA RESPONDS TO THE ABUSIVE REMARKS MADE BY FARAH MAALIM IN FRONT OF PRESIDENT RUTO,https://www.youtube.com/watch?v=SZ6jPnMPSCU
David Goggins - From Fear to Resilience Defying My Abusive Past,https://www.youtube.com/watch?v=eocbldZRF28
Do Not Use Abusive Language| Raj Prakash Paul Messages #rajprakashpaul #jessypaulsongs #jesuslove,https://www.youtube.com/watch?v=Po4O--VtyA8
Ranveer Allahbadia Samay Raina &amp; &#39;Rebel Kid&#39; Booked for Abusive Remarks on India&#39;s Got Latent,https://www.youtube.com/watch?v=_VbG5UeuXn8
Kanye West &amp; Bianca Censori KICKED OUT of Grammys!,https://www.youtube.com/watch?v=rlk85ZtUUto
"[Official Transcript]【天地游】The hell associated with abusive speech, sexual misconduct, and killing",https://www.youtube.com/watch?v=phOGAWvJFbk
Federal Education Minister Abusive speech in Parliament against Imran Khan,https://www.youtube.com/watch?v=6N45-R5-jtk
Say NO to Abusive Language,https://www.youtube.com/watch?v=rtZjzhzZvsc
Bas Casually Gaali De Dete Hain | Dangers of Being Used To Abusive Language,https://www.youtube.com/watch?v=V94Plw_k_Q0
Abusive Mother in Law - Assim al hakeem,https://www.youtube.com/watch?v=Jm4oc2NzJT4
Abusive Family Systems | @MerlizeJogiat #abuse #family #healing,https://www.youtube.com/watch?v=1AgTpPY6-9Y
Ravish Kumar  vs Abusive 😤 Godi Media   #Shorts,https://www.youtube.com/watch?v=My5N6xcqRYQ
#menendezbrotherstrial  Tennis Coach slams father&#39;s abusive behavior,https://www.youtube.com/watch?v=ZQqU8E3czwk
LDS Church Prophets Abusive Speech!!!,https://www.youtube.com/watch?v=ud3ZK7qEcmM
Disgusted by partner’s abusive behaviour,https://www.youtube.com/watch?v=etl8eO5U6rI
amit shah abusive speech says gaand instead of jaan,https://www.youtube.com/watch?v=oU9QDyIlAEk
Abusive Language of Mirza Ghulam Ahmed Qadiani,https://www.youtube.com/watch?v=HLupGmHl4sw
Do not stay in abusive relationship #coaching #marriageadvice #trendingshorts #r/ships  #women,https://www.youtube.com/watch?v=waY1bbDGfUU
"Protect Yourself, Child from Abusive Partner",https://www.youtube.com/watch?v=moavGz38VhE
Watch Navjot Singh Sidhu&#39;s abusive speech against PM Manmohan Singh,https://www.youtube.com/watch?v=z18iiaW2HWE
"BK Shivani Speech on Use of Abusive Language , Brahma Kumaris Sister BK Shivani Speech on Bad Words",https://www.youtube.com/watch?v=Q5UWAEG-f4A
"The abusive speech of Grahame, defended by kevin  This is too far    YouTube",https://www.youtube.com/watch?v=S0Pz0zGuxKs
Stuck in Abusive Relationship? || Acharya Prashant,https://www.youtube.com/watch?v=b0peRcHzt94
Abusive wordsenglish conversationenglish speaking practicelearn englishspoken englishlearn english,https://www.youtube.com/watch?v=XP0eDkro6oc
Meister SDA Violating Free Speech| Liberty of Conscience| Abusive church discipline. pt 1,https://www.youtube.com/watch?v=mArzg8N35to
DMK leader abusive women #Respect women #viral #tamil,https://www.youtube.com/watch?v=u7um1WZczqU
How to Honor Your Abusive Parent #christianliving #toxicmother #faithingod,https://www.youtube.com/watch?v=cAT9bYvwbH8
M.Mani abusive speech against Police..must watch..,https://www.youtube.com/watch?v=Hhaqjd5pp7Y
Salman Khan got angry after hearing Alia Bhatt&#39;s abusive speech,https://www.youtube.com/watch?v=WLcBohcE8eQ
Abusive Faith #shorts #spiritualabuse #Christianity #faith,https://www.youtube.com/watch?v=aXl8o1brDqc
THE RED LIGHT WARINNG OF TOXIC  RELATIOSHIP ABUSIVE SPEECH  AGAINTST EACH OTHER,https://www.youtube.com/watch?v=jZhRf5rL0s0
Mel B: It’s not easy leaving an abusive relationship,https://www.youtube.com/watch?v=E3Shcn2qmKo
Freedom of expression and anti-religious abusive speech: some recent issues in the Strasbourg law,https://www.youtube.com/watch?v=YhvlxyfK3L0
Say NO to Toxic and Abusive Relationships.,https://www.youtube.com/watch?v=A9sMmoQTdQ0
Benefits of Abusive Language #AstrologySecrets #PlanetaryEffects #MindfulSpeech  #slang,https://www.youtube.com/watch?v=otA2N9cNalE
"YCP encouraging vulgar, abusive behavior",https://www.youtube.com/watch?v=Bqrig6_UVAo
Kenyan prince abusive words abusive words about kisii people,https://www.youtube.com/watch?v=ib5mlrm8t7E
Congress MLA Madhavareddy Abusive Speech,https://www.youtube.com/watch?v=SjlFSnOxMkA
Lets Talk It Out- Lesbian Abusive Relationship,https://www.youtube.com/watch?v=SkhpdkI4MAw
Expert Advice for Men Say NO to Emotional Abusive women,https://www.youtube.com/watch?v=YODtIh-wCWM
Abusive relationship | October - Month for awareness | Domestic violence |,https://www.youtube.com/watch?v=oFf1IMc_1CI
Pti Representative SanaUllah mastikhel  Uses Abusive Laguage In National Language #shorts,https://www.youtube.com/watch?v=711gHgNlYvU
Sudhanshu Trivedi Parliament Speech:  सुधांशु के बयान से हिली पूरी संसद! | Child Abuse in Hyderabad,https://www.youtube.com/watch?v=zeyE3-nGmAc
To the people who use abusive words by RJ Kartik #shorts #motivation #rjkartik,https://www.youtube.com/watch?v=b9d78-oaH6Y
"TMC MP Mahua Moitra Allegedly Uses Abusive Word In Parliament, BJP Demands Apology",https://www.youtube.com/watch?v=OTfkx-e8Wx0
Avoiding abusive relationship Asim Al hakeem #halal #islam #muslim #nikah #islamic #spouse #marriage,https://www.youtube.com/watch?v=8cDL5OiYllA
Abusive language || Gaali gloch karna || #Ramadan Reminder || Mohammad Atiullah #letsthinkdeeply,https://www.youtube.com/watch?v=SrJhMgj4u3o
Run away from any abusive relationship.,https://www.youtube.com/watch?v=WtBQxjXP9Mo
Abusive Relationship #shorts #motivation #podcast #AAMotivationofficial #shortsvideo #shortsfeed,https://www.youtube.com/watch?v=NiTCe8VYXMM
Abusive Marrige and restarting life,https://www.youtube.com/watch?v=mKI-O3QCElU
Abused children turn into abusive parents #christ,https://www.youtube.com/watch?v=KZp4pqphp8c
"Afzal Marwat breaks silence on Social Media, calls it Abusive and Disrespectful",https://www.youtube.com/watch?v=n8ppHE04cFw
Rust is Abusive,https://www.youtube.com/watch?v=izY8v0fkbcY
Make it a point to operate on a slave who is abusive (imran khan),https://www.youtube.com/watch?v=R_AxGshhmJw
Abusive people part 2 #quran #reminder #halal #islam,https://www.youtube.com/watch?v=jQeFJfqfjoY
Opposition always Lying and used Abusive Language,https://www.youtube.com/watch?v=m6QgtY-FOaY
Video of Yogi Adityanath using abusive word #Shorts,https://www.youtube.com/watch?v=lDXWn4bmuhk
Daughter of Abusive Father Reflects on Her Childhood | Evil Lives Here | ID,https://www.youtube.com/watch?v=CxWHr8QAm6A
Do You Feel Limerence in an Abusive Marriage?,https://www.youtube.com/watch?v=gdVZcA01hR4
Daniyal Aziz Used Abusive Language During Imran Khan&#39;s Speech In NA And Called Him &quot;Kut&#39;ta&quot;,https://www.youtube.com/watch?v=ITUwSkHOJjQ
Khawaja Saad Rafique reacts strongly to Imran Khan&#39;s abusive speech against Maryam Nawaz Sharif,https://www.youtube.com/watch?v=ixkXhXDFaHQ
PTI Senator Saifullah Abro Abusive speech in Senate over Controversial motion| Imran Khan| WE News,https://www.youtube.com/watch?v=tDPQ8OVR-AA
#Abusive Bird Talk #Talking Bird #मैना #Maina #Jamshedpur Zoo,https://www.youtube.com/watch?v=jyZ-s3TeJQ0
Never use abusive languages,https://www.youtube.com/watch?v=W9QZ_vMQ2kw
Doogs Life Defending His Abusive Content #doogslife #shortsfeed #ytshorts #shorts #podcast #viral,https://www.youtube.com/watch?v=ILy9knlPbW8
ABUSIVE CONTROLER P-1,https://www.youtube.com/watch?v=UNqNHaBYBG8
Kindergarten Cop: Kimble confronts an abusive father HD CLIP,https://www.youtube.com/watch?v=_TlF7iUsyRQ
"PTI Taught Using Abusive Language, Barrister Aqeel #pti #pmln #barrister #imrankhan #adialajail",https://www.youtube.com/watch?v=CtsxQwWyRfI
How Will Election Commision Check Abusive Speeches Of Politicians? | Election Agenda | News19 Urdu,https://www.youtube.com/watch?v=O9B408IRSTI
NARCISSISTS KNOW THEY&#39;RE ABUSIVE – POWERFUL MOTIVATIONAL SPEECH BY ANTHONY HOPKINS (28-MINUTES),https://www.youtube.com/watch?v=k_PMah8u5nY
Are Your Parents Really Abusive?  #relationships #familydynamics #buddism  #parenting,https://www.youtube.com/watch?v=KOSd7xS-aa0
Should is an emotionally abusive word,https://www.youtube.com/watch?v=B6bwQwJAFNc
results of abusive language  #fawadchaudhry,https://www.youtube.com/watch?v=5qlrpA0d_Os
Cs Aden Duale on the spotlight after abusive remarks #uhuru #ruto #duale #raila #kindiki #gachagua,https://www.youtube.com/watch?v=zDCGg9R1ov4
"Being a godly man, leading, is abusive?",https://www.youtube.com/watch?v=ceZTm6sBg0Q
Ali Amin Gandapur Got Abusive During Media Talk | Ali Amin Gandapur Aggressive Statement | GNN,https://www.youtube.com/watch?v=_4KEL3u2oLs
ABUSIVE CONTROLER P-3,https://www.youtube.com/watch?v=SFV6kdRO-30
Anand Ranganathan and  Ashutosh Abusive fight  in sawaal public ka#times now. Aap leader.,https://www.youtube.com/watch?v=DGfSRQU6xgk
TRS contenstants abusive speeches against public,https://www.youtube.com/watch?v=6ecpwPUjwSM
Why Women Marry Abusive Men,https://www.youtube.com/watch?v=oX-T1GtAmOM
Is Abusive Speech Towards Politicians Equal To Hate Speech? TMC MP Santanu Sen Responds,https://www.youtube.com/watch?v=9pliFTxHxmU
بدزبانی بدکلامی دورکرنےکاطریقهHow to remove abusive speech by Mufti Ahmad Ali Swabi #special #bayan,https://www.youtube.com/watch?v=_wNnWiHCwnk
டிடிவியால் சிக்கலில் சிக்கிய செந்தில் | Senthil facing problem for abusive speech,https://www.youtube.com/watch?v=kHTWTSqvXoc
Gaali | Cuss Words | Abusive Language | Free Your Self | Be Your Self,https://www.youtube.com/watch?v=EP8L6cgd3_Q
Mustafa lohar response to XMPA Qaisar Magsi abusive speech,https://www.youtube.com/watch?v=ECykhxbyjmQ
Abusive In-Laws &amp; Husband&#39;s Responsibility I Nouman Ali Khan,https://www.youtube.com/watch?v=Lo87QchuaFk
‘My Father Was Very Abusive’: Uorfi Javed | India Today Conclave Mumbai,https://www.youtube.com/watch?v=kJ-YqBLVU-E
ADDICTED To Abusive Relationships | Healing From Abuse | ArmyPink.com #shorts #abusiverelationship,https://www.youtube.com/watch?v=Xv3vKhOxdts
Molvi Manzoor abusive speech for America,https://www.youtube.com/watch?v=XgvroGeTLXM
An abused child can be taken away from abusive parents under the Child Rights Act #Bartalkwithola,https://www.youtube.com/watch?v=kkT-ggCLPB8
Protecting Women&#39;s Rights: Escaping an Abusive Relationship,https://www.youtube.com/watch?v=Bv1Zw3xEgcE
Abusive use of power is intolerable.more power to Civilians we are the owner of the state,https://www.youtube.com/watch?v=UDmJJKDnw0I
Sending positive vibrations to abusive people? #shorts #abuse #trauma,https://www.youtube.com/watch?v=-qz2iJZyWPc
Abusive #allah #jannahismygoal #jannahinislam #jannah #allahuakbar #jannahgoals #abusiverelationship,https://www.youtube.com/watch?v=bXkLI9vYX2Q
Abusive boyfriend gets schooled by father in law,https://www.youtube.com/watch?v=0nC1PrqD_7k
When someone is abusive..#Allah #Allahuakbar #islam #islamicvideos#motivation#shortsfeed#shortvideos,https://www.youtube.com/watch?v=n-4MUy4QAD8
Confidence to leave abusive relationships,https://www.youtube.com/watch?v=m1G7BA7M8Ig
God Delivered me from an abusive Marriage #god #testimony #emotionalabuse  #soultie #fypシ゚viral,https://www.youtube.com/watch?v=5oWx1DHtLiM
How to Walk Through The Steps to Overcome An Emotionally Abusive Relationship,https://www.youtube.com/watch?v=KOFL-nRP0rs
NBC VS HOA |KANCHA BHAU AND KANCHA CHEENA ABUSIVE SPEECH Ft |Nopixel India,https://www.youtube.com/watch?v=F4Hl-tJe04g
Faiz uL hassan Chohan Vulgar Speech and abusive language,https://www.youtube.com/watch?v=MvzwyJVSeyQ
NARCISSISTS KNOW THEY ARE ABUSIVE ||The Best Motivational Speech ANTHONY HOPKINS,https://www.youtube.com/watch?v=HiADJGxOGes
Why will you stay in abusive relationship // Funke Adejumo #relationships #marriage,https://www.youtube.com/watch?v=Umo8ZFHfMcA
Altaf Hussain Abusive Press Conference.,https://www.youtube.com/watch?v=F7iCVD1I-QU
Andrew Wommack on Abusive Marriages,https://www.youtube.com/watch?v=prN72odXzSQ
Td Jakes - Beware of your abusive background,https://www.youtube.com/watch?v=clL4-F7FPqM
Why David Goggins Revisited His Abusive Father,https://www.youtube.com/watch?v=bFXITIBq1zY
Abusive Speech - 6/25/14 Justin Diaz,https://www.youtube.com/watch?v=NBCzXJqNORE
Kya Gaali Dena Apradh hai ? Do you also use abusive words? #legal #legalawareness #law,https://www.youtube.com/watch?v=rda85XL9Oi4
Don&#39;t die in an abusive relationship as a man or a woman  #prophetritabbi #marriage #marriagevideo,https://www.youtube.com/watch?v=0qUKIg9B-cQ
Kids using abusive language😖#PositiveParenting #MindfulParenting #RaisingGoodKids #ParentingTips,https://www.youtube.com/watch?v=WCAtQ9ilq0c
Abusive relationship - Motivation - Shorts - 1220 #motivation #shorts #goals,https://www.youtube.com/watch?v=bxf_d3x0CZk
Mufti Menk| Urdu translation|Are you abusive ?,https://www.youtube.com/watch?v=OnQ2Zue0rEc
Cut out Abusive Words - Mufti Menk #shorts #FaithVoyage #subscribe #islamic #muftimenk,https://www.youtube.com/watch?v=HcvhN_-cweQ
California Pastor and His Gay Partner Sentenced to 150 Years for Abusing Their Adopted Sons,https://www.youtube.com/watch?v=_u6z9zIVPBE
Kailash Satyarthi&#39;s Address at the World Leaders&#39; Summit in Vatican,https://www.youtube.com/watch?v=oRgf6ZdZPK0
Sivakarthikeyan Forgive Me.. 🫶 RJ Balaji Accepts His Abusive Speech At Tamil TV Show | Amaran,https://www.youtube.com/watch?v=vaGnd4k2noU
From Abusive Dad To Jesus Christ ✝️ This is Amazing #shorts#Jesus#Jesussaves#Testimony#supernatural,https://www.youtube.com/watch?v=UGwvu2-0UEU
Maulana Atta UR Rahman Speech in Senate | Molana atta ur rehman abusive speech in Senate,https://www.youtube.com/watch?v=CXyhwhsx998
Girlfriend And Boyfriend ABUSIVE Conversation | Gf Bf ABUSIVE Conversation,https://www.youtube.com/watch?v=Yjjw1GvFe-4
Leave that toxic abusive relationship like Jesus did 🤔#mentalhealth #boundaries #christian,https://www.youtube.com/watch?v=lDvwrOVPG0A
Into Abusive Relationship? || Acharya Prashant,https://www.youtube.com/watch?v=GbYI1Mo1T34
Don&#39;t be abusive🗣☹️ #physicswallah #viralshort #pw #neet #lakshyabatch,https://www.youtube.com/watch?v=wfEBL8Hl6Xk
Rana Tanveer Used Abusive Words For Imran Khan I Speech In National Assembly I GNN,https://www.youtube.com/watch?v=MjYwq8dMEDo
Abusive Relationship! #Allah#islam#prayers#quran#sunnah#islamicreminders#shortvideo#shorts#trending,https://www.youtube.com/watch?v=m-xgeI8BaoU
Red Flags for Abusive Relationships #dating #datingadvice #relationships,https://www.youtube.com/watch?v=NlWDqJAKXq8
Siva Shankar Baba Abusive Speech | Double Meaning Speech | Z Media Tamil,https://www.youtube.com/watch?v=zb_B3wORLEM
Latest Abusive Revolutionary Speech Of Lord Hitesh Shakya | Jan 2025,https://www.youtube.com/watch?v=7YTm6gs4jTY
RUTO WEWE NDIO UNAHARA!! GEN Z FIRE BACK AT RUTO ABUSIVE SPEECH,https://www.youtube.com/watch?v=9pNIL3QfmJM
Tugon ni VP Sara Duterte sa impeachment | 24 Oras,https://www.youtube.com/watch?v=rZfjPKJ2IGg
Abusive Marriages || Acharya Prashant,https://www.youtube.com/watch?v=VO22yIQ6po4
🤣🔥 Abusive languages from President Ruto COMPILATIONS!Gachagua ft Raila meme comedy COMPILATIONS,https://www.youtube.com/watch?v=txpcvz58AcE
Alleged assault case at Admiralty Secondary was not an incident of bullying: Chan Chun Sing,https://www.youtube.com/watch?v=zcLjRCj31Xc
FARAM MAALIM FORCED TO APOLOGIZE FOR HIS ABUSIVE SPEECH.,https://www.youtube.com/watch?v=9XmigrcxGIU
"Vince McMahon At Super Bowl, More WWE Releases Confirmed, AEW Star Arrested | WrestleTalk",https://www.youtube.com/watch?v=DS5NUZwUD0Q
DOMESTIC VIOLENCE ❤️‍🩹 | Abusive Relationship | Shayari | Social Issues | Muskan Saxena #sadshayari,https://www.youtube.com/watch?v=tScmeLwqWR8
My Father Insults My Mother and is Abusive Towards Her || The Muslim Family Q&amp;A || AMAU,https://www.youtube.com/watch?v=hfxRqD6VGhI
MWANA ANGIKURIRA THIINI WA ABUSIVE FAMILY - BISHOP SHAMMAH,https://www.youtube.com/watch?v=bekecRt2TGI
‘The View’ co-host expresses concern for Bianca Censori after shocking Grammys stunt with Kanye West,https://www.youtube.com/watch?v=-DPJHms5Q4U
Walking Away DESTROYS a Narcissist | The most Powerful Speech By David Jeremiah,https://www.youtube.com/watch?v=3LWc5cgRUkg
JC Prabhakar Reddy Abusive words on Officials,https://www.youtube.com/watch?v=qfdPyd_Ui9o
"LIVE: People’s Campaign Kick Off... #Eleksyon2025 (Feb. 11, 2025) | GMA Integrated News - Replay",https://www.youtube.com/watch?v=0bwnrAQVSW8
Chan Chun Sing on case of alleged assault at Admiralty Secondary School,https://www.youtube.com/watch?v=1VcsW3FyT9g
Sana Ullah Masti Khel Used Abusive Language in National Assembly #nationalassembly #shorts,https://www.youtube.com/watch?v=MWfu8PvfQYA
Manly P. Hall: Language: The Use and Abuse of Words,https://www.youtube.com/watch?v=VUix3QUqkAI
&quot;God save the Philippines&quot; - VP Duterte&#39;s reaction on the impeachment case | GMA Integrated News,https://www.youtube.com/watch?v=ptZm9hx-myw
Kanye West and Bianca Censori arrive to the #Grammys. #AwardsSeason,https://www.youtube.com/watch?v=Yh3wC3XDBEs
WWE Stars HATE Def Rebel! New Bloodline NXT Direction? John Cena Show Canceled! | WrestleTalk,https://www.youtube.com/watch?v=9rn4LzaNjcM
Khairatabad MLA danam Nagender is using the abusive language in assembly,https://www.youtube.com/watch?v=d8r_2sfxBjU
Niger First Lady Calls for Action Against Sexual Abuse,https://www.youtube.com/watch?v=mBIkDbcpG4w
Pappu Yadav ने केजरीवाल के बहाने PM Modi पर ये क्या बोल गए..? #shorts #pappuyadav #biharnews #BJP,https://www.youtube.com/watch?v=0a2KhzvZW_A
Sam Kerr admits ‘hostility’ to police officer in London trial | 7NEWS,https://www.youtube.com/watch?v=GplYc6sNptg
President Ruto terms opponents to livestock vaccination as ‘fools’,https://www.youtube.com/watch?v=rmhgIN2cQBY
Kanye &amp; Bianca at the 67th Annual #Grammys 📸💫 #kanyewest #youtubeshorts #awards #biancacensori,https://www.youtube.com/watch?v=J-ekrJZgV0c
Ranveer Allahbadia Controversy: Samay Raina के India&#39;s Got Latent पर NCW की लाठी चलेगी?| Social List,https://www.youtube.com/watch?v=I1rJmJReqI0
PBBM addresses alleged influence in impeachment proceedings | GMA Integrated News,https://www.youtube.com/watch?v=Lf41ahKtZqE
"Vice President JD Vance stunts World Leaders at AI Summit in Paris, France (Feb 11, 2025) [FULL]",https://www.youtube.com/watch?v=zjHgyPsAV3s
&#39;Everyone Has Freedom Of Speech But...&#39;: Maharashtra CM Fadnavis Reacts To ‘India’s Got Latent’,https://www.youtube.com/watch?v=QB7z0UBk4Bc
ఆలస్యము చేయక నీ జీవితాన్ని సరి చేసుకో...|| SHORT SERMON || PAS JOY GARU || - 🔴  #hpfmpastorjoy,https://www.youtube.com/watch?v=Tda5I9HjQLo
PM Modi ने कह दिया दिल्ली में कांग्रेस ने जीरो का डबल हैट्रीक लगा लिया! #shorts #shortsvideo #pmmodi,https://www.youtube.com/watch?v=uZaRmcrCKKM
Delhi Election Result: Arvind Kejriwal की हार पर दिल्ली के Auto Drivers क्या बोले? (BBC Hindi),https://www.youtube.com/watch?v=b9wsGVoQwvg
🤣 INDIAN CARTOON DARK MEMES 🌚 part 25 #ytshorts #roast #shortsfeed,https://www.youtube.com/watch?v=dSXZqYcQPVE
Arvind Kejriwal ने  दिल्ली में AAP की हार पर तोड़ी अपनी चुप्पी #arvindkejriwal #aap #kejriwal #short,https://www.youtube.com/watch?v=oV20A4jDTrE
Are you using God&#39;s Word in an abusive manner in your relationship?,https://www.youtube.com/watch?v=oTcKQtP2jcI
SPEECH ETIS 2022 : Children in Sexual Abusive Circle,https://www.youtube.com/watch?v=rQkYx8DIPxE
Sanju Moktan abusive speech on Nepali&#39;s works in Gulf @ANnepal01,https://www.youtube.com/watch?v=EcwNwBE2ChY
NERD Ruins MEAN GIRLS Lives Forever | Dhar Mann Studios,https://www.youtube.com/watch?v=uVWLoRFalFU
"Years before Na&#39;Ziyah Harris murder case, CPS warned repeatedly about alleged killer",https://www.youtube.com/watch?v=2EL0jY9rO4A
I shouldn’t have said what I said on India’s got latent. I’m sorry: Ranveer Allahbadia,https://www.youtube.com/watch?v=lTP5iZLSW60
Terastal &amp; Battle Partners is Back! | Crown Zenith &amp; Silver Tempest | Pokemon Card Rip &amp; Ship,https://www.youtube.com/watch?v=ocWRX__B-vI
Senate adjourns without addressing VP Sara Duterte&#39;s impeachment complaint | GMA Integrated News,https://www.youtube.com/watch?v=LiqmAu7EGPA
Joyce Meyer 2025 🔴 Choose A Good Mood 💝🎁 Joyce Meyer Full Sermons [LATEST],https://www.youtube.com/watch?v=R27oygYEZe8
WATCH: House Democrats say Elon Musk &#39;has absolutely no business&#39; handling Americans&#39; private info,https://www.youtube.com/watch?v=O_qOxtzVArc
A Wild Ride: Racing Alongside This Guy Was A Disaster! #gt7 #dailyraces #granturismo7,https://www.youtube.com/watch?v=3ZOMSaF6QG0
An Evening with Alisa Childers  |  Cornerstone Chapel Womens Ministry,https://www.youtube.com/watch?v=rwvJq3DhDRQ
&#39;These Are Some Of The Insane Priorities&#39; USAID Has Funded: Karoline Leavitt,https://www.youtube.com/watch?v=Pdw31c6HPCI
"BOYS, if your parents are abusive then your partner is goig to be...😔#shorts #boys #abuse",https://www.youtube.com/watch?v=Bzv_aG13fpk
Incognito -  Abusive speech for those thinking of watching p*rn||PARENTAL ADVISORY ||,https://www.youtube.com/watch?v=IgY6h_bHE2o
Kanye&#39;s Wife Bianca Censori Showed Up Nekkid at the Grammys &amp; We Have Something to Say...,https://www.youtube.com/watch?v=fulztZyPznM
Rahul Gandhi&#39;s Speech: Constructive Criticism Or Cynicism? | News Today With Preeti Choudhry,https://www.youtube.com/watch?v=IHy2fR0thv4
Gran Turismo 7: We Almost Went Of Track After This @YT_KentishGent  #gt7 #playstation  #granturismo7,https://www.youtube.com/watch?v=iA2xlfasqzk
Heated Debated Between Azma Bukhari and Faisal Chaudhry During Live Program | SAMAA TV,https://www.youtube.com/watch?v=hzkMFc4bpzY
Gran Turismo 7:  Whats The Worst Thing That Could Happen?. #gt7 #granturismo7 #dailyraces,https://www.youtube.com/watch?v=1C5C1ML2KbQ
Political leaders speak after the pōwhiri at Waitangi | 5 February 2025 | RNZ,https://www.youtube.com/watch?v=1Nm_Oty35iw
Gran Turismo 7: The Touch Made Him Blew Fire. #gt7 #dailyraces #granturismo7,https://www.youtube.com/watch?v=-GHWurgNtSU
Grab Turismo 7: Watch Dutchie GT Struggle Through A Tough Moment!  #automobile #racing #simracing,https://www.youtube.com/watch?v=Q43WnorSdEQ
Who is the Best Wife? | Nouman Ali Khan,https://www.youtube.com/watch?v=r0krHKiqFyA
Brock Lesnar WrestleMania Mistake? AEW Truth Revealed? AEW Dynamite Review! | WrestleTalk,https://www.youtube.com/watch?v=6a3oWWUwGcA
विवियन डीसेना के 17 साल पूरे होने का industry me जश्न😱#viviandsena#bb18#biggboss#rajatdalal,https://www.youtube.com/watch?v=MRqbUi-GnHQ
Assassin Creed Valhalla Gameplay - Part 61 - A Challenge from the Gods - Run 1,https://www.youtube.com/watch?v=0gaL4ok5ayc
9 Things Women Should NOT  DO With Men/Oprah Winfrey Motivational Speech #oprahwinfrey #motivational,https://www.youtube.com/watch?v=1tRNeAX87co
विवियन को क्यों नहीं जिताया ? बिग बॉस ने pta chal gya reason😥😱#viviandsena#rajatnagpal#digvijaysingh,https://www.youtube.com/watch?v=P1c5tpchelM
GIRL STEALS Best Friend&#39;s BOYFRIEND | Dhar Mann Studios,https://www.youtube.com/watch?v=13rwuUlYstU
【VAL】 𝗟𝗜𝗩𝗘 🔴:  FIRST TIME!【千葉  祈 】,https://www.youtube.com/watch?v=T-W-2NViSgM
CM Punk Shoots On WWE Royal Rumble? John Cena Gone? Real Reason WWE Star Released! | WrestleTalk,https://www.youtube.com/watch?v=WuNkXsKa7RY
&quot;YOU&#39;RE LYING AGAIN&quot; Anna Paulina Luna GOES OFF on Adam Schiff in FIERY Speech,https://www.youtube.com/watch?v=PU74Yn9lN38
Samay Raina Exposed? India&#39;s Got Latent Controversy | FIR on Arunachal Pradesh &amp; Parent Comment,https://www.youtube.com/watch?v=jgxBJe2zkTo
EVEN MORE HORRORS! - Lethal Company LIVE,https://www.youtube.com/watch?v=S7ePMppBH80
Second Labour MP SUSPENDED Over WhatsApp Scandal | Jeremy Kyle | Harry Cole,https://www.youtube.com/watch?v=9SlAAPAYQvk
LIVE: Elon Musk&#39;s Access To Treasury&#39;s Payment System Is Raising Alarms | Trump Elon Musk DOGE News,https://www.youtube.com/watch?v=1bI_Lwudn7c
I Want to Quit This 🚨,https://www.youtube.com/watch?v=gX73pFclBLo
Starts From ZERO,https://www.youtube.com/watch?v=bNP03lDIkr8
Trump&#39;s cryptic response as Canada tariffs postponed,https://www.youtube.com/watch?v=UQQjxYI9VFk
"Elon Musk says Trump agreed to &quot;shut down&quot; USAID, government&#39;s primary humanitarian aid agency",https://www.youtube.com/watch?v=dGpESUa3bPU
"LIVE: VP Sara Duterte holds a press conference (Feb. 7, 2025) | GMA Integrated News - Replay",https://www.youtube.com/watch?v=Ia7zX8hHYzo
కులగణన రిపోర్ట్ ఉ*చ్చ పోసి తగలబెట్టండి..! | Mlc Teenmar Mallanna Aggressive comments On Caste Census,https://www.youtube.com/watch?v=ra2pl2dE2nI
&quot;Islamophobia Is A Made Up Word!&quot; | Reform UK&#39;s Richard Tice Slams Angela Rayner&#39;s Labour Council,https://www.youtube.com/watch?v=zOLrJtij6B8
Tejashwi Yadav दिल्ली विधानसभा चुनाव में केजरीवाल के हार पर पहली बार ये क्या बोल गए.? #shorts #bihar,https://www.youtube.com/watch?v=7FBImtG7LHc
Face-off- Rep. France Castro at Sen. Bato Dela Rosa | Tanong ng Bayan,https://www.youtube.com/watch?v=PGHREYncdxM
अभी शादी नहीं हुई तो ये वीडियो आपके लिए ही है | Akshat Gupta | Motivational Story | Josh Talks Hindi,https://www.youtube.com/watch?v=4_embKEHtvM
Khesari Lal Yadav ने क्यों कह दिया Manoj Tiwari के CM बनने से होगी खुशी? #shorts #khesarilal #manoj,https://www.youtube.com/watch?v=1ak2FFfgTkc
THE POWER OF TEJO... #valorant,https://www.youtube.com/watch?v=rHjdGtJsolQ
Donald J. Trump&#39;s bold-faced Social Security lie,https://www.youtube.com/watch?v=HDPE32nJRDw
"Dear Beer Biceps, This is Not Funny! | The Red Files",https://www.youtube.com/watch?v=89p6Rc3WGTM
"Ranveer Allahbadia, Apoorva Makhija , Samay Raina Controversy",https://www.youtube.com/watch?v=Y3A6sPBVnvg
"RS MP Swati Maliwal Exclusive On AAP&#39;s Defeat In Delhi Elections, Slams Arvind Kejriwal |India Today",https://www.youtube.com/watch?v=P0JVkXuGwdw
CHARGED for Burning the Quran,https://www.youtube.com/watch?v=aQncrdYaYOY
Lip Reader Tells All: What Kanye West Told Wife Bianca Censori Before She Got Naked at the 2025 Gram,https://www.youtube.com/watch?v=mP0fhRbTzcA
Bianca Censori’s Shocking Outfit and Kanye West’s Grammy Drama Explained #shortsvideo,https://www.youtube.com/watch?v=klLAS3NFpq4
Arianna Grande is a girl who cannot stop abusive speech,https://www.youtube.com/watch?v=RGzYr8_3YRQ
"Kabit ni Mister, hinalikan si Misis habang natutulog?! | Wish Ko Lang",https://www.youtube.com/watch?v=gaB-RbkGlaM
"Kill (2024) Official Teaser Trailer -  Lakshya, Tanya Maniktala, Raghav Juyal",https://www.youtube.com/watch?v=cVyNeDYu9Kk
#kill full movie in Hindi dubbed #2024 #bollywoodmovies,https://www.youtube.com/watch?v=mx3Up5_1sj0
"Kill (2024) Official Trailer - Lakshya, Raghav Juyal, Tanya Maniktala",https://www.youtube.com/watch?v=da7lKeeS67c
"Kill 2024 Movie // Lakshya, Raghav Juyal, Tanya Maniktala // Full HD",https://www.youtube.com/watch?v=7qVzXy-Hb2s
KILL full movie | 2024 | Raghav juyal | lakhsya,https://www.youtube.com/watch?v=78s_IRenDU8
Thirty Seconds To Mars - The Kill (Bury Me),https://www.youtube.com/watch?v=8yvGCAvOAfM
KILL - OFFICIAL TRAILER (HINDI - RED BAND) | Lakshya | Raghav | Tanya | Nikhil Nagesh Bhat | 5 July,https://www.youtube.com/watch?v=y2HZqeVeBNc
"【Trailer】EP13-14: Don&#39;t cry for me, I prefer the way you smile🥲❤️‍🩹 | Kill My Sins | YOUKU",https://www.youtube.com/watch?v=EXtAWN7bAXE
KILL Trailer Uncut German Deutsch (2024) Exklusiv,https://www.youtube.com/watch?v=6L77RPHFOUQ
KT #704 - 2024 HEB ARENA (DAY ONE),https://www.youtube.com/watch?v=C5LxxL5XD6A
1 KILL = REMOVE 2 CLOTHING in Fortnite!,https://www.youtube.com/watch?v=rKUGuO4GFAI
KT#702 - SHANE GILLIS + MARK NORMAND + ARI SHAFFIR,https://www.youtube.com/watch?v=naUsB1EQS9U
ENGSUB【掌心 Kill My Sins】第13-14集预告：暗藏杀机！复仇之路危险重重，叶平安元少城陷入困境 | 刘诗诗/窦骁/郑业成/宣璐  | 古装悬疑剧 | 优酷华语剧场,https://www.youtube.com/watch?v=6QNSuvSjn3E
"Jaako Raakhe Saaiyan | Film Version | KILL | Lakshya | Raghav | Tanya | Vikram M., Monu, Shekhar",https://www.youtube.com/watch?v=JhEEeH-leAo
KT #703 - GABRIEL &quot;FLUFFY&quot; IGLESIAS,https://www.youtube.com/watch?v=bAi-maD5Y48
KILL,https://www.youtube.com/watch?v=1RLlfmOccLI
Kill | Official Trailer | In theaters July 4,https://www.youtube.com/watch?v=EmD87y0yq8w
How to humanely kill a squid for food/bait.,https://www.youtube.com/watch?v=A3V6XslZZwU
kill movie ka short trailer#movie #netflix #trailer #tanyamaniktala #dharmamovies #trendingstatus,https://www.youtube.com/watch?v=V-iRrw1pvKE
KIll is not a BOLLYWOOD Movie.#kill #killmovie #lakshya #dharmaproductions,https://www.youtube.com/watch?v=3j7AptVejiE
BLACKPINK - &#39;Kill This Love&#39; DANCE PRACTICE VIDEO (MOVING VER.),https://www.youtube.com/watch?v=MOwaUlXZxkI
@sza - Kill Bill (Lyrics),https://www.youtube.com/watch?v=uP_iLS38Tdo
KILL movie actor LAKSHYA,https://www.youtube.com/watch?v=zKlGfO8yu4o
BLACKPINK - &#39;Kill This Love&#39; M/V,https://www.youtube.com/watch?v=2S24-y0Ij3Y
#sandar #movie #kill #⚔️⚔️⚔️🔥🔥,https://www.youtube.com/watch?v=nqbI40VNfSM
Evil Cuphead and Mugman kill the devil,https://www.youtube.com/watch?v=OicIQ_9bkLg
Chief Keef - Kills (Official Audio),https://www.youtube.com/watch?v=zBh5Kxq63Sw
aespa 에스파 &#39;Kill It&#39; (Official Audio),https://www.youtube.com/watch?v=izXPTHp85q8
"Kill (Kaawaa Kaawaa) | Lakshya | Raghav | Tanya | Shashwat, Sudhir, Sanj",https://www.youtube.com/watch?v=qW-ymYIzLF4
Ari Matti Hates Los Angeles.. 😂😂 | Kill Tony ft. Ari Matti,https://www.youtube.com/watch?v=b5tCgtMK2YU
Kill Of The Night,https://www.youtube.com/watch?v=7RaJW_fVTyQ
"If you ever see this, don&#39;t kill it!",https://www.youtube.com/watch?v=m6Yja7Z8b-Y
SZA - Kill Bill (Karaoke Version),https://www.youtube.com/watch?v=OEc9U6Prxos
KILL TONY #569 - THEO VON,https://www.youtube.com/watch?v=USqf4vuh5cY
Fugees - Killing Me Softly (Lyrics),https://www.youtube.com/watch?v=l5Y7fyeORRE
Kill Fun Fact | Pranit More | #standup #kill #dharma #rjpranit,https://www.youtube.com/watch?v=NNwWuvLRfrY
Trump says he intends to &#39;kill&#39; NYC congestion pricing,https://www.youtube.com/watch?v=DU0UKsG_q_0
The Kill (Bury Me) - 30 Seconds To Mars [lyrics] HQ,https://www.youtube.com/watch?v=JjPIOuFtWAI
Marco Movie 😈👑 V/S Kill Movie 🥰😱 Box Office Collection 🤑 #trending #youtubeshorts,https://www.youtube.com/watch?v=uWIdaiEPxms
i might kill my ex 🔪| #shorts,https://www.youtube.com/watch?v=5hKQ1q3jWEY
30 Seconds to Mars - The Kill,https://www.youtube.com/watch?v=3c4_jTnsegM
Deadpool kill count (MCU),https://www.youtube.com/watch?v=WBw8dsKUo-c
fluffy pony kill abuse 2,https://www.youtube.com/watch?v=Ncf92XP1mAk
SZA - Kill Bill (Official Audio),https://www.youtube.com/watch?v=SQnc1QibapQ
Kill The King,https://www.youtube.com/watch?v=RpVkaTXxEzs
The Kill - 30 Seconds to Mars (Nicole Alexis Cover),https://www.youtube.com/watch?v=wbAs441z13k
SZA - Kill Bill (Lyrics),https://www.youtube.com/watch?v=sk6rMb8OsQY
Tokeii - Kill Everybody (Official Audio Visual),https://www.youtube.com/watch?v=le5zUb_xr-c
Messi Tried to Kill Ronaldo? 😱💔 || Must Watch || #shorts #ronaldo,https://www.youtube.com/watch?v=DAqOh3l_3y8
"YOU GONNA DIE , I&#39;M GONNA KILL YOU | SQUID GAME EDITION #squidgame #paulshorts",https://www.youtube.com/watch?v=9Q4EKEHwzDA
Fugees - Killing Me Softly With His Song (Official Video),https://www.youtube.com/watch?v=oKOtzIo-uYw
Kill Movie Behind-the-scenes | #kill #behindthescene  #shortsvideo #viralvideo,https://www.youtube.com/watch?v=b3IOxOm2bqg
Cowboy Malfoy - How I&#39;d Kill (Official Video),https://www.youtube.com/watch?v=_4eP9__5AGs
KT #672 - DONALD TRUMP (SHANE GILLIS) + JOE BIDEN (ADAM RAY),https://www.youtube.com/watch?v=ZgHR4ug866Q
Mini Crewmate Kills KJ Characters - Part 2 | Among Us,https://www.youtube.com/watch?v=d7LXUseBHLs
Player 333 killed Thanos ☠️ ..#squidgame #season2 #shorts,https://www.youtube.com/watch?v=VRceZuGgUso
30 seconds to mars - The kill acoustic live in Moscow,https://www.youtube.com/watch?v=titshXbnVZ0
3 HARMLESS THINGS THAT CAN ACTUALLY KILL YOU! ☠️ (PART 2),https://www.youtube.com/watch?v=o8A91Pvd99M
How do you kill chucky?,https://www.youtube.com/watch?v=a1CZt5YWiFc
How Do You KILL A Time Traveler,https://www.youtube.com/watch?v=ffmccP-l66U
Tony&#39;s First Kill | The Sopranos S6E15 #Shorts,https://www.youtube.com/watch?v=wCak1Whd61A
BLACKPINK - Kill This Love (Color Coded Lyrics Eng/Rom/Han/가사),https://www.youtube.com/watch?v=nO3-QHELKU0
The Kill - 30 Seconds To Mars// español,https://www.youtube.com/watch?v=0cmuZ6kCWHw
KILLING IS MARCO 👿 #marco #attittude #shorts #youtubeshorts #ytshorts,https://www.youtube.com/watch?v=pN6ZC0rNxSg
Just killed my ex transition result :) its a ruler!!! 🥰😜 #transition #tiktok #relationship,https://www.youtube.com/watch?v=a7tlGgnbdyU
"Raghav Ki Boli, Bandook Ki Goli! 😎 | KILL | Now Streaming | Raghav Juyal | DisneyPlus Hotstar",https://www.youtube.com/watch?v=x1TnUrz_hDs
ITZY &quot;Kill Shot&quot; @ SHOWCASE,https://www.youtube.com/watch?v=PqAjjyZvPJc
30 Seconds to Mars - The Kill (live 2013),https://www.youtube.com/watch?v=74s3WXMZZ3Y
ZEROBASEONE(제로베이스원) &#39;KILL THE ROMEO&#39; (4K) | STUDIO CHOOM ORIGINAL,https://www.youtube.com/watch?v=C6ZVGUuwGls
Trump used decoy plane to evade Iranian plot to kill him: New Book,https://www.youtube.com/watch?v=VJSEsVrg6hU
"(ENGsub)[예능연구소 직캠] BLACKPINK - Kill This Love, 블랙핑크 - Kill This Love @Show! Music Core 20190406",https://www.youtube.com/watch?v=ZhP6d_WtboE
My sister tried to kill my hamster. #shorts,https://www.youtube.com/watch?v=JFhh5vQNq8w
KILL FULL MOVIE  (2024) NEW SOUTH INDIAN HINDI DUBBED MOVIE,https://www.youtube.com/watch?v=ZfdDvuX1la4
How to ONE PHASE KILL Zoetic Lockset (Sundered Doctrine Boss Farm!) | Destiny 2,https://www.youtube.com/watch?v=V66QQuFdvGg
Nikat | KILL | Lakshya | Raghav | Tanya | Rekha Bhardwaj | Haroon-Gavin | Siddhant Kaushal,https://www.youtube.com/watch?v=xbm_OwPa4As
Thirty Seconds To Mars - The Kill (Bury Me) (Lyrics),https://www.youtube.com/watch?v=9OCdNx3niO0
5 Interesting Facts About Kill Movie #shorts #kill,https://www.youtube.com/watch?v=oCA-ytOrW90
Kill the Pain,https://www.youtube.com/watch?v=l0BGrFtrmiY
How To Kill Deadpool #shorts,https://www.youtube.com/watch?v=nGUGL4mPAWE
Rappers who killed people #shots  #kill #dababy #kingvon #juliofoolio #ynwmelly #rapculture,https://www.youtube.com/watch?v=pgQxZwICoLA
Best of &quot;Kill Tony&quot;: Funniest Comedians Compilation (Part 1)🔥 - Great Comedians,https://www.youtube.com/watch?v=ClWf2ahkTMI
Did The Prototype KILL Ollie? (Chapter 4 Theory),https://www.youtube.com/watch?v=uRnIebmo_6g
Kill This Love | Cover by DEKSORKRAO,https://www.youtube.com/watch?v=MuzT7ctli2E
"Kill Bill Vol. 2 (2004) Breakdown | Easter Eggs, Quentin Tarantino Details, Making Of &amp; Review",https://www.youtube.com/watch?v=FrfF7r1d4gY
How Was Blade Able To Kill Azazel?,https://www.youtube.com/watch?v=8nBCc7lRmpc
"Tony Hinchcliffe’s Hero Let Him Down!!!😂😂😂| Kill Tony, ft. William Montgomery",https://www.youtube.com/watch?v=aOE80cXTI0o
Will Chocolate Kill Your Dog? | COLOSSAL QUESTIONS,https://www.youtube.com/watch?v=xSsEPpLqdKQ
Kill Procrastination Forever in 7 Mins 🔥,https://www.youtube.com/watch?v=LX5lOxweE5Q
Did We Actually Kill The Doctor In Chapter 4?,https://www.youtube.com/watch?v=FQGt0mWLc1c
Rappers that k*lled people🔪,https://www.youtube.com/watch?v=AOohFB_UdtA
DMADNESS ISN’T BLIND?!! 😮🤣😂 | Kill Tony 659 #comedy,https://www.youtube.com/watch?v=fFaLhmmwwBc
Omni man kill Homelander Edit #4k,https://www.youtube.com/watch?v=eaK-D5Zisko
You&#39;re gonna die I&#39;m gonna kill all ￼￼ you,https://www.youtube.com/watch?v=JbsIc8GbMJQ
Your Body Killed Cancer 5 Minutes Ago,https://www.youtube.com/watch?v=zFhYJRqz_xk
Did Amazon Haul just kill Temu?,https://www.youtube.com/watch?v=mN_TnBe7hdo
How to kill a squid!,https://www.youtube.com/watch?v=PrAUQo-arGk
KILL BILL || ANIMATION MEME,https://www.youtube.com/watch?v=0-96IGzgPyw
Kill Us All,https://www.youtube.com/watch?v=S8C3Kh5Uk2M
I&#39;ll Still Kill (explicit) 50cent feat Akon (Banned on MTV),https://www.youtube.com/watch?v=i9Wm0D8NYkQ
"You&#39;re gonna die, I&#39;m gonna kill you, Cuphead animation.",https://www.youtube.com/watch?v=Xg-UUc05ELw
Spider-Man (comics) vs Akame Ga Kill The Verse #vivshorts,https://www.youtube.com/watch?v=UP2DBogzWow
How to kill a Clicker in The Last of Us,https://www.youtube.com/watch?v=hmr4IAiMBHY
Can A Groin Kick Kill You? 😬,https://www.youtube.com/watch?v=79dzM0Uz_2s
Hansel and the wolf round 2 💀 credits to:@LoganDraws #horror #littleredridinghood #analog horror,https://www.youtube.com/watch?v=lsfnNrSNUV4
In A Violent Nature (2024) KILL COUNT,https://www.youtube.com/watch?v=064igPfyXQc
🛞CAN VEREN BLOK! - Build a Car to Kill Zombies,https://www.youtube.com/watch?v=2uWdeA2F1_Q
Kill movie fight seen // raghav fight seen #raghav #raghavjuyal #kill #movie #bollywood #shorts,https://www.youtube.com/watch?v=T0x3v7yS9nY
Tom MacDonald - Trying To Kill Me,https://www.youtube.com/watch?v=er8MQ376Jeo
KILL: Most Violent Film EVER! 🥵 ft. Tanya Maniktala #Shorts #Kill #KillMovie,https://www.youtube.com/watch?v=Zq0TljdzBIU
JAMES HETFIELD DOESN&#39;T LIKE THIS KILL &#39;EM ALL RIFF #METALLICA,https://www.youtube.com/watch?v=bYsk-i0Vw5Q
"Little Guy Tells BIG Jokes!!!😂🤣😂| Kill Tony, ft. Heath Cordes",https://www.youtube.com/watch?v=cmIuBb3pJuU
How to kill a God,https://www.youtube.com/watch?v=uBAnt_w8vvY
KILL ‘EM ALL 2 - Official Trailer (HD),https://www.youtube.com/watch?v=LrZ9L2K23cw
Thanksgiving (2023) KILL COUNT,https://www.youtube.com/watch?v=pj8m7RdzYEE
"Kill Dil Title Song | Govinda, Ranveer Singh, Ali Zafar | Sonu Nigam | Shankar-Ehsaan-Loy | Gulzar",https://www.youtube.com/watch?v=Rn6HPDltaWk
KORDHELL - SHOOT TO KILL,https://www.youtube.com/watch?v=rRbdsmA9nqk
How to stealth kill STRONG ENEMIES and knock them out in Kingdom Come Deliverance 2,https://www.youtube.com/watch?v=NpPsIIa5ee8
Kelly Clarkson - Stronger (What Doesn&#39;t Kill You) (Lyrics),https://www.youtube.com/watch?v=RjZzySx7TmM
El SECRETO de los KILL EMOTE en The Strongest Battlegrounds,https://www.youtube.com/watch?v=ObRVP8ajTfo
Player 333 kill Thanos 🤯 | SquidGame #squidgame2 #shorts,https://www.youtube.com/watch?v=y3x_owNQioE
Papa Roach - EVEN IF IT KILLS ME (Official Lyric Video),https://www.youtube.com/watch?v=0PZFcrw_xBo
Chief Keef &quot;Kills&quot; (WSHH Exclusive - Official Music Video),https://www.youtube.com/watch?v=1rr0TtBVPGA
Melanie Fiona - It Kills Me,https://www.youtube.com/watch?v=Q8yZedKTXJ0
Chronic Law - Kill A Raper (Official Audio),https://www.youtube.com/watch?v=g6Nxcz8xLg0
"Trump (Shane Gillis) Gets Racist!!!😂🔥🤣| Kill Tony ft. Shane Gillis, Adam Ray, Tony Hinchcliffe",https://www.youtube.com/watch?v=NjSVRV5ieBw
Chad Smith Hears Thirty Seconds To Mars For The First Time,https://www.youtube.com/watch?v=HMBRjo33cUE
“You’re gonna die.. I’m gonna kill you edit,https://www.youtube.com/watch?v=UcU7tMbjdoA
"If I lose these games, He&#39;ll KILL ME! | The Clasrooms",https://www.youtube.com/watch?v=5j7dS7OXpCk
SZA - Kill Bill (Sped Up Version (Audio)),https://www.youtube.com/watch?v=QMi1k5lD9kU
Villagers can kill Zombies,https://www.youtube.com/watch?v=W1xT9RF6J98
Getting Killed BY DIAMONDS!,https://www.youtube.com/watch?v=QLghH_VuGWc
DRUNK North Koreans Kill Russian Soldiers &amp; Flee,https://www.youtube.com/watch?v=MOxPtJO6yBI
Tanya Maniktala as Tulika | KILL | Lakshya | Raghav Juyal |  Behind The Scenes,https://www.youtube.com/watch?v=ZnPFCaYKzvc
POV: You get killed with this annoying kill sound,https://www.youtube.com/watch?v=bjKVkN-rJ6w
Green Day - Kill The DJ [Official Video],https://www.youtube.com/watch?v=jW7VhkNqjnc
$UICIDEBOY$ - KILL YOURSELF III (SUB. ESPAÑOL) VIDEO,https://www.youtube.com/watch?v=Gnxvy8TitSs
MULTISUB【掌心 Kill My Sins】EP01：刘诗诗窦骁复仇翻案斗权贵 | 刘诗诗/窦骁/郑业成/宣璐/徐娇/张予曦 | 古装 悬疑 | 优酷 YOUKU,https://www.youtube.com/watch?v=ByrTlJQ1siA
Chronic Law - Whappie Kill Phillup | Buried Alive Riddim (Official Lyric Video),https://www.youtube.com/watch?v=YO2ikjSKiYY
Wolverine Variants Kill Counts (Movies and Comics),https://www.youtube.com/watch?v=lsey9zApcsg
Joe Rogan crashes Kill Tony with Tucker Carlson 😳,https://www.youtube.com/watch?v=JBfU2jwu9pI
Killing in the Name,https://www.youtube.com/watch?v=JYJ6QJqy92s
加藤ミリヤ『KILL MY LOVE』,https://www.youtube.com/watch?v=uvj-Xdp3n-U
How I Could Just Kill a Man,https://www.youtube.com/watch?v=VRvPHKH2Chw
Black killed Jevin and Gray was a witness. #sprunki #incredibox,https://www.youtube.com/watch?v=LLXY-_FSNh8
"“This Guys Not Gay At All”!!!😂😂😂| Kill Tony, ft. Matt Mccusker &amp; Jackson Nami",https://www.youtube.com/watch?v=Os2Fw6ob9fA
Video Killed The Radio Star,https://www.youtube.com/watch?v=qGBohd0V2Mo
"Front man want to kill you, Choose one to protect you !",https://www.youtube.com/watch?v=gfdHhXzl3w8
Conan Gray - Killing Me (Official Lyric Video),https://www.youtube.com/watch?v=cQzJWnYVNoQ
the EASIEST way to KILL the BEDROCK WITHER!  #minecraft,https://www.youtube.com/watch?v=oIgcRLpJqVA
28 Weeks Later (2007) KILL COUNT,https://www.youtube.com/watch?v=Wq3NDH6KVwk
&quot;I Think I See Where The Fire&#39;s Coming From.&quot; - Generation Kill (2008) #shorts #generationkill,https://www.youtube.com/watch?v=C0MktLhuyyM
I&#39;ll kill you - POPPY PLAYTIME CHAPTER 3 | GH&#39;S ANIMATION,https://www.youtube.com/watch?v=7aBqEtL3-40
Kill Movie · Raghav Juyal ·  Lakshya · Tanya Maniktala. #kill #killmovie,https://www.youtube.com/watch?v=5alF2FWCwKk
Dean asked death to kill god #movie #shorts #supernatural #fantasy,https://www.youtube.com/watch?v=PfLbpDlUZXY
Testing Every KILL EMOTE In The Strongest Battlegrounds,https://www.youtube.com/watch?v=DpHxkTrAXs4
Bava - SZA - Kill Bill (BUT EMO),https://www.youtube.com/watch?v=A3R07lbxD0I
Kill Bill: Vol. 1 (8/12) Movie CLIP - The Bride vs. Gogo (2003) HD,https://www.youtube.com/watch?v=uGsWYV2bWAc
&quot;He&#39;s Been Zipped By 556 From Trombley&#39;s Saw.&quot; - Generation Kill (2008) #shorts #generationkill,https://www.youtube.com/watch?v=ev2nWicxZDs
KILL Tamil Movie SPOILER Review (தமிழ்),https://www.youtube.com/watch?v=r6fr0Yb5gHI
The Kill (Bury Me) – Cris Rellah | The Voice | Blind Audition 2014,https://www.youtube.com/watch?v=geHdTT--md4
Best Cool/Toxic Kill Emotes in The Strongest Battlegrounds,https://www.youtube.com/watch?v=2TQ18IYqNfg
Why FNAF Games Animatronics Try to Kill Player ? #fnaf #kill #ucn,https://www.youtube.com/watch?v=ufSQKDHpQsw
"Who Killed Ayieko and Why? Key Suspect Allegedly Paid Ksh 5,000 To Finish Ayieko | FULL VIDEO",https://www.youtube.com/watch?v=BuDQlSc_54U
Why Lakshya Insult Raghav juyal In kill movie shooting #shortvideo,https://www.youtube.com/watch?v=x7A76PohfXA
25 Ways to Kill Your Friends in Minecraft,https://www.youtube.com/watch?v=ntlOGfdSuvA
Triple kill😹,https://www.youtube.com/watch?v=8PYhHyyKbWQ
Kill Bill,https://www.youtube.com/watch?v=jkhAeWwKKIk
Minecraft Never Kill My Dog 💀,https://www.youtube.com/watch?v=3lVtWLCnspE
He will kill me 💔 - Ragnar lothbrok | Vikings Edit 🔥#shorts #shortvideo #vikings #ragnar,https://www.youtube.com/watch?v=0M4U5j4rsXs
Michael JACKSON i kill it,https://www.youtube.com/watch?v=KvU0DjLx4Qk
“Charlotte why’d you kill that guy”,https://www.youtube.com/watch?v=D19YikKeMig
New Limited Time Kill Emote Prison Realm Eternal Seal Showcase #thestrongestbattlegrounds #tsb #tsbg,https://www.youtube.com/watch?v=VuDsFtN1bXw
Ledri Vula - Kill Me,https://www.youtube.com/watch?v=11JLWY0XtG0
My Girlfriend wants to KILL ME 💀(Ep 2 - Ending),https://www.youtube.com/watch?v=PnFA0NoA4Lo
Kill Sound IDs (The Strongest Battlegrounds),https://www.youtube.com/watch?v=WU8KY4P9sAg
Kill movie transformation of raghav jayal #viral #youtubeshorts #kill #shorts,https://www.youtube.com/watch?v=ixcaDAv4GFQ
"The Most Brutal Roast In Kill Tony History!!!😂🤣😂|Kill Tony, ft. Mark Normand &amp; Nick Mumme",https://www.youtube.com/watch?v=cT47jq9Po1Y
"Fine, I&#39;ll kill Overwatch myself...",https://www.youtube.com/watch?v=M-2yLlImlp8
KT #700 - WHITNEY CUMMINGS + KAM PATTERSON,https://www.youtube.com/watch?v=SVkT9QrWWxc
Magdalena Bay - Killshot (slowed + reverb) (Official Audio),https://www.youtube.com/watch?v=El0AfTkxfyM
l&#39;Morphine - KILL 3 (Official Visualizer),https://www.youtube.com/watch?v=pLj8XazFCjo
KILL - &quot;I Was Made For Killin&#39; You&quot; (KISS Parody),https://www.youtube.com/watch?v=y_z6s2W0S4Q
Kill ka Sequel hai Yudhra 😱#kill #raghavjuyal #lakshay #bollywood #filmybolo #movie #killmovie,https://www.youtube.com/watch?v=A7VOQnuIQlA
How Too Much Caffeine Can Kill You 😨,https://www.youtube.com/watch?v=Bt7zgl3Ia1w
Bob Dylan - License to Kill (Official Video),https://www.youtube.com/watch?v=HRrlFYg2QkI
Animals look cute but can kill you.,https://www.youtube.com/watch?v=CxYhd3pJtS4
Brutal Kill in this Realistic Game - BODYCAM #unrealengine5 #bodycam #unrealengine,https://www.youtube.com/watch?v=7z-IhkLzWxs
Mini Crewmate Kills Sprunki Phase 5 Characters | Among Us,https://www.youtube.com/watch?v=RhjbJCS6v34
BabyTron - Kill The Noise (Official Video),https://www.youtube.com/watch?v=zHVfGOZeg-8
Akatsuki member kill 💀     #akatsuki #kill #naruto #sasuke #sakura #shikamaru #kakashi #itachi,https://www.youtube.com/watch?v=3FAjz9B5SBE
The Kills - Doing It To Death (Official Video),https://www.youtube.com/watch?v=498zUzNGQxY
Ladybug tried to KILL her friend!! #shorts #art #disney #creative,https://www.youtube.com/watch?v=QnQiGBqBBVE
You can only survive on the principle of &quot;kill or be killed&quot; / Action Movie in English,https://www.youtube.com/watch?v=PfSsp0FKwvA
"Student Kills Her Teacher, Thinks She Can Get Away With It",https://www.youtube.com/watch?v=gFL1WMMGUiU
you can survive /Kill in minecraft,https://www.youtube.com/watch?v=6tSmvJgG8W8
30  Seconds To Mars - The Kill cover by Ai Mori,https://www.youtube.com/watch?v=hz0bmNkyyUs
Single Man Ako - Kill eye Ft. Stephen Cupay OFFICIAL MUSIC VIDEO (LC Beats),https://www.youtube.com/watch?v=ENGnB_onEZY
미친 멜로디에 이런 가사를...🤯 : SZA - Kill Bill [가사/해석/lyrics],https://www.youtube.com/watch?v=xXQQdDFeu5g
Tails x Gacha life girl kill #funny #animation #memes,https://www.youtube.com/watch?v=z8jlbv1Uido
"My Minecraft Friend Killed My Dog, So I Got Revenge #minecraft #shorts",https://www.youtube.com/watch?v=dNZ-ONH1dZA
humbling 4 high kill teamers,https://www.youtube.com/watch?v=usurczx0u10
Rap do Killua (Hunter x Hunter) - MEU NOME COMEÇA COM KILL | NERD HITS,https://www.youtube.com/watch?v=3OaW85ZB3_M
Scream (1996) KILL COUNT: RECOUNT,https://www.youtube.com/watch?v=G0Cj6tGnaK8
MAX Kills In Fortnite,https://www.youtube.com/watch?v=9kPJcg3GpMU
Can You Make The ENTIRE MAP (365 ARMED Targets) KILL EACH OTHER While You Do NOTHING? - Hitman 3,https://www.youtube.com/watch?v=xCfKi_MK1Ko
Female comedian in wheelchair KILLS on KILL TONY!!!😂🔥🤣 ( Kill Tony Episode 668 w/ Sam Tallent),https://www.youtube.com/watch?v=Pt7sYW1XGpg
NEW KILL EMOTE Prison Realm 💀,https://www.youtube.com/watch?v=mSnbKxSQ048
Front man kill his own brother 💀🔥 🎬 Squid game #squidgame #squidgame2 #kdrama #wihajoon #shorts,https://www.youtube.com/watch?v=mit6SMw2Ybw
aise bhla kaun 🥵 marta hai kill 🗡️ 4k short #youtubeshorts #kill #videos #trending,https://www.youtube.com/watch?v=vQWa32noSG0
Kill full movie hindi 😱😱|| kill movie review  #kill #bollywood #raghavjuyal #lakshay #killmovie,https://www.youtube.com/watch?v=ri-ik7UlnmM
Front man is killing his guards everyone aim rocks 😤 | Squid game 2 #shorts,https://www.youtube.com/watch?v=eR2ruR0vddA
Hail and Kill,https://www.youtube.com/watch?v=T6zOT3IZ90U
Little Simz - Point And Kill feat. Obongjayar (Official Video),https://www.youtube.com/watch?v=tvY31eN3gtE
How To Insta-Kill Your Enemies,https://www.youtube.com/watch?v=nhrIUm5Lhfg
The Monsters Kill Jade&#39;s Cow | From S3.E1 | #Shorts,https://www.youtube.com/watch?v=Hv1UWN1IKTA
THE KILL LIVE IN UTAH 🔥🚀 (it’s just honey btw),https://www.youtube.com/watch?v=ZyICdkYbyu8
Dil mundeya de kill kardi? 🧚🏻‍♀️ | Kanishtha Sharma | #dance #viraldance,https://www.youtube.com/watch?v=_agBO0fYTko
&quot;No man can kill me&quot;👺👿 #fyp #kny #foryou #demonslayer,https://www.youtube.com/watch?v=3R22LcIwVVg
POV Doey doesn’t kill Pianosaurus: 💀💀💀 #doey #pianosaurus #poppyplaytime #plush #plushies,https://www.youtube.com/watch?v=TMT3bT-Inlo
Labrinth - Kill For Your Love (Official Video),https://www.youtube.com/watch?v=afql9dbjcq0
Loki Season 2 kill count,https://www.youtube.com/watch?v=nGimZPQRBrI
SZA on her song &#39;Kill Bill&#39; ⚔️🔥,https://www.youtube.com/watch?v=u8YqhyvUNMk
Children of the Corn (1984) KILL COUNT,https://www.youtube.com/watch?v=vwHr31znIXg
This mushroom will kill you before you know what’s happening - Michael Beug,https://www.youtube.com/watch?v=4wuL8ZSaDvw
Dexter Kills Nick | Dexter #Shorts,https://www.youtube.com/watch?v=PS2f3Y_0Cy4
The reason why the salesman didn`t kill  Gi-Hun in Squid game season 2  will shock you,https://www.youtube.com/watch?v=ihEe6ExWFxc
KILL THE HORSE ( Poppy Playtime Chapter 4 Animation ),https://www.youtube.com/watch?v=eEkJYrmOS14
Tony Hinchcliffe of Kill Tony with one of the best jokes of the night #TomBradyRoast,https://www.youtube.com/watch?v=NIftibBAH_s
"Donald Trump Misses The Blacks.. 😂😂 | Kill Tony ft. Shane Gillis, Adam Ray &amp; David Lucas",https://www.youtube.com/watch?v=nUhWlJg_Lw4
💀 10 WAYS YOUR TRACTOR CAN KILL YOU! ALL AVOIDABLE!  💀,https://www.youtube.com/watch?v=R2Bmri5X7Kg
"Minecraft Hunger Games, But Every Kill Upgrades My Weapon!",https://www.youtube.com/watch?v=hXVa8aAWuM8
Fire Extinguisher Scene From Kill Ft. Lakshya #shorts,https://www.youtube.com/watch?v=sWVwlxnw5qI
TOXIC Kill Emotes in The Strongest Battlegrounds #thestrongestbattlegrounds,https://www.youtube.com/watch?v=IMbil83T0jk
Popcaan - Kill E Club | Official Music Video,https://www.youtube.com/watch?v=uQ4IQR206IU
Kill Movie Public Honest Review l Lakshay l Raghav Juyal l Tanya,https://www.youtube.com/watch?v=Ppz893qXhMY
Kdrama 😍❤️ Link eat love and kill 🦋,https://www.youtube.com/watch?v=Oj7BqInRON4
KILL TONY #525 - SHANE GILLIS + MITCH BURROW,https://www.youtube.com/watch?v=MMAjwLWYk40
When Children Kill: The Story of Mary Bell,https://www.youtube.com/watch?v=ZeQiQX9vh4Y
🔥You&#39;re Gonna Die🔥I&#39;m Gonna Kill You🔥|Cuphead|,https://www.youtube.com/watch?v=pe6n0ydhw1U
Escapism x Kill Bill (Lyrics),https://www.youtube.com/watch?v=dnePj7TJ9GA
granny ko kaise mare | how to kill granny||,https://www.youtube.com/watch?v=SkXxvlNrubE
Bava - SZA - Kill Bill/Blind (BAVA MASHUP),https://www.youtube.com/watch?v=vWRLE_rJtJA
"You&#39;re gonna die, I&#39;m gonna kill you (Mario &amp; Sonic edition)",https://www.youtube.com/watch?v=HymbbInoBrU
The Best KILL EMOTES 🔥💀 in The Strongest Battlegrounds KJ UPDATE ROBLOX #shorts,https://www.youtube.com/watch?v=Z6ZTbIajsCk
The Best Way To Kill In Minecraft,https://www.youtube.com/watch?v=KHZmtbOhaSY
Serial Killer Wants To Kill The Reporter [Joseph Kallinger],https://www.youtube.com/watch?v=9owK1YtP158
Jaako Raakhe Saaiyan | KILL | Lakshya | Raghav | Tanya | Vikram Montrose | Monu Rathod | Shekhar,https://www.youtube.com/watch?v=pxrg8hZmba0
Maximum Overdrive (1986) KILL COUNT,https://www.youtube.com/watch?v=vi6SNh8kNtU
How To Kill ANYONE on DonutSMP,https://www.youtube.com/watch?v=u3uGA-Lf2_Y
Why Lions Kill Their Own Cubs? #Lions #Wildlife #AnimalFacts,https://www.youtube.com/watch?v=OA4f_CuCXx8
&#39;Kill&#39; Better Than Kalki?? 😳 #Shorts #Kill #Kalki #Yudhra,https://www.youtube.com/watch?v=3AzF9u8y_ks
"Donald Trump Misses The Blacks!!!😂😂😂| Kill Tony, ft. Shane Gillis &amp; Adam Ray",https://www.youtube.com/watch?v=Uwfr5x3QpSM
Thirty Seconds To Mars - &quot;The Kill&quot; + &quot;Stuck&quot; [2024 Dick Clark&#39;s New Year&#39;s Rockin&#39; Eve],https://www.youtube.com/watch?v=kWJITK65QQw
New X-men kill counts,https://www.youtube.com/watch?v=mpbC8GDSKlk
The Death of Rob Ⅱ——why women kill. #shorts #viral,https://www.youtube.com/watch?v=ROgWbFSgsHM
How Many Kills Do These Characters Have?,https://www.youtube.com/watch?v=hXFuwgM5YhE
Villain Is Very Psycho In KILL Movie,https://www.youtube.com/watch?v=iizIiRsl0VQ
KILL the boy... KILL THE BOY/ Lady Gaga Bloody Mary #gameofthrones,https://www.youtube.com/watch?v=SKRo7G7mvA8
I BROKE THE RANKED KILL RECORD IN BLACK OPS 6!,https://www.youtube.com/watch?v=hOnARZXbaps
How Many Shots To Kill Tick?,https://www.youtube.com/watch?v=YygMVrNdIe4
Surviving /kill in minecraft,https://www.youtube.com/watch?v=sNP4fgqN0Yk
Skylar Grey - Kill For You (Official Audio) ft. Eminem,https://www.youtube.com/watch?v=OFfJwXpRTgM
Easiest Way to kill the warden in minecraft #minecraft,https://www.youtube.com/watch?v=SNi3mJLhLOI
(48 KILL) COMO JOGAR SOLO vs SQUAD NESSE VIDEO (EPISÓDIO 15),https://www.youtube.com/watch?v=apn6FmDTpKY
Footballers who has killed people 😨😢,https://www.youtube.com/watch?v=PrEPMACGdgA
David Guetta x MORTEN x Prophecy - Kill The Vibe [Lyric Video],https://www.youtube.com/watch?v=_KClqFMCHR0
l&#39;Morphine - Kill 2 (Official Audio),https://www.youtube.com/watch?v=u1Hmaho998c
SZA HATES Kill Bill&#39;s Success... 😳🔪,https://www.youtube.com/watch?v=YuOXa-5yHZk
Doraemon Blue Gang VS Nobita Yellow Gang play HIDE AND KILL with Doraemon &amp; Nobita Doll In GTA 5,https://www.youtube.com/watch?v=bR_yqj6oGLs
Police officer shot and killed in the line of duty | LiveNOW from FOX,https://www.youtube.com/watch?v=66T72WVJP_I
Grimes - Kill V. Maim,https://www.youtube.com/watch?v=c2EJMd7ZN7w
&quot;Iraq Is A Safe Country Right Here.&quot; - Generation Kill (2008) #shorts #generationkill #movie #scene,https://www.youtube.com/watch?v=KcnF6Ui6IT4
"“Joe Biden Sold Out This Country”!!!😂😂😂| Kill Tony, ft. Shane Gillis &amp; Adam Ray",https://www.youtube.com/watch?v=Dz4wGYeNYz4
KT #699 - LUIS J GOMEZ + JOE LIST,https://www.youtube.com/watch?v=Px_x4i-Lhmw
I KILLED The Akinator,https://www.youtube.com/watch?v=PFcfyuZpZ7o
"ZEROBASEONE, KILL THE ROMEO [THE SHOW 240903]",https://www.youtube.com/watch?v=_EV2HI1OoAs
1 Kill = Controller Gets More CURSED,https://www.youtube.com/watch?v=dN0BrWaCn2Q
BEST OF Kill Tony #669,https://www.youtube.com/watch?v=7BCbH1mXBkU
Let&#39;s kill this love,https://www.youtube.com/watch?v=EYfg97xoYUs
Tony Hinchcliffe on the Origin of Kill Tony,https://www.youtube.com/watch?v=OiGqTEOepwo
Kill Yourself (Part III),https://www.youtube.com/watch?v=g5sukHe4A3A
Smart wife sabotaged husband&#39;s date with lover. Why Women Kill S1 #shorts  #film  #viral,https://www.youtube.com/watch?v=DAQulJGARZ0
"Minecraft, But I Become Mobs I Kill...",https://www.youtube.com/watch?v=aw5wx42X1UA
KT #701 - ANDREW DICE CLAY,https://www.youtube.com/watch?v=Vj09TKY4aGw
Saturday Night (2024) - Kill All the Whities Scene | Movieclips,https://www.youtube.com/watch?v=YGpZwqCyu4U
KILL Movie Reaction Part (1/2)! | Lakshya | Raghav Juyal | Tanya Maniktala,https://www.youtube.com/watch?v=bEsZ9hq2_Kg
kill bill..😳 || ginny and georgia #shorts,https://www.youtube.com/watch?v=rDiQgNiaeiw
Five Nights at Freddys (2023) KILL COUNT,https://www.youtube.com/watch?v=b1M54fEdRJg
fluffy pony kill abuse 22,https://www.youtube.com/watch?v=CxxdJRAcAkY
How to kill the ender dragon INSTANTLY in Minecraft…,https://www.youtube.com/watch?v=b0vig1Ts7jE
The Menu (2022) KILL COUNT,https://www.youtube.com/watch?v=lNR7PwQEe2I
"CMH – KILL THIS ALBUM // ft. СЛАВА КПСС, JANE AIR, ДЖАРАХОВ, madk1d, МУККА (2025)",https://www.youtube.com/watch?v=x1NVP4JVn_0
Fast Food Is Trying To Kill You...,https://www.youtube.com/watch?v=kegU-PgpxVM
"F Marry Kill (2025) Official Trailer - Lucy Hale, Virginia Gardner, Brooke Nevin",https://www.youtube.com/watch?v=9hxuNfoWNs0
Did you know in Suicide Squad Kill The Justice League pt. 2,https://www.youtube.com/watch?v=Nkq99uuQ1ss
MULTISUB【掌心 Kill My Sins】EP04：刘诗诗窦骁复仇翻案斗权贵 | 刘诗诗/窦骁/郑业成/宣璐/徐娇/张予曦 | 古装 悬疑 | 优酷 YOUKU,https://www.youtube.com/watch?v=OW_4KtV5BMo
KILL BOOKSON 🥵🥶 #shorts #youtubeshorts #killbookson #netflix,https://www.youtube.com/watch?v=0Vq0OH1E-Nw
La Roux - &#39;In For The Kill&#39; (Skrillex Remix),https://www.youtube.com/watch?v=CpEOErRV-u4
Rivals But Every Kill My Loadout Gets Worse,https://www.youtube.com/watch?v=JdWE3KcgueA
&quot;Let&#39;s Kill This Clown&quot; - Pennywise Death (&quot;IT&quot;) Edit | Bloody Mary - Lady Gaga (Slowed),https://www.youtube.com/watch?v=8NrfEkQW5ic
Franklin Hide &amp; Kill Indian bike driving 3D shorts story video gamer,https://www.youtube.com/watch?v=bYmGr6Lre_o
A little story time about The Kill 🤓 @thirtysecondstomars,https://www.youtube.com/watch?v=jX4M5VfCH-U
TATSUMI AND ESDEATH DEATH | AKAME GA KILL EDIT | CAPCUT EDIT,https://www.youtube.com/watch?v=2iPfRIZlT6s
this potion can KILL you in Creative mode...,https://www.youtube.com/watch?v=5dPo9F1XsBk
UNLOCKING Every KILL EMOTE In The Strongest Battlegrounds,https://www.youtube.com/watch?v=uncx34VkMyM
ENGSUB【掌心 KILL MY SINS EP04】刘诗诗筹谋百计翻陈案，开启高能复仇模式 | 古装 复仇 爱情 | 刘诗诗 / 窦骁 / 郑业成 / 宣璐 | YOUKU COSTUME,https://www.youtube.com/watch?v=7zUhqlsFs-Y
Marco Movie Vs Bollywood | Marco Vs Kill Vs Animal | Marco Movie Box Office Collection | #shorts,https://www.youtube.com/watch?v=ntHj8NlJxME
Is it possible to kill Zeus at the beginning of God of War 2? #godofwar2,https://www.youtube.com/watch?v=LyMdcg64pWU
"Skater, Artist, Icon: The Rise of Nora Vasconcellos | Let it Kill You",https://www.youtube.com/watch?v=-d3VXcFVa0w
Cole Swindell - Kill A Prayer (Visualizer),https://www.youtube.com/watch?v=xHhPSsssRdY
"Donald Trump Predicts The Future!!!😂😂😂| Kill Tony, ft. Shane Gillis &amp; Adam Ray &amp; Jacob Barr",https://www.youtube.com/watch?v=nEMDmvnyj9k
"Donald Trump Destroys Hunter Bidden!!!😂😂😂| Kill Tony, ft. Shane Gillis",https://www.youtube.com/watch?v=h81R9zu-oTo
Dr. Phil Roasts Everyone on Kill Tony!!! 😂 | Kill Tony ft. Adam Ray,https://www.youtube.com/watch?v=bOTeQ44zmrQ
The &quot;Conspiracy&quot; to Kill Cold Fusion,https://www.youtube.com/watch?v=KWlBZT7L1qM
Sprunki Killer Edition New PYRAMIXED Mod Wyrum KILL Mroona! All New Reactions,https://www.youtube.com/watch?v=hJqPC8jlTqE
Kill sound ID&#39;s Part 1 #thestongestbattlegrounds #subscribe #roblox,https://www.youtube.com/watch?v=LxkiqIuv11k
Kill movie transformation of raghav jayal😲 #viral #youtubeshorts #kill #shorts #podcast,https://www.youtube.com/watch?v=7DComv0JxhQ
"Donald Trump Hates Joe Rogan!!!😂😂😂| Kill Tony, ft. Shane Gillis",https://www.youtube.com/watch?v=AGrcYPzvG4g
South Industry vs. Bollywood: The Truth! 😳#Shorts #Yudhra #Kill,https://www.youtube.com/watch?v=MeDZgpUSDvc
5 Best Funny Scene Kill Movie 2024 😂😎 #shorts #youtubeshorts #youtube #kill #raghavjuyal #shortsfeed,https://www.youtube.com/watch?v=KHXsW-zWwWk
Dexter Kills the Predator 🔥 - &quot;Dexter&quot; Edit | Dionnysuss - Fangs (slowed + reverb) #dexter,https://www.youtube.com/watch?v=_PqvcB7sWLo
ENGSUB【掌心 KILL MY SINS EP02】刘诗诗筹谋百计翻陈案，开启高能复仇模式 | 古装 复仇 爱情 | 刘诗诗 / 窦骁 / 郑业成 / 宣璐 | YOUKU COSTUME,https://www.youtube.com/watch?v=oSyXDAx5PZM
Why Arnold Schwarzenegger Wanted the T-800 to Kill in Terminator 2: Judgment Day... - #shorts,https://www.youtube.com/watch?v=2wVz16ksP1w
"Fortnite, but Every Kill = Worse Setup",https://www.youtube.com/watch?v=7YnHBCZ-7Hk
Shane Gillis &amp; Adam Ray went on Kill Tony as Trump &amp; Biden 🤯😭,https://www.youtube.com/watch?v=5KZUrUc-xfI
【ENG SUB】Kill My Sins EP02 | Liu Shishi / Dou Xiao / Zheng Yecheng / Xuan Lu | YOUKU,https://www.youtube.com/watch?v=3fEB5AwCWUo
"Music Travel Love - Killing Me Softly (Meghalaya, India)",https://www.youtube.com/watch?v=3IW3ih1amEA
The Death of Rob Ⅰ——why women kill. #shorts #viral,https://www.youtube.com/watch?v=tUa5B603NNI
Umiibig Sayo - Kill eye Ft. Stephen Cupay (Music Video),https://www.youtube.com/watch?v=TGixbzlu86Q
Kam Patterson’s Best Set EVER!!!😂🤣😂| Kill Tony,https://www.youtube.com/watch?v=iEdHhxfPns8
I Hired Minecraft&#39;s Deadliest Assassin to Try to Kill Me,https://www.youtube.com/watch?v=iK_G-qXf6jM
ENGSUB【FULL】掌心 Kill My Sins EP05 | 刘诗诗复仇翻案斗权贵 | 刘诗诗/窦骁/郑业成/宣璐  | 古装悬疑剧 | 优酷华语剧场,https://www.youtube.com/watch?v=WEaqFlxWglw
"Kam Patterson Scares Joe Biden!!!😂😂😂| Kill Tony, ft. Shane Gillis &amp; Adam Ray",https://www.youtube.com/watch?v=9tuTJkbv7fQ
KT #698 - SAM TALLENT + ARI SHAFFIR,https://www.youtube.com/watch?v=Y2yt_EqibnQ
KILL THE BOY AND LET MAN BE BORN - Game of Thrones/Jon Snow Edit | Lady Gaga - Bloody Mary (slowed),https://www.youtube.com/watch?v=rnc5l6xEauE
"After 44 Years, Someone Beat the Donkey Kong Kill Screen",https://www.youtube.com/watch?v=CoTQ53iM8c0
Barbarian (2022) KILL COUNT,https://www.youtube.com/watch?v=3i7_0sFjtRI
Wishmaster (1997) KILL COUNT,https://www.youtube.com/watch?v=cUr0WaATDUY
I Killed You,https://www.youtube.com/watch?v=bKTmpKPjJxs
Kai Cenat REACTS to SZA&#39;s Kill Bill 🤣,https://www.youtube.com/watch?v=75-xB8LlRxc
Mr Satan Tried To Kill Buu,https://www.youtube.com/watch?v=GHiXtgPpyqM
"Unforgiven | I&#39;m Here to Kill You, Little Bill | Warner Classics",https://www.youtube.com/watch?v=pZNHc6o8wjU
Mini Crewmate Kills Emoji Poppy Playtime Chapter 4 Characters | Among Us,https://www.youtube.com/watch?v=pc1MYkQkgGA
¿Ya escucharon el cover de &quot;KILL THIS LOVE&quot; de BLACKPINK ft. @ArekusaCovers? Completo en su canal,https://www.youtube.com/watch?v=r6nf6TtzE4g
BLACKPINK &#39;Kill This Love&#39; Chorus | JDS Starz #Shorts,https://www.youtube.com/watch?v=fxwH2EA7SDo
Raghav juyal reaction to his own scene from KILL,https://www.youtube.com/watch?v=9qg9BP7qASA
Can A Scorpion Sting Kill You?,https://www.youtube.com/watch?v=h5zdyqlAvuY
KILL THE ROMEO - ZEROBASEONE ゼロベースワン 제베원 [Music Bank] | KBS WORLD TV 240830,https://www.youtube.com/watch?v=IqC_amTIgc4
Building A Car To Kill ZOMBIES In Roblox With MY CRAZY FAN GIRLS...,https://www.youtube.com/watch?v=OOnUfo88HXs
【MV】29 Verse -One Mic One Spit One Kill-,https://www.youtube.com/watch?v=bGipg-LgkVM
kill this love lisa rap Korean🇰🇷 vs English🇺🇲,https://www.youtube.com/watch?v=9S0aY-b1ggw
🤯 How to Kill Any NPC Without Consequences in Skyrim? #skyrim,https://www.youtube.com/watch?v=LjYJsZx4rqk
10 Things You Didn&#39;t Know Could Kill You,https://www.youtube.com/watch?v=F4gdcwJDsWg
"“You Seem Gay”!!!😂😂😂| Kill Tony, ft. Jackson Nami",https://www.youtube.com/watch?v=sxij6RZ916U
Abigail (2024) KILL COUNT,https://www.youtube.com/watch?v=_IAe15A9IOk
Did you know for KILL BILL VOL. 2…,https://www.youtube.com/watch?v=3sd_MCteb3s
200 IQ killer made a homemade Sniper to kill the president. #shorts #trending #movierecap #film,https://www.youtube.com/watch?v=6NGWUSoxIiA
Kill All Your Friends - dandy’s world animatic,https://www.youtube.com/watch?v=9eN8puNOoU8
Kill the Shadow King feat.NANA&amp;橋村姫 / FATE GEAR the all-female metal band from Japan,https://www.youtube.com/watch?v=qOBOSX4VKdY
【ENG SUB】Kill My Sins EP05 | Liu Shishi / Dou Xiao / Zheng Yecheng / Xuan Lu | YOUKU,https://www.youtube.com/watch?v=oYLpZtutunI
40 Kills😱NEW KILL RECORD IN NEW MODE SACRED QUARTET🔥UPDATE 3.6🎉PUBG Mobile,https://www.youtube.com/watch?v=GOG2G31aF-c
KILL TONY #603 - SHANE GILLIS,https://www.youtube.com/watch?v=XnlmpnfpwoY
DJ KILL BILL SLOW BASS VIRAL TIKTOK TERBARU 2023 DJ KOMANG RIMEX | DJ KILL BILL REMIX TIKTOK,https://www.youtube.com/watch?v=YkvuItyQPjE
Why Cancer is So Hard to Kill,https://www.youtube.com/watch?v=_sZouyV1Q9M
😰 MY BROTHER TRIED TO KILL ME PART 3 #roblox #berry #shorts,https://www.youtube.com/watch?v=BbUBR27NOEM
"Jordan Peterson is the King of Comedy!!!😂😂😂| Kill Tony, ft. Tyler Fischer",https://www.youtube.com/watch?v=BhRMkfJ1WvA
ENGSUB【掌心 Kill My Sins】会员试看EP04-06：生死危机！叶平安以身入局破迷雾 | 刘诗诗/窦骁/郑业成/宣璐/徐娇/张予曦 | 古装 悬疑 | 优酷 YOUKU,https://www.youtube.com/watch?v=Oe1Sw6Nza94
Quentin Tarantino ends the &#39;Kill Bill&#39; debate once and for all,https://www.youtube.com/watch?v=gGXMP0PpimM
KILL THE BOY AND LET THE MAN BE BORN. - Powerful Motivational Speeches,https://www.youtube.com/watch?v=bKM3aRRBUZ4
"Redban Loves His Mom!!!😂😂😂| Kill Tony, ft. Ari Matti",https://www.youtube.com/watch?v=K37N1biVpfU
Kill Boksoon | Final Trailer | Netflix,https://www.youtube.com/watch?v=70e5RjgkHjU
"Dawn Brancheau, SeaWorld Trainer Killed By a Whale",https://www.youtube.com/watch?v=xe3iOBMpLlM
Kill vs Animal 😱🔥 #shortvideo #ytshorts #shorts #animal #animalmovie #killmovie #kill #newmovie,https://www.youtube.com/watch?v=xKkT-9nBlfk
Mamma ko crocodile kha jayega#viralcartoon #@Cartoonvloge.143 #amaira#sorts#kill#,https://www.youtube.com/watch?v=5lLtpjXuc04
The Foolest - (S)Kill [Music Video] (Prod. By FLOWCODE),https://www.youtube.com/watch?v=hpXzA-d6nAE
kill bill - sza #lyrics #song #trending #audio #edit #sza #spedup #subscribe #szalyrics #musiclyrics,https://www.youtube.com/watch?v=5c1jnGdrDgM
Nosferatu: A Symphony of Horror (1922) KILL COUNT,https://www.youtube.com/watch?v=SmMMQ0m-kVc
Do You Kill These Bugs?,https://www.youtube.com/watch?v=gqQiHO-mzps
BLACKPINK(블랙핑크) - Kill This Love @인기가요 Inkigayo 20190414,https://www.youtube.com/watch?v=GM1IlKppFYU
Lucy Liu Recalls BTS Details About &quot;Kill Bill&quot; Snow Fight Scene | The Drew Barrymore Show | #Shorts,https://www.youtube.com/watch?v=4X-GrZj37-8
Kill ft. Shiva Thandavame | Saripodhaa Sanivaaram,https://www.youtube.com/watch?v=Lhp2BM7oYT8
Thirty Seconds to Mars - “THE KILL” acoustic on Vyrt,https://www.youtube.com/watch?v=DAOt4KsOOtQ
I&#39;m going to kill you... And then kill you again | SnapCube x JoJo | #jjba #jojo #jojomeme #shorts,https://www.youtube.com/watch?v=yyEmdFMN3Gw
Late Night With The Devil (2024) KILL COUNT,https://www.youtube.com/watch?v=C6u9BgH0GEg
Kill Tony Makes Madison Square Garden ROAR🤣,https://www.youtube.com/watch?v=f5Ewx2lHdCg
MULTISUB【掌心 Kill My Sins】EP02：刘诗诗窦骁复仇翻案斗权贵 | 刘诗诗/窦骁/郑业成/宣璐/徐娇/张予曦 | 古装 悬疑 | 优酷 YOUKU,https://www.youtube.com/watch?v=qcHxHnowqwE
KILL TONY #565 - SHANE GILLIS + MARK NORMAND,https://www.youtube.com/watch?v=L3DfL2zAZlM
KILL EMOTES VS ANIME EN STRONGEST BATTLEGROUNDS,https://www.youtube.com/watch?v=0fxUV71MZG8
All Deaths in Squid Game Season 2 - Kill Count | Death Count | Carnage Count,https://www.youtube.com/watch?v=slWvsfAFC0A
How to Kill an NBA Career: The Insane Zion Williamson Story,https://www.youtube.com/watch?v=KLvR_XGkC8U
KT #691 - JAMES MCCANN + ARI MATTI,https://www.youtube.com/watch?v=DDhJoL3WmXU
KILL | Sivathandavam | Jakes Bejoy | Surya&#39;s Saturday | Tamizh Cuts,https://www.youtube.com/watch?v=lcSWsZnvTTg
Don&#39;t kill me please #TryNotToScream,https://www.youtube.com/watch?v=HSLa8P8aVbw
Kill Sound IDs Pt.2 (The Strongest Battlegrounds),https://www.youtube.com/watch?v=1xzka6GMAxw
Raghav Juyal Casting of Yudhra Movie Before Kill Movie 😱🫡 #ytshorts #shorts #cinechatwithdm,https://www.youtube.com/watch?v=kVpgqoKZff8
All Kill Emotes VS Anime in The Strongest Battlegrounds,https://www.youtube.com/watch?v=k0zgjE1lke8
RITUAL BEFORE THE FIGHT - Kill - Group Reaction,https://www.youtube.com/watch?v=wUyYuf3HVCM
Hide And Kill Wala Game Khela Franklin Ne Indian Bike Driving 3d Gta Mode #youtubeshorts,https://www.youtube.com/watch?v=95ldj7w5iq8
"Kiss Me,Kill Me ”キスして壊して” - ari hicks [日本語訳] [日本語字幕] [和訳]",https://www.youtube.com/watch?v=cvn66Q3W5Iw
Animal - Jeeja Killing Edit 🥵 #animal #ranbirkapoor #kill #bollywood #attitude #shorts #viral #edit,https://www.youtube.com/watch?v=LAIEh2xTzJs
MARCO VS KILL #shorts #theAJ #virel worldwide box office comparison #marco #kill #animal #maharaja,https://www.youtube.com/watch?v=adwnJOfoiYA
ENGSUB【掌心 Kill My Sins】会员试看EP07-09：叶平安险些被害 少城亲自打造自家腰牌 | 刘诗诗/窦骁/郑业成/宣璐/徐娇/张予曦 | 古装 悬疑 | 优酷 YOUKU,https://www.youtube.com/watch?v=WJLIeZ6vWBI
New Trump Ad Shows Montage Of People He’ll Kill If Elected | Onion News Network,https://www.youtube.com/watch?v=YWnJI5-fFJs
BLACKPINK ‐ Kill This Love -JP Ver.- Live at BLACKPINK 2019-2020 WORLD TOUR IN YOUR AREA-TOKYO DOME-,https://www.youtube.com/watch?v=tOCUE8wRQYY
Sprunki Tunner wants me to kill Sprunki Nextbots,https://www.youtube.com/watch?v=yevF7qHQYfw
Centipede kill snake #uluntv #animals #short #hewan,https://www.youtube.com/watch?v=qoOkn97sfWw
20 DUMBEST Ways To Kill the Hardest Bosses EVER,https://www.youtube.com/watch?v=P9C07Ws4pEY
Raghav Juyal Kill SUPER ACTION VILLAIN #raghavjuyal #kill,https://www.youtube.com/watch?v=sVeWXLr4HD8
kill bill whistle scene,https://www.youtube.com/watch?v=hfnduZEgiRQ
1 KILL = DANCE Challenge in Fortnite!,https://www.youtube.com/watch?v=LM4l-GGfhRg
He Came To School With A Shotgun To Kill His Top Opp,https://www.youtube.com/watch?v=10dKA9xPmRI
【ENG SUB】Kill My Sins EP03 | Liu Shishi / Dou Xiao / Zheng Yecheng / Xuan Lu | YOUKU,https://www.youtube.com/watch?v=-ImfshWZVd8
"Shane Gillis Loves The Blind!!!😂😂😂| Kill Tony, ft. Chen",https://www.youtube.com/watch?v=rzQESr4UFAY
"Kam Patterson Worked For P Diddy!!!😂😂😂| Kill Tony, ft. Dr. Phil (Adam Ray)",https://www.youtube.com/watch?v=_EMEkH6m4QA
"Bitch, Don’t Kill My Vibe",https://www.youtube.com/watch?v=hDgPW4kIdUI
KT #697 - RFK JR + ARI SHAFFIR,https://www.youtube.com/watch?v=WaHG8fXDt3M
"木村文乃 ＆ 田中樹 主演決定！「連続ドラマW　I, KILL」ティザー映像【WOWOW】",https://www.youtube.com/watch?v=FjaUI1MKtco
The Banana Splits Movie (2019) KILL COUNT,https://www.youtube.com/watch?v=gNC0L3Z49qA
Brennan Savage - KILL | Hellcat Showtime,https://www.youtube.com/watch?v=gt4mgWz4s0k
KILL TONY #602 - BERT KREISCHER + WHITNEY CUMMINGS + JIM NORTON,https://www.youtube.com/watch?v=IKp_qWvX4Pc
Military Motivation - &quot;Ready To Kill&quot; (2022),https://www.youtube.com/watch?v=-keL1hpquU0
How Many Kills Do These Fictional Characters Have?,https://www.youtube.com/watch?v=1-wJNG4sb-Q
KT #696 - SKETCH + DAVE LANDAU,https://www.youtube.com/watch?v=ubWvgmkMJ2g
He Must Kill To Save His Family | Fist 2 Fist 2: Weapon Of Choice | Full Movie | Action Crime,https://www.youtube.com/watch?v=yaatflQXELY
I Just Need 3 Seconds To Kill Anyone - Lucky Bisht | Raj Shamani #shorts #viral #shortsfeed #podcast,https://www.youtube.com/watch?v=6DyhknYuxxs
RAPID FIRE with KILL Actress! 😎  ft. Tanya Maniktala #Shorts #Kill #KillMovie #Bollywood #RapidFire,https://www.youtube.com/watch?v=eVZDJ6ZZpA0
KT #683 - TOM SEGURA,https://www.youtube.com/watch?v=Xdtk8hgxbik
【K-pop Tutorial】Kill This Love by BLACKPINK (mirrored &amp; 0.75% speed),https://www.youtube.com/watch?v=RK-bunmmxyY
Killing Floor 3 - Game Awards Trailer,https://www.youtube.com/watch?v=1NE0qVN3ua4
Resident Evil | KILL COUNT GAMES,https://www.youtube.com/watch?v=htDVgghiFoU
PTK - SILENT KILL (OFFICIALVID),https://www.youtube.com/watch?v=DNxkPny5uA8
𝐁𝐋𝐀𝐂𝐊𝐏𝐈𝐍𝐊 - &#39;𝐊𝐢𝐥𝐥 𝐓𝐡𝐢𝐬 𝐋𝐨𝐯𝐞&#39; 𝐀𝐜𝐚𝐩𝐞𝐥𝐥𝐚 #𝐁𝐋𝐀𝐂𝐊𝐏𝐈𝐍𝐊 #𝐉𝐄𝐍𝐍𝐈𝐄 #𝐋𝐈𝐒𝐀 #𝐉𝐈𝐒𝐎𝐎 #𝐑𝐎𝐒𝐄́ #𝐒𝐡𝐨𝐫𝐭𝐬,https://www.youtube.com/watch?v=aFC0m4ZOAa8
Minecraft /kill Komutundan KURTULMAK?! ⛏💎,https://www.youtube.com/watch?v=WFiiGmq3Ics
Minecraft DATE MARRY KILL!,https://www.youtube.com/watch?v=QbmHgF1r3RM
Will This Kill Overwatch,https://www.youtube.com/watch?v=zDdepJO8MlU
It&#39;s A Wonderful Knife (2023) KILL COUNT,https://www.youtube.com/watch?v=m3m1ikkmpmk
DATE MARRY KILL in Roblox Snapchat!,https://www.youtube.com/watch?v=ezlj5DrYsCg
Ikaw Tsaka Ako - Kill eye Ft. Maylen OFFICIAL MUSIC VIDEO,https://www.youtube.com/watch?v=3nCagt6_FTA
Film Theory: How to KILL Wolverine!,https://www.youtube.com/watch?v=xHGDyK0T7JI
バチバチの予選決勝！ID vs KiLL #shorts #ショート#hiphop #ラップ #凱旋 #凱旋mcバトル #shorts,https://www.youtube.com/watch?v=uqGd_qLPAWA
kill movie real story?? 😵👀||ft.@ranveerallahbadia,https://www.youtube.com/watch?v=Hvj4UlVTdMk
Kill Jean-Claude Van Damme | Max Valliant #Hitman #Agent47 #JCVD #TheSplitter,https://www.youtube.com/watch?v=FHZAEcfW76Y
Beetlejuice (1988) KILL COUNT,https://www.youtube.com/watch?v=gu2l1o50dQM
She Thought She Could Kill a Cop and Get Away With It,https://www.youtube.com/watch?v=DQRnfxVFN60
Martin Phillips Crashes Out On Chad Daniels!!!😂😂😂| Kill Tony,https://www.youtube.com/watch?v=IWhEKXtvA3w
Megha Barsenge NEW PROMO Megha is accused of trying to kill Arjun,https://www.youtube.com/watch?v=imGjJbRtG50
His Ex-Girlfriend is Trying to Kill Me,https://www.youtube.com/watch?v=nkMUlg70kpo
"Why Women Kill | Beth Ann&#39;s Perfect Plan to Ruin Rob and April&#39;s Date Night (S1, E3) | Paramount+",https://www.youtube.com/watch?v=o0m6dcdvbdQ
You try to kill with my own trick?,https://www.youtube.com/watch?v=n2Q3mJ1Qoa4
ENGSUB【掌心 KILL MY SINS EP03】刘诗诗筹谋百计翻陈案，开启高能复仇模式 | 古装 复仇 爱情 | 刘诗诗 / 窦骁 / 郑业成 / 宣璐 | YOUKU COSTUME,https://www.youtube.com/watch?v=DY_NSzvCzRw
MULTISUB【掌心 Kill My Sins】EP05：刘诗诗窦骁复仇翻案斗权贵 | 刘诗诗/窦骁/郑业成/宣璐/徐娇/张予曦 | 古装 悬疑 | 优酷 YOUKU,https://www.youtube.com/watch?v=mm4nkkXC5qQ
FINALLY DECIDED TO KILL ME HUH ☠️,https://www.youtube.com/watch?v=bnYvTMQhphM
Smile (2022) KILL COUNT,https://www.youtube.com/watch?v=TzhH77l1e-g
22 KILL TEAM SPEAK • ASi8 ESPORTS • CRYPTO PUBG • PUBG MOBILE COMPETITION •,https://www.youtube.com/watch?v=4NyFQ347Xgk
💥Father Revenge ❤️‍🔥Badguy Kill innocent Daughter😱Father take revenge to kill him🔥#shorts #viral,https://www.youtube.com/watch?v=UwCDQwsRh9U
৪০ জন ডাকাত  VS একজন INDIAN ARMY | Real Hero Bishnu Shrestha | Kill Movie | Sujoyneel,https://www.youtube.com/watch?v=CZbMDnQjtmk
"Jaako Raakhe Saaiyan - Lyric Video |KILL|Lakshya, Raghav, Tanya | Vikram, Monu, Shekhar",https://www.youtube.com/watch?v=6JwTvaKZ9yM
KT #658 - JOE ROGAN + TUCKER CARLSON + JIM NORTON,https://www.youtube.com/watch?v=xwoTIaxgeWA
FRANKLIN PLAY HIDE &amp; KILL CHALLENGE IN INDIAN BIKE DRIVING 3D,https://www.youtube.com/watch?v=NPhtH21oDsM
1 KILL = REMOVE CLOTHING (fortnite),https://www.youtube.com/watch?v=T_HFAmQHSqQ
KILL TONY #608 - ADAM RAY,https://www.youtube.com/watch?v=nwXSS0wBsFA
Chrissy Costanza - If Looks Could Kill (Official Music Video),https://www.youtube.com/watch?v=M6oxASuguTs
Nikat - Film Version | KILL | Lakshya | Raghav | Tanya | Rekha Bhardwaj | Haroon-Gavin | Siddhant,https://www.youtube.com/watch?v=QuPpWnQjeZ4
"Metro Boomin, 21 Savage, Mustafa - Walk Em Down (Don&#39;t Kill Civilians) (Official Video)",https://www.youtube.com/watch?v=XGQADLEIWF4
"Trained to kill since childhood, he set out on the righteous path / Adrenaline Action Movie Full",https://www.youtube.com/watch?v=KTv8gl2ZNd4
Freaky: Killing Spree (HD CLIP),https://www.youtube.com/watch?v=4_37CjosRqU
🔥🚀 Biggest KILL STEAL aller Zeiten?! | Insane DOUBLE ROCKET KILLS! | Road to TOP 10 Season 2,https://www.youtube.com/watch?v=kSIVovbJel8
MINI UZI INDIA TOP 5 PLAYER GAMEPLAY || ACE KILL WITH MINI UZI GUN || #freefire #csrankpush,https://www.youtube.com/watch?v=sB-QNRX35Ts
Today bhoot kill one person👻👹😱👻#shorts#funny#bhoot,https://www.youtube.com/watch?v=D4LCH0WirfA
ENGSUB【掌心 KILL MY SINS EP01】刘诗诗筹谋百计翻陈案，开启高能复仇模式 | 古装 复仇 爱情 | 刘诗诗 / 窦骁 / 郑业成 / 宣璐 | YOUKU COSTUME,https://www.youtube.com/watch?v=B5MWF8el3kM
KT #684 - JOHN CRIST + JEREMY (ADAM RAY),https://www.youtube.com/watch?v=zS-4IMtyjPw
Is we kill our shadow🤯real or fake🥶#viral#shorts#trending#status,https://www.youtube.com/watch?v=ZcmGe-x6ctM
KT #650 - BERT KREISCHER - BOBBY LEE - ESTHER POVITSKY,https://www.youtube.com/watch?v=7aC45NttBxg
Chrissy Costanza - If Looks Could Kill (Official Lyric Video),https://www.youtube.com/watch?v=6wC7o1GmmJM
"Kill Full Movie 2024 | Lakshya, Raghav Juyal, Tanya Maniktala, Abhishek C. | 1080p HD Facts &amp; Review",https://www.youtube.com/watch?v=5mQLQbTHARc
He Must Kill The Evil God | Tom Hardy | Full Movie | Action Sci-Fi Adventure | Minotaur,https://www.youtube.com/watch?v=im6Cy6Cc2Oo
KILL Movie Reaction Part (2/2)! | Lakshya | Raghav Juyal | Tanya Maniktala,https://www.youtube.com/watch?v=UlWfSkdpX7w
BLACKPINK - &#39;Kill This Love&#39; M/V HITS 1.9 BILLION VIEWS,https://www.youtube.com/watch?v=oD8QEoA0bdY
Blackpink - Kill this love mirrored dance tutorial by Secciya (FDS) Vancouver,https://www.youtube.com/watch?v=0lXSSjMaYcE
GULZAAR CHHANIWALA - KILL EM (Full Video) | @ayothekidd  | MAFIOSO 2023,https://www.youtube.com/watch?v=x_OQ69Jtzfw
Best live performance of &#39;The Kill&#39; by Thirty Seconds to Mars!,https://www.youtube.com/watch?v=0aKUi39Vz_Y
Pearl (2022) KILL COUNT,https://www.youtube.com/watch?v=ExfdQXcUy9c
Franklin Become Goku To Kill God Venom King In Indian Bike Driving 3d,https://www.youtube.com/watch?v=Metj2suIOxA
Don&#39;t Kill These 4 Animals 🤯😱 #facts #shorts,https://www.youtube.com/watch?v=OxqG1VqFXxg
KT #680 - MADISON SQUARE GARDEN (NIGHT ONE) - JOE ROGAN + SHANE GILLIS,https://www.youtube.com/watch?v=z3lYdMfNDmc
"Boy Kills World (2024) Official Trailer - Bill Skarsgård, Jessica Rothe",https://www.youtube.com/watch?v=tztCsUyiQv8
Kill Movie South Remake Update | Raghav | Lakshya | Kill Movie Trailer Update | #shorts,https://www.youtube.com/watch?v=QweJH6q0AVw
"Warhammer 40,000: Kill Team Cinematic Trailer 2024 | The Stakes Just Got Higher",https://www.youtube.com/watch?v=Lr4FSwSRuNU
##Kill Movie ###trailer##@😞😭💔🪖👍the best scene ❤️💔,https://www.youtube.com/watch?v=gBLETvIUsD8
&#39;Will Find &amp; Kill&#39;: Trump Orders First U.S. Military Attack On America&#39;s Top Enemy In This Nation,https://www.youtube.com/watch?v=YSDRgzzK5H4
MULTISUB【掌心 Kill My Sins】定档预告：2月7日！刘诗诗复仇翻案斗权贵 | 刘诗诗 / 窦骁 / 郑业成 / 宣璐 | 古装 悬疑 | 优酷 YOUKU,https://www.youtube.com/watch?v=fyQDlzSuoVI
KT #689 HARLAND WILLIAMS + DR. PHIL (ADAM RAY),https://www.youtube.com/watch?v=Jclrxu-x6Sc
Invincible 3x03 - Oliver Kills the Mauler Twins | Mark Destroys a Nuke,https://www.youtube.com/watch?v=bzuh0q9a5e8
BTS of The Kill - making the song (2004) #thirtysecondstomars,https://www.youtube.com/watch?v=FuAhDOgb12s
V/H/S/85 (2023) KILL COUNT,https://www.youtube.com/watch?v=oOpA9_yOgFM
Windows 10 New Kill Screen *Scary*,https://www.youtube.com/watch?v=tICbzDKnlJY
Halloween Ends (2022) KILL COUNT,https://www.youtube.com/watch?v=NMejOHmb0bs
"In Future, Kill The Lottery Winner Within 24hrs And Claim $3.6 Billion",https://www.youtube.com/watch?v=YukmBvVvwW8
Can ANYTHING Survive USB Kill?,https://www.youtube.com/watch?v=Vt3Fp_zAEU8
KILL THE ILLUMINATI in HITMAN 3 | Stealth Brutal Kills &amp; Cinematic Run [4K 60FPS] XBOX X,https://www.youtube.com/watch?v=7bEo7e-gOLo
KT #693 - JEFF DYE + RICK GLASSMAN,https://www.youtube.com/watch?v=NgWe7-_8Z9w
"Iran MP’s Big Provocation, Threatens To Kill Trump Days U.S. President’s ‘Will Obliterate’ Warning",https://www.youtube.com/watch?v=i8hszqvOAAo
Hatchet (2006) KILL COUNT,https://www.youtube.com/watch?v=Ov8yyXWVXt4
The Best of Shane Gillis As Donald Trump on Kill Tony Part 2,https://www.youtube.com/watch?v=1EEpDu6h_QY
Roblox build a car to kill zombies...,https://www.youtube.com/watch?v=km4mBaLoJJc
FRANKLIN PLAY HIDE &amp; KILL😱 IN INDIAN BIKE DRIVING 3D,https://www.youtube.com/watch?v=IlFbMkwzfX8
ENGSUB【掌心 Kill My Sins】第4-6集试看：暗流涌动！叶平安设局开始反击 | 刘诗诗/窦骁/郑业成/宣璐  | 古装悬疑剧 | 优酷华语剧场,https://www.youtube.com/watch?v=flln3aCuEF4
V/H/S/99 (2022) KILL COUNT,https://www.youtube.com/watch?v=hu6Z9krGsXc
KILL - OFFICIAL RED BAND TEASER (HINDI) | Lakshya | Raghav | Tanya | Nikhil Nagesh Bhat | 5th July,https://www.youtube.com/watch?v=ZWTHbAJLR-U
BUILD A CAR TO KILL ZOMBIES BEST WAY TO EARN MONEY FOR EACH CHECKPOINT (BEST CARS) 79M/h,https://www.youtube.com/watch?v=IxBiVMYfbgo
Kill Movie Unseen Making Video || Kill Movie Behind The Scenes • In Hindi,https://www.youtube.com/watch?v=RB-bXUItiy0
The Mouse Trap (2024) KILL COUNT,https://www.youtube.com/watch?v=uKDBX-UhSBE
【ENG SUB】Kill My Sins EP01 | Liu Shishi / Dou Xiao / Zheng Yecheng / Xuan Lu | YOUKU,https://www.youtube.com/watch?v=rEDep85ddY8
【Official Trailer】Kill My Sins: I want those who hurt me to be punished!💪✨ | YOUKU,https://www.youtube.com/watch?v=9hcCGudUG5Q
Franklin Play Hide &amp; Kill with Clones - INDIAN BIKES DRIVING 3D,https://www.youtube.com/watch?v=8aFjCCVLlAQ
Raghav Juyal Takes Center Stage: Kill &amp; 11:11,https://www.youtube.com/watch?v=wv8U58Vi52o
Biggest violent?👿🔥 #shortvideo #shorts #ytshorts #marco #kill #animal,https://www.youtube.com/watch?v=9lGylZATRrU
V/H/S/Beyond (2024) KILL COUNT,https://www.youtube.com/watch?v=Mwm-6loNY3U
North Korean Troops Open Fire On Russians And Kill Them,https://www.youtube.com/watch?v=sGAz2KBjlyA
30 Seconds to Mars - The Kill (Bury Me) - Bunbury 2017,https://www.youtube.com/watch?v=njCDHMN7fyo
$UICIDEBOY$ - Kill Yourself Part III (Slowed + Reverb),https://www.youtube.com/watch?v=eM5gi0agNlk
"KILL ‘EM ALL 2 - Extended Preview (Jacqueline Fernandez, Jean-Claude Van Damme)",https://www.youtube.com/watch?v=BYs4e5-GhyU
Naga Shourya&#39;s KILL - THE TRAP Hindi Dubbed Full Movie | Mehreen Pirzada | Action Romantic Movie,https://www.youtube.com/watch?v=cOEa8S0G2Rw
ROBLOX KILL REALISTIC NPC,https://www.youtube.com/watch?v=jDxzIXRmHsw
Kill movie best scene 🤬 #shorts #viral #kill #movie #film #bollywood,https://www.youtube.com/watch?v=85Ow4dnSQaI
【Official Trailer】Kill My Sins: Do you believe dreams can kill someone?!🔥😱 | YOUKU,https://www.youtube.com/watch?v=gKUsKUbScp0
KT #685 - SAM TALLENT,https://www.youtube.com/watch?v=oLAxMa7JVfA
Donald Trump on JRE and Kill Tony? 🤔🤯,https://www.youtube.com/watch?v=dJ892vovFfg
"Being close to you isn’t enough, we want to be #Nikat 🥰 Nikat song out now! #Kill #Nikat #shorts",https://www.youtube.com/watch?v=OO4RrQ1SYlk
KT #687 - JOE DEROSA + CHRIS DISTEFANO,https://www.youtube.com/watch?v=WqjzyGC8ti8
The Man Who Murdered 77 People | Killing Spree (HD)| True Lives,https://www.youtube.com/watch?v=_Zl27WMKRyg
Paying @JONATHANGAMINGYT $5 Dollars a Kill 😯,https://www.youtube.com/watch?v=_I6PC3moHQw
Slugs (1988) KILL COUNT,https://www.youtube.com/watch?v=p2RvrFPjMY8
1 Millón de CORAZONES sobreviven al /Kill?,https://www.youtube.com/watch?v=NDoXPqF2YZs
Lakshya &amp; Raghav’s Final Showdown | KILL | Now Streaming | DisneyPlus Hotstar,https://www.youtube.com/watch?v=riWQl-51h98
Franklin Play Hide and Kill in Indian Bike Driving 3D,https://www.youtube.com/watch?v=EzzHobzfDoQ
"Kill Bill: Vol. 3 - Teaser Trailer | Uma Thurman, Zendaya",https://www.youtube.com/watch?v=j1O0wVybNNQ
Willam Montgomery Hates Chad Daniels!!!😂😂😂| Kill Tony,https://www.youtube.com/watch?v=h9ymehtAQjA
Incredibox Sprunki Killer Edition But With New KILL MOD - New version,https://www.youtube.com/watch?v=_HSeN4lSHbY
Franklin Play Hide And Kill - INDIAN BIKES DRIVING 3D,https://www.youtube.com/watch?v=qZ5ne6cBSzY
FRANKLIN PLAY HIDE AND KILL IN INDIAN BIKE DRIVING 3D,https://www.youtube.com/watch?v=VCR96JrYIlw
Kelly Clarkson - Stronger (What Doesn&#39;t Kill You) (Lyrics),https://www.youtube.com/watch?v=ixTgZDM1kgU
Franklin Become Titan to Kill Titan - INDIAN BIKES DRIVING 3D,https://www.youtube.com/watch?v=Pff2pZhZPuM
Windows 11 New Kill Screen,https://www.youtube.com/watch?v=6LyeHOei7Gc
"Kill Full Movie 2024 | Lakshya, Raghav Juyal, Tanya Maniktala, | 1080p | Reviews &amp; Facts",https://www.youtube.com/watch?v=HocI7utcLq0
Witness the Rakshak in making!🔥| #KILL | #DharmaShorts | #YouTubeShorts,https://www.youtube.com/watch?v=l50V9yrDlAg
Kill The WOLF!!!.. | Minecraft Bedrock | (Analog) ep1,https://www.youtube.com/watch?v=zqIzDWCfIOA
Franklin Play Hide &amp; Kill in Indian Bike Driving 3D,https://www.youtube.com/watch?v=oqATVHCWN5w
Windows 8 New Kill Screen (My OS forced me to update),https://www.youtube.com/watch?v=4LFQrEslHQY
Florida Deputy Killed by Man with AK Rifle After Trying to Help Him,https://www.youtube.com/watch?v=m9baVM00GCo
"Kill Love - Saaaj Tomar, Feat. Ira Chauhan | New Haryanvi Song 2024 | T-Series Haryanvi",https://www.youtube.com/watch?v=2GpEQTU8FBc
KILLer Q&amp;A with the dashing Lakshya 🔥 #Kill #killmovie #Lakshya #trending #song #bollywood,https://www.youtube.com/watch?v=sG35GPMEUfc
MULTISUB【春花焰 Kill Me Love Me】EP01：刘学义吴谨言双强复仇 | 刘学义/吴谨言/毕雯珺/赵小棠 | 爱情 古装 | 优酷 YOUKU,https://www.youtube.com/watch?v=3CoZSHDM07c
Sorpresa 😈 por cada kill  parte 3,https://www.youtube.com/watch?v=r_HuBUJ65bU
HIMLANDS - Killwish&#39;s New Plan to KIll Me [S-6 part 22],https://www.youtube.com/watch?v=fIt5Oxqc52Q
Naruto Yellow Gang VS Madara Red Gang play HIDE AND KILL with Naruto &amp; Madara Doll In GTA 5,https://www.youtube.com/watch?v=9lx014VXCMY
1 KILL = 1 KISS WITH MY GIRLFRIEND 😍,https://www.youtube.com/watch?v=KU_nSiYggGA
😍3.6 UPDATE IS HERE 1vs4 CHALLENGE 40 KILLS CHALLENGE IN BGMI LIVE 🔥- NeonXPawan,https://www.youtube.com/watch?v=yHcZGSvspQI
SAL Documentary l KILL 1,https://www.youtube.com/watch?v=TNJdDWYDmKs
1 KILL = REMOVE 1 LAYER in Fortnite!,https://www.youtube.com/watch?v=auapsSgy11M
SZA - Kill Bill (Official Video),https://www.youtube.com/watch?v=MSRcC626prw
🎥 I KILL GIANTS (2017) | Full Movie Trailer in Full HD | 1080p,https://www.youtube.com/watch?v=bEQSYibOZy8
"Kill Full Hindi Movie 2024 | Lakshya Lalwani, Raghav Juyal, Tanya Maniktala | HD Facts &amp; Reviews",https://www.youtube.com/watch?v=MrNeK6KOKdc
David didn’t kill Goliath,https://www.youtube.com/watch?v=fEBPkavnLGE
Kill Full Movie Hindi OTT Update and Explanation | Lakshya | Raghav Juyal | Ashish Vidyarthi,https://www.youtube.com/watch?v=SeVXYORrQPo
Orks in Space Marine Armor! Kitbashing a Custom Kill Team,https://www.youtube.com/watch?v=QnvyMO94Mdk
Death Korps Leaving Kill Team Forever...,https://www.youtube.com/watch?v=iG5PmuXhGZI
"Love of the Divine Tree/ Kill My Sins/ Opening rating: Everlasting Longing, Perfect Match",https://www.youtube.com/watch?v=qysckg15WeE
KILL WELTREKORD in Fortnite? *58 KILL WIN*,https://www.youtube.com/watch?v=Sf9h85kmoxE
1 KILL = 1 DARE in Fortnite!,https://www.youtube.com/watch?v=dtoIXlbnWN8
Doey Want To Kill Poppy ?! - Poppy Playtime Chapter 4 (AU),https://www.youtube.com/watch?v=aZaEO0guqIc
NEW &#39;RAGDOLL&#39; Vapor + Rosemary Kill Animation (Pillar Chase 2),https://www.youtube.com/watch?v=IFyqXOIceh0
Gabriel Iglesias Gets Canceled.. 😂😂 | Kill Tony ft. Gabriel Iglesias,https://www.youtube.com/watch?v=8-mLhfwTYVU
👀👑(2 em 1) Akame Ga Kill React Rap do Quin |Quin shi Huang (record of ragnarok) | Tatsume As quin👀👑,https://www.youtube.com/watch?v=oMl3VtI0vFE
Review 1ère place d&#39;un membre Kill Tilt (125€ Main Event KO sur Winamax),https://www.youtube.com/watch?v=jekpdMWGY4A
"Tony Hinchcliffe Calls Out Redban.. 😂😂 | Kill Tony ft. Fiona Cauley, Joe Rogan &amp; Harland Williams",https://www.youtube.com/watch?v=iDzsSb4aUr4
Shane Gillis Loves Mexicans.. 😂😂 | Kill Tony ft. Mark Normand &amp; Joe Bean,https://www.youtube.com/watch?v=D_q51PB5IgM
Hvert Kill = Skift Dit LOOT I Fortnite!,https://www.youtube.com/watch?v=E-X5AWnuEnk
FIRST TIME KILL TIME KING DON&#39;T TRUST ANYONE #shorts #tomandjerry #trendingshorts,https://www.youtube.com/watch?v=9rLO_AYkS2s
Ari Matti Calls Out Elon Musk.. 😂😂 | Kill Tony ft. Ari Matti,https://www.youtube.com/watch?v=14NCfL9RoSM
Redban Ruins a Wholesome Moment.. 😂😂 | Kill Tony ft. Joe Derosa &amp; James McCann,https://www.youtube.com/watch?v=_Iz8RuH7mZE
"You gonna die, i&#39;m gonna kill you☠️ #squidgame #perte #viralshorts #like #valepro",https://www.youtube.com/watch?v=AQRsgiXXkJQ
Shane Gillis Roasts a Midget.. 😂😂 | Kill Tony ft. Shane Gillis &amp; Joe Bean,https://www.youtube.com/watch?v=P79tano94PQ
Tere pas kya hai #shorts #sanamterikasam2 #fateh #kill #marco,https://www.youtube.com/watch?v=PpaBeS05eek
Sasuke Threatened To Kill Kakashi 😮‍💨 #shorts #naruto #narutoshippuden,https://www.youtube.com/watch?v=Lh7ZQjlV3Uc
Florida man arrested for &#39;violent&#39; threats against Trump | LiveNOW from FOX,https://www.youtube.com/watch?v=AwzLZufR7mU
Examining Trump&#39;s role in violent political threats in the U.S.,https://www.youtube.com/watch?v=kaDTa-nvsFc
How schools and law enforcement are navigating a spike in violent threats,https://www.youtube.com/watch?v=jJgf_CfFhiE
Wilbraham man arrested for alleged violent threats against officials online,https://www.youtube.com/watch?v=MF9rKrdFc7w
Ask an Attorney with Christine Michel: Dealing with violent threats,https://www.youtube.com/watch?v=AVsOTK4leks
Expert warns of &quot;violent threat&quot; to U.S. democracy,https://www.youtube.com/watch?v=AiDogHNgsS4
FBI warned about increase in violent threats following raid of Trump&#39;s Mar-a-Lago home,https://www.youtube.com/watch?v=AhOuTFbmwvQ
"Retired Minneapolis firefighter charged with assault, making violent threats",https://www.youtube.com/watch?v=chquTgfCyKA
Violent threats over election results,https://www.youtube.com/watch?v=jaEIS9sP9kM
Violent threats to President Donald Trump spur West Palm Beach arrest,https://www.youtube.com/watch?v=HyiXaFwL1IM
"Massive spike in violent threats made against lawmakers, Capitol police say",https://www.youtube.com/watch?v=Ao0WVatKM6A
Expert warns of &quot;violent threat&quot; to U.S. democracy,https://www.youtube.com/watch?v=n6u88FDNGlA
Colorado Supreme Court justices face violent threats over Trump ruling,https://www.youtube.com/watch?v=S_eYxOdwt8E
Man who made violent threats against Biden and prominent Democrats shot dead by FBI,https://www.youtube.com/watch?v=DL0BPlqXAjU
U.K. politicians face violent threats ahead of election,https://www.youtube.com/watch?v=u9foDZZbYa4
"Domestic violent extremism remains a top threat in the US, experts say",https://www.youtube.com/watch?v=lCwIgAxtCxQ
"Over 700 violent threats made to lawmakers in the last month, Capitol police say",https://www.youtube.com/watch?v=pk4PeWuQmME
"Public Service Agencies, Large And Small, Chilled By Violent Threats From Trump Supporters",https://www.youtube.com/watch?v=AP0E7PVfGmQ
Violent threats on Seattle firefighters | Morning in America,https://www.youtube.com/watch?v=RCSVDHA0A-0
Man accused of posting violent threats toward police on Facebook,https://www.youtube.com/watch?v=cB77pH0WRGE
Politically-Motivated Violent Threats Are PLAGUING America,https://www.youtube.com/watch?v=In7VItmT96o
"Antioch man charged with allegedly making violent threats towards synagogue, police say",https://www.youtube.com/watch?v=Ccrne2QYJDE
Naperville man arrested for violent online threats,https://www.youtube.com/watch?v=fjtlHeUYZSw
Violent threats against poll workers increasing ahead of election | Morning in America,https://www.youtube.com/watch?v=DdqDLMFFcgk
"Domestic violent extremism: Threats, policies and new approaches",https://www.youtube.com/watch?v=aI5eiJhLy1A
Community seeks answers to violent threats,https://www.youtube.com/watch?v=90yjStaqdDs
Florida man arrested for allegedly making ‘violent’ threats against President Trump,https://www.youtube.com/watch?v=6KkIG7NY4G4
FBI warns of violent threats ahead of inauguration,https://www.youtube.com/watch?v=T0XtLM2RJgI
DHS warns of threats to electricity infrastructure from violent domestic groups,https://www.youtube.com/watch?v=KJR9PHhaDtM
Rep. Plaskett Cites Reports On Violent Threats On Ahead Of Capitol Riot During Impeachment Trial,https://www.youtube.com/watch?v=upJfSj5s11U
What do we know about the violent threats against Trump&#39;s administration picks,https://www.youtube.com/watch?v=K0KIoUgQ9iM
"Countering Violent Extremism, Terrorism, and Antisemitic Threats in New Jersey",https://www.youtube.com/watch?v=rDSBaId8ev0
"Man Accused Of Making Violent Threats Against Temple University Arrested, Prosecutors Say",https://www.youtube.com/watch?v=jS_ehEVt1qI
Lodi teenager arrested for making violent threats targeting a school,https://www.youtube.com/watch?v=p8uq0o9gOPs
"Violent threats to Colorado schools continue, Aurora PD investigating most recent threat",https://www.youtube.com/watch?v=s_UO_uvKlK4
Cape Coral boy made violent threats over Instagram,https://www.youtube.com/watch?v=47ThZHsJJ4M
ICE agents see increase in death threats amid deportation movement,https://www.youtube.com/watch?v=S8kTdU9KeoM
Phoenix students react to violent threats online,https://www.youtube.com/watch?v=3wLR_bwh4fg
How schools handle violent threats,https://www.youtube.com/watch?v=M5VOUgUMsQY
DHS bulletin warns of violent threats related to abortion rights debate,https://www.youtube.com/watch?v=EvpJoNYNfBk
Schools on guard after violent threats on TikTok,https://www.youtube.com/watch?v=hW4yckM3_dA
Trump Cabinet appointees targeted with violent threats | Morning in America,https://www.youtube.com/watch?v=QpLRlbrCeEU
Wave of violent threats hit Texas schools,https://www.youtube.com/watch?v=gzIQXCK5-XE
Election officials speak out on the violent threats and stress they’ve faced since 2020,https://www.youtube.com/watch?v=yTGqi3uIF3w
Homeland Security issues bulletin warning of increased violent threats against law enforcement offic,https://www.youtube.com/watch?v=FWBkubYEW-M
Threats against Pelosi illustrate violent rhetoric aimed at Congress | USA TODAY,https://www.youtube.com/watch?v=v17jGNjwP1A
Data shows violent threats against U.S. lawmakers have more than doubled in past five years,https://www.youtube.com/watch?v=NKgQKEWEdJw
What to know about the violent threats targeting Trump Cabinet picks,https://www.youtube.com/watch?v=rYxxbBMzOyI
Deadly Oversight: Spotting Violent Church Threats,https://www.youtube.com/watch?v=9VzjuI8Y-W0
Election workers face violent threats in Arizona,https://www.youtube.com/watch?v=8jSEgB9IRUY
The role of political rhetoric and the increase in violent threats toward lawmakers,https://www.youtube.com/watch?v=sxysJYjM2Pw
San Carlos Church Steps Up Security At 1st Service Since Violent Threats By Pastor,https://www.youtube.com/watch?v=anuiIb1EhLE
AG Garland defends memo on violent threats to school boards,https://www.youtube.com/watch?v=GPewDhohdKk
Santa Cruz County prosecutors link 13 students to violent threats,https://www.youtube.com/watch?v=YiiYFTnlFHk
"There’s been in a rise in violent threats against schools in NC, what public safety leaders are doin",https://www.youtube.com/watch?v=XDH7lVNp9oA
Lincoln Park man accused of phoning in violent threats against government,https://www.youtube.com/watch?v=fpzsEyDwBgU
Former teacher jailed after violent threats,https://www.youtube.com/watch?v=opgBw00jN58
Violent Threats at Virginia Schools May Have Lasting Impact on Students,https://www.youtube.com/watch?v=3U_2OIYSvU0
FBI faces violent threats following search of former President Trump&#39;s home,https://www.youtube.com/watch?v=ET0CS6XWRWI
Alexandria Ocasio-Cortez BOMBARDED With Violent Threats,https://www.youtube.com/watch?v=F-A0B2Gd134
US remains on alert after warning issued about threats from domestic violent extremists,https://www.youtube.com/watch?v=vSgjO9ANHko
Maine schools face violent threats amid Texas elementary school mass shooting,https://www.youtube.com/watch?v=0AYi5GleoeA
Maryland GOP Congressional candidate targeted with violent threats,https://www.youtube.com/watch?v=7YmgtnkhNG0
Congressional Membership No Guarantee Of Protection From Violent Threats,https://www.youtube.com/watch?v=o9KDl8yp3q4
Reidsville man arrested for violent threats toward church,https://www.youtube.com/watch?v=kYPyTvo-WhA
FBI issues warning on threat of domestic terrorism and violent extremists,https://www.youtube.com/watch?v=90wwkZFPmho
Whitley County cracks down on violent school threats,https://www.youtube.com/watch?v=nYacl_MxI_U
Child arrested for making violent threats against students,https://www.youtube.com/watch?v=BhioD2Pr_RA
"Violent threats surge in Springfield, Ohio, after Trump, Vance false claims",https://www.youtube.com/watch?v=Hx05dAFNPb4
FBI/DHS bulletin warns of &quot;increase in violent threats&quot; to federal agents,https://www.youtube.com/watch?v=-knHL2_CL8A
&#39;Are Violent Attacks On Police Officers... Domestic Terror Threats?&#39;: Mike Lee Questions Turley,https://www.youtube.com/watch?v=6zpyzp7RMfI
Sec. of State details violent election threats,https://www.youtube.com/watch?v=wlWPTRp-5Fc
"Trump&#39;s cabinet picks targeted with violent threats, transition team says",https://www.youtube.com/watch?v=H4hR53Y_wnc
Whitley County is taking action against violent school threats,https://www.youtube.com/watch?v=b4NB-ltYxWI
"Election officials still face violent threats in wake of 2020 election, ask FBI to do more",https://www.youtube.com/watch?v=6KkceunViMU
Violent threats against New Zealand politicians becoming more common,https://www.youtube.com/watch?v=vRfQsfNEAxc
Twinfield Union School officials respond to violent threats,https://www.youtube.com/watch?v=qqZPdMrkEU4
Immokalee Middle School student charged after making violent threats,https://www.youtube.com/watch?v=di0qRksCTrs
Man Arrested After Making Violent Threats To 4 Metro Schools,https://www.youtube.com/watch?v=7prJkCAmNQw
Man Arrested For Making Violent Threats Against Temple University,https://www.youtube.com/watch?v=HkeRPrNPY6U
Three students arrested after separate violent school threats,https://www.youtube.com/watch?v=RQhPXno6D-I
13-year-old accused of sending violent threats against Page Middle School in Gloucester,https://www.youtube.com/watch?v=AB5XUcyjhwg
Police on &#39;high alert&#39; due to violent threats after &#39;Cop City&#39; clash,https://www.youtube.com/watch?v=v_2qOsGuTS0
Federal Officials Facing Surge in Violent Threats From MAGA Domestic Terrorists,https://www.youtube.com/watch?v=SVlNt5pFRCI
Violent Threats Made Against Lidia Thorpe,https://www.youtube.com/watch?v=5nbloQ6zJ5o
Increase in Violent Threats in North Alabama Schools,https://www.youtube.com/watch?v=zUeBZSu_y6Y
Students React to Violent Social Media Threat,https://www.youtube.com/watch?v=w9U6BeKQmcs
Police warn of consequences for making violent threats,https://www.youtube.com/watch?v=5PYadB4UnLo
Heightened security at two Petersburg schools after violent threats surface on social media,https://www.youtube.com/watch?v=z58i3ZZupls
Violent threats are rising against election officials,https://www.youtube.com/watch?v=nMq9XvhKznI
US healthcare law backers face violent threats,https://www.youtube.com/watch?v=0_sYSAbTuYA
Fairfield Union Local Schools closed due to violent threats,https://www.youtube.com/watch?v=GFYt-etaiYo
"Boy made violent threats on Xbox, TikTok, Snapchat, police say",https://www.youtube.com/watch?v=l2n5FA-eAhU
Members of Trump’s cabinet reportedly targeted with violent threats,https://www.youtube.com/watch?v=I9L3wZHXAO4
How a million years of Violent Threats has blinded our brains to Cyber Risk | Mike Landeck,https://www.youtube.com/watch?v=xGYyreNRLH8
Michigan&#39;s Female Leaders Faced Violent Threats in 2020,https://www.youtube.com/watch?v=3hTDU8Sng-4
Why political violence and violent threats are on the rise in the United States,https://www.youtube.com/watch?v=5ugYcnKx5bo
"Justice Department to address violent threats against school officials, teachers",https://www.youtube.com/watch?v=hKciwcKY7RE
Pennsbury School Board President Details Violent Threats Made Against Board Members,https://www.youtube.com/watch?v=tFy-m1Gar8c
Karoline Leavitt Calls Out Democrats For Using ’Violence Enciting Rhetoric’: ‘It Is Unacceptable’,https://www.youtube.com/watch?v=65bygg4LoHs
School janitor accused of violent threats; Team 10 inquiry prompts district to inform parents,https://www.youtube.com/watch?v=7TaVEL3s5o8
"Man accused of making violent threats, violating protection order in Stewart County",https://www.youtube.com/watch?v=50zugABIbWQ
Ross County man arrested after making violent threats,https://www.youtube.com/watch?v=-XxiRSCcQAo
Trump nominees targeted with &#39;violent&#39; threats,https://www.youtube.com/watch?v=q4GvN-pbS0M
Merrick Garland Defends Memo On Violent Threats To School Boards,https://www.youtube.com/watch?v=QZ8byUPJ3oo
Local Schools Policy Toward Students Making Violent Threats,https://www.youtube.com/watch?v=hveY8-32w58
National Guard called to Lansing amid threat of violent protests,https://www.youtube.com/watch?v=Ze_rJd6vQwE
Towson University student arrested for posting violent threats on social media,https://www.youtube.com/watch?v=WV08Taz8xIU
Man Makes Violent Threats At Sister’s Wedding | Evil Lives Here | ID,https://www.youtube.com/watch?v=0t4R0HCEg2M
Man tied to violent ‘manifesto’ taken into custody in Colorado after threats prompted ...,https://www.youtube.com/watch?v=-thyRnJSeQ4
Valley Fair Mall Evacuated After Violent Threats,https://www.youtube.com/watch?v=46B3g3Y_atk
Op-ed: Violent threats against the president are OK now?,https://www.youtube.com/watch?v=WktKfsvXsG4
"Northern Kentucky student accused of writing violent threats moved to new school, parents say",https://www.youtube.com/watch?v=tWyjGL3Abxw
Kalamazoo teen arrested after making violent threats to school,https://www.youtube.com/watch?v=pKHBCqC-KMA
Gunman&#39;s violent past and death threats,https://www.youtube.com/watch?v=1zUPk-dZSYQ
Eastern Kentucky drag show canceled over violent threats,https://www.youtube.com/watch?v=6aH5PktZtYY
"Election security faces threat of ‘violent extremists’ ahead of election, according to officials",https://www.youtube.com/watch?v=W2YUOg1W1Q8
Daniel Andrews condemns protesters who made violent threats | 9 News Australia,https://www.youtube.com/watch?v=k1K5h85BMTk
Shawnee Police Arrest Man Who Made Violent Threats At Saint Anthony Hospital,https://www.youtube.com/watch?v=E2UGzwzSsYo
Violent threats toward judge cause lockdown of Terre Haute City Hall,https://www.youtube.com/watch?v=nt4zp-GlNTw
15-year-old boy accused of making violent threats against students,https://www.youtube.com/watch?v=v4uNZc1iKtw
How do we counter the violent threat of radical Islam?,https://www.youtube.com/watch?v=_t13ta7D4h8
Prince George neighbors &#39;terrified&#39; following violent threats,https://www.youtube.com/watch?v=_QrQWP-M8Gk
"Trend of violent threats, weapons being found at Houston-area schools",https://www.youtube.com/watch?v=6gACtt6a-90
Teen facing charges after allegedly making violent threats toward Seminole County mosque from Cal...,https://www.youtube.com/watch?v=3LPR4pD705g
GOP death threats trial begins: Violent texts sent to former presidential candidates,https://www.youtube.com/watch?v=X3APuY-m_ak
"SC for Ed&#39;s Monday protest in Columbia canceled, citing violent threats and harassment",https://www.youtube.com/watch?v=Qstu9jIQTd8
Wave of violent threats hit Texas schools,https://www.youtube.com/watch?v=mqS1JxkP3bo
Sec. Alejandro Mayorkas: Domestic Violent Extremism Poses ‘Greatest Terrorism-Related Threat’ To US,https://www.youtube.com/watch?v=0mt355BZlCM
"👊 Self-Defense: Using Evidence of the Alleged Victim’s Threats, Violent Acts, or Bad Reputation",https://www.youtube.com/watch?v=8IAtSNgM1U8
"9 To Know: Violent Fugitive, Hoax School Threats, OKC Dodgers Name Change",https://www.youtube.com/watch?v=Gy1KSnaI_mg
"Significant increase in threats, violent online rhetoric following news Trump’s pending indictment",https://www.youtube.com/watch?v=3Z3jg1ZrvIY
Scammers make violent threats,https://www.youtube.com/watch?v=E9l9e6PIvrY
Election workers face violent threats and harassment amid dangerous political rhetoric,https://www.youtube.com/watch?v=rNAxhRFWDYk
Former Asst. Principal says her school wasn&#39;t reporting violent threats to FLDOE,https://www.youtube.com/watch?v=IN7-kbq3mzY
Violent threats towards federal politicians have tripled in last three years | 9 News Australia,https://www.youtube.com/watch?v=NnRTPw7hZHI
Nashville police chief addresses need for better technology in monitoring school threats,https://www.youtube.com/watch?v=7A8cERPf72E
"FBI director makes distinction between politically violent rhetoric, threats | USA TODAY",https://www.youtube.com/watch?v=Xc_NukLWjVQ
PM says there is no excuse for violent behaviour after threats against Vic Premier | ABC News,https://www.youtube.com/watch?v=y4Bb3Y-m2kE
Kansas City area school districts hit with swatch of violent threats,https://www.youtube.com/watch?v=OUXLsvJlLGw
"&#39;Tu Aur Pitega&#39;: After thrashing blind JNU student, now violent threats to shut him up",https://www.youtube.com/watch?v=jtWSaDV7HmQ
"Domestic violent extremism: Threats, policies, and new approaches",https://www.youtube.com/watch?v=VUL4-3z-6H8
"Parents, students react after Garner teen arrested over violent Snapchat threats",https://www.youtube.com/watch?v=ApgWZvrLOJ4
&#39;ON THE CLOCK&#39;: Dems urged to condemn violent threats against Trump nominees,https://www.youtube.com/watch?v=YB2yhb1_CI4
Powell Butte Charter School closes campus after receiving violent threats,https://www.youtube.com/watch?v=6KPhT47I3TY
Sumner Co. schools condemn violent threats,https://www.youtube.com/watch?v=cc3YSdPAz58
Roundtable: How San Diego Schools Assess Violent Threats,https://www.youtube.com/watch?v=_Im8YEYVNSM
"APS middle school students fear violent, racist threats",https://www.youtube.com/watch?v=55RqYF9PVPw
Garland Defends Memo On Violent Threats To School Boards,https://www.youtube.com/watch?v=3YThfsAIYqk
"Examining 2024 election threats, violence and fraud after ballot box fires",https://www.youtube.com/watch?v=TFF9bAODcwA
"Taylor Greene Tweets colleagues’ phone numbers, violent threats against Upton ensue",https://www.youtube.com/watch?v=7TH3STBxAiA
Violent Threats At Marathon,https://www.youtube.com/watch?v=WkgGxfM5vEU
Violent threats cancel youth football league&#39;s season,https://www.youtube.com/watch?v=Ks51X_5vfBk
Cop Charged in Teen Death Gets Violent Threats,https://www.youtube.com/watch?v=e6jKsEQ7Hcw
"Colorado Inside Out: December 18th, 2015 - Violent Threats Shock School Districts",https://www.youtube.com/watch?v=yy66KIirCSI
Venezuela Accuses Trump of &#39;Violent Threats&#39; in State of the Union Speech,https://www.youtube.com/watch?v=jlJ7OtgDycE
U of M threats: Violent threats end in arrest,https://www.youtube.com/watch?v=phGSM-kU1KY
These are the violent messages sent to threaten election workers and politicians,https://www.youtube.com/watch?v=pomHEvZxtEs
Incoming Trump administration members were targets of &#39;violent&#39; threats,https://www.youtube.com/watch?v=anwHbH0owwk
CCSD Police investigate possible violent threats made against Arbor View High School,https://www.youtube.com/watch?v=9KJ5019nJDs
6 suspects accused of making violent threats against several Mesa schools,https://www.youtube.com/watch?v=pvTdKeAUHaI
Fmr. DHS Sec. Jeh Johnson: &#39;Principal Terrorist Threat Is Far-Right Violent Extremism&#39; | MSNBC,https://www.youtube.com/watch?v=o1izfxKz8h0
Anchor STUNNED Pence Is Defending Trump&#39;s Violent Threats,https://www.youtube.com/watch?v=Zg9CQLkEBxA
Protesters make violent threats to police during chaotic Toronto demonstration,https://www.youtube.com/watch?v=0oD0Q5_tGe0
Schools across New Orleans receive violent social media threats,https://www.youtube.com/watch?v=bPF7tg1X-Og
Community organizers cancel confederate monument protest after violent threats,https://www.youtube.com/watch?v=2BQy_-LxCpU
Threats of terrorism: Ghana is exposed to violent extremism - The Pulse on Joy News (9-5-22),https://www.youtube.com/watch?v=2eLdORneXZQ
"Man Arrested In West Sacramento For Violent Threats, Police Say",https://www.youtube.com/watch?v=Fh4qW6G5JFA
Conservative Berkeley student says he faces violent threats,https://www.youtube.com/watch?v=WktZYPMyET8
"Rep. Swalwell On Violent Threats: ‘If You Think You’re Going To Intimidate Me, You’re Not’",https://www.youtube.com/watch?v=LRSHJGLdF_s
Cornell University student arrested for making violent antisemitic threats: police,https://www.youtube.com/watch?v=JuZdRzFMAyY
Juveniles Arrested for Alleged Violent Threats at IPS | WFYI News Now,https://www.youtube.com/watch?v=LMREOLFxVTk
Man Accused Of Making Violent Threats At Roseville Galleria,https://www.youtube.com/watch?v=f5IryLkWhYA
Julie Banderas calls on Dems to condemn violent threats being made against Trump&#39;s Cabinet picks,https://www.youtube.com/watch?v=VyOhewm4_EA
"Bodycam: Man Allegedly Assaults, Spits on Cops During Arrest for Violent Threats",https://www.youtube.com/watch?v=zBTNTT6chFg
Lee County schools aiming to heighten security measures against violent threats,https://www.youtube.com/watch?v=zl6HiS3emI8
"Power &amp; Leadership, Session II: Global Threats: Countering Violent Extremism and Threats",https://www.youtube.com/watch?v=31Vp8N-zSbE
West Palm Beach man arrested after making violent threats to Donald Trump on social media,https://www.youtube.com/watch?v=KO9sHyBfy-0
Violent Threats and Extortion Sour Lime Production in Mexico,https://www.youtube.com/watch?v=LPrOYDg3jTY
Hearing: Racially and Ethnically Motivated Violent Extremism: The Transnational Threat,https://www.youtube.com/watch?v=t7axeOFf1Yg
Violent political threats surge as 2024 begins,https://www.youtube.com/watch?v=t9rAaeVo-Rs
Violent Threats Leaves Ryerson&#39;s Security in Question,https://www.youtube.com/watch?v=HjjLUSKPoFo
IUML Rally Sees Violent Threats &amp; Communal Hate! Watch NewsHour To Know More!,https://www.youtube.com/watch?v=SOOTYaW-hCU
Video Now: Man arrested in Fall River for violent threats,https://www.youtube.com/watch?v=z3fbNhvrPjA
"Very Visible, Vocal, and Violent Threats: Maureen O&#39;Leary #faith4pride #lgbtq #pridepeacebuilders",https://www.youtube.com/watch?v=rruKXJT_SGA
Protesters Turn to Violent Threats in Wake of Kavanaugh Confirmation • Fox &amp; Friends First,https://www.youtube.com/watch?v=pCxBd5zHfls
How a million years of Violent Threats has blinded our brains to Cyber Risk | Mike Landeck,https://www.youtube.com/watch?v=QtIiE5WGGvc
Veteran Roasts MAGA &quot;Tough Guy&quot; After Violent Threats Go Viral,https://www.youtube.com/watch?v=Mekn6P-_-lI
Violent Threats &amp; Intimidation: VP Harris Reassures Polls Workers Amid GOP Assault On Election Laws,https://www.youtube.com/watch?v=5vhbr0xQSfY
Session-3: Understanding and Addressing Intergroup Tension and Violent Extremism Threats in Malaysia,https://www.youtube.com/watch?v=2PRLx8clNnY
Heavily armed men arrested after making violent threats at Pokemon World Championships,https://www.youtube.com/watch?v=00ALwzVzE9w
"Garland Touts Decrease In Violent Crime Overall, Warns Of Rise In Threats Against Public Officials",https://www.youtube.com/watch?v=HeRleJ6GVj8
"Tanya Woo shares violent threats against campaign staff, highlights unacceptable behavior",https://www.youtube.com/watch?v=uPDlILK1Oi4
KCSO: Gibbs student charged with making violent threats on school bus,https://www.youtube.com/watch?v=fBj-KGo0lqQ
[Webinar] Radicalization and Violent Extremism Across Borders: An Ongoing Threat,https://www.youtube.com/watch?v=aiUPo7oDSgg
FBI warns colleges of violent threats during campus protests | Vargas Reports,https://www.youtube.com/watch?v=LGElTyQfkwU
GOP death threats trial begins: Violent texts sent to former presidential candidates,https://www.youtube.com/watch?v=oSEx_ctPUl4
Meteorologist got death threats over debunking hurricane conspiracies,https://www.youtube.com/watch?v=4keK5SHO11I
"Checkpoint, Thursday 28 July 2022 | Violent threats targeting schools force lockdowns",https://www.youtube.com/watch?v=A1RRJmMONaI
Dr. Phil &#39;really bothered&#39; by violent free speech threats,https://www.youtube.com/watch?v=rjQLgDSuiFg
Covid stress and violent threats driving school superintendents to leave,https://www.youtube.com/watch?v=9abGUor1pQY
"#BLACKNEWS Targeted: HBCUs Experience More Bomb Threats, Violent Rhetoric #shorts",https://www.youtube.com/watch?v=Q8ln9vtO3lU
President-elect Donald Trump&#39;s cabinet picks were targets of violent threats,https://www.youtube.com/watch?v=EjWImfzo28o
WATCH | Lexington rabbi responds to ‘horrifyingly violent’ threats against student Jewish center,https://www.youtube.com/watch?v=0dhh-qJXSUc
"‘Protesters Have Crossed The Line’, Ex- Army Officer Reviews Violent Threats Amid Nationwide Protest",https://www.youtube.com/watch?v=eulD776WhdE
Election season threats are growing more violent | The Excerpt,https://www.youtube.com/watch?v=Vn2CEXkEEnk
&#39;The Five&#39;: Trump nominees targeted by &#39;violent&#39; threats,https://www.youtube.com/watch?v=k2asWJwURHc
"WATCH: Garland hails violent crime decline, but warns about growing threats to public officials",https://www.youtube.com/watch?v=tuxwotgPTzI
COUNTERING DOMESTIC VIOLENT EXTREMISM - FBI &amp; DHS Sharing Threat Information - GAO Report,https://www.youtube.com/watch?v=iUxOQ79ZmVk
Violent Extremist Groups: A New Threat in the Fight to End Sexual Violence in Conflict,https://www.youtube.com/watch?v=DJq-ep4W9Hg
FBI New Haven training police to respond to violent threats,https://www.youtube.com/watch?v=vVD17lT7l8I
"Wisconsin schools see spike in violent threats, 134 reported in last two weeks",https://www.youtube.com/watch?v=8Fa9uW8J4hw
Teen faces charges after allegedly making violent threats toward Seminole County mosque from Cali...,https://www.youtube.com/watch?v=2T98Xl1YuaU
Several States are Passing Bills to Address Threats From Violent Pro-Trump Republicans!!!,https://www.youtube.com/watch?v=bSv_Pmjas4s
A former FBI executive says domestic violent extremism threats are &quot;being inflamed by Iran.&quot; #shorts,https://www.youtube.com/watch?v=tux1rTfB8k8
"‘Several’ of Trump’s cabinet noms, other appointees targeted w/ ‘violent, un-American’ bomb threats",https://www.youtube.com/watch?v=YH-TbZEr330
More central Iowa school districts face violent threats,https://www.youtube.com/watch?v=ZrXAfzvbYfg
"4 districts, 3 days: Midstate schools see slew of violent threats",https://www.youtube.com/watch?v=GgF_zdyzitQ
Florida Dentist Sends Numerous Violent Threats To Victims For Criticizing Trump,https://www.youtube.com/watch?v=emNAbCpvhaA
Violent threats in Memphis schools | ABC24 This Week,https://www.youtube.com/watch?v=94uT02RRgKE
FBI investigating violent threats to judges on Colo. Trump ballot case,https://www.youtube.com/watch?v=N6-6mjk8HGs
"Family sues neighbors claiming years of harassment, violent threats",https://www.youtube.com/watch?v=c1g_4AhvUwA
Lafayette Parish School Broad to address violent threats against schools,https://www.youtube.com/watch?v=cLxRWQJ-LXQ
Local school districts address Tik Tok trend warning of violent threats nationwide on Dec. 17,https://www.youtube.com/watch?v=EKjX7WcDVqc
Newton juvenile charged for making threats of violence,https://www.youtube.com/watch?v=_Q2I2x769Aw
‘Sign of the times’: Trump’s cabinet picks targeted with violent threats,https://www.youtube.com/watch?v=4CdB9pCBWP4
At least four East Texas students accused of making violent threats against their school this week,https://www.youtube.com/watch?v=gxKiWc2LZNg
Donald Trump attacks Liz Cheney using violent language,https://www.youtube.com/watch?v=q2qdbYfrjT0
NOPD investigating violent threats made against several schools,https://www.youtube.com/watch?v=Ja_6jYYcOY8
SCCPSS addresses wave of violent threats directed at schools,https://www.youtube.com/watch?v=L3Sxvz8eRNU
Will Trump&#39;s &#39;Violent Threats’ Screw 2024 Elections? ,https://www.youtube.com/watch?v=puA8pNawTpk
Trump Case Judge FLOODED With Violent Threats | The Kyle Kulinski Show,https://www.youtube.com/watch?v=oIYQMCP6Nkg
Man Makes Violent Threats At Sister’s Wedding | Evil Lives Here | ID,https://www.youtube.com/watch?v=dFIXh0fX6N0
18-year-old arrested after violent online threats towards Juanita High School,https://www.youtube.com/watch?v=yKtBNq9gsgo
"More Tension in Spanish Town - 2 Shot, 1 Killed | Cop Receive Death Threat",https://www.youtube.com/watch?v=klI0lrauYb4
"Ex-Capitol Police Sgt. blasts violent threats, GOP election deniers running for House Speaker",https://www.youtube.com/watch?v=HOQpgAvtY_I
"The Second Annual GNET Conference Panel 5, Future Forecasting: Violent Extremist Threats",https://www.youtube.com/watch?v=o5mxSUzEl1E
Authorities to prosecute suspects in violent school threats,https://www.youtube.com/watch?v=YMv1I6GXxCo
Budd Schulberg Violent Threats From Boxing Greats,https://www.youtube.com/watch?v=x_II9fsTTYc
3 students arrested after violent threats made against Hart Co. School System,https://www.youtube.com/watch?v=SEIsXOz0MaQ
Violent Threats from a Random Nobody (TT Archive #2330 11-18-2021),https://www.youtube.com/watch?v=XXEVqtFG-fs
Trump escalates violent rhetoric with chilling remarks about Liz Cheney,https://www.youtube.com/watch?v=nXzBicioJGw
North Ridgeville High School student arrested after alleged violent threat on Snapchat,https://www.youtube.com/watch?v=y2qKj-wCtuA
RECORDED: VIOLENT Mafia THREAT over Gambling DEBT - Rizzuto enforcer FRANCESCO DEL BALSO   #gangster,https://www.youtube.com/watch?v=T48fse8jxHU
"National Guard sending 20,000 troops to D.C. over violent threats",https://www.youtube.com/watch?v=IIu5s9x21rY
Trump 2.0 Cabinet Picks Get &#39;Violent&#39; Bomb Threats Weeks Before Inauguration: What Really Happened?,https://www.youtube.com/watch?v=rJOHt8b2g54
TEACHERS MAKE VIOLENT THREATS,https://www.youtube.com/watch?v=tsP8vSiCw_Y
"VIOLENT, ANTI-SEMITIC Threats At Cornell TERRIFY Campus, Jewish Students: Robby Soave",https://www.youtube.com/watch?v=eTsEE98FnhQ
Inside the FBI: Intercepting the South American Theft Group Threat,https://www.youtube.com/watch?v=2MaDQtIWYlk
Man behind ‘Turtleboy Duluth’ charged after making violent threats on Facebook,https://www.youtube.com/watch?v=TK0ofYkoPqQ
#100days100nights | L.A. gangs make violent threats on social media,https://www.youtube.com/watch?v=c4mWtbCdbbg
Trump Supporters Getting Visits From FBI After Violent Threats Against Colorado Supreme Court,https://www.youtube.com/watch?v=DWTgCs53Sy4
India&#39;s $6 Billion RESPONSE to China&#39;s Nuclear Threat,https://www.youtube.com/watch?v=pVtf20KF4HE
Hezbollah sends violent threats,https://www.youtube.com/watch?v=xCt8IPnmDGo
"Trump picks targeted with violent threats, China frees U.S. detainees, more | America Decides",https://www.youtube.com/watch?v=q8oyfYo0CFs
Officials respond to violent school threats circulating on social media in Oklahoma,https://www.youtube.com/watch?v=joexW45koog
"Violent threats explode, Trump lawyer says immunity for assassination 1/10/24 TDPS Podcast",https://www.youtube.com/watch?v=fneVtaTpamw
District: 7th grader behind violent threats,https://www.youtube.com/watch?v=5prGRANbcDg
Shocking Police Response to Violent Threats! 😡🚨,https://www.youtube.com/watch?v=iV5iArJtUm8
Violent Threats Against Teachers Increase As Republicans Label Them All &#39;Groomers&#39;,https://www.youtube.com/watch?v=uB_KuyfC5No
Fall 2023 violent threats and incidents in schools recap,https://www.youtube.com/watch?v=cQUzv2J5mkY
17-year-old stabbed in DTLA during protest over Trump&#39;s immigrations policies,https://www.youtube.com/watch?v=HITWwvygrw4
Mexican cartel in fierce shootout as Pete Hegseth visits US border,https://www.youtube.com/watch?v=rylx1cavhcw
Colorado Court Buried In Violent Threats From Trump Supporters,https://www.youtube.com/watch?v=DwsSkZeMs3E
Violent Threats: Wrong on the Left or Right,https://www.youtube.com/watch?v=JbBAz59GxhE
Historian Gets Angry at Violent Threats,https://www.youtube.com/watch?v=xLDvZ8pxVTs
27-Year-Old Virgin Makes Violent Threats To All Women Who Turn Him Down,https://www.youtube.com/watch?v=s3p8UYxMNxA
"Boy, 15, arrested after 15-year-old killed in school stabbing",https://www.youtube.com/watch?v=RNxvBlTQI-c
Pro-Palestine protesters trade violent threats with Israeli supporters in NYC,https://www.youtube.com/watch?v=f0c2ZKfhyfo
Pro-2A Advocates Receive Death Threats from Violent Leftists,https://www.youtube.com/watch?v=THMorWD5EQQ
BREAKING: VIOLENT CLASHES Fueled By Extremists LOOMING At Al-Aqsa Mosque | TBN Israel,https://www.youtube.com/watch?v=hGEHD1zpdpY
Man arrested on an outstanding warrant making violent threats against his family members: FULL VIDEO,https://www.youtube.com/watch?v=94OptAFQ5yc
DAILY NEWS WRAP: Police on alert after violent threats of operation Dudula to remove foreigners,https://www.youtube.com/watch?v=nEHOzmRDI-Q
"Britain&#39;s Hidden Epidemic of Sexual Violence, Why It&#39;s Covered Up &amp; Who&#39;s Committing it. HERESIES 14",https://www.youtube.com/watch?v=JJ58WG3hd2g
⚠️ SHOCKING: Trump Cabinet Nominees Targeted by Violent Threats - FBI Investigates!,https://www.youtube.com/watch?v=rrxmqK2naR8
"Pentagon leaks suspect made &#39;violent&#39; threats, US says",https://www.youtube.com/watch?v=UYw-HqMm4Kg
The violent threats in Georgia,https://www.youtube.com/watch?v=VruyTHxjmRk
&#39;INSANE&#39;: Liberal media blamed for violent threats targeting Trump nominees,https://www.youtube.com/watch?v=4O6VvQaTh-o
Sen. Chris Murphy on Standing Up to Trump and Receiving Violent Threats from MAGA Supporters,https://www.youtube.com/watch?v=wGkTII5qfC4
Piedmont Teenagers Arrested for Violent Threats,https://www.youtube.com/watch?v=rI0NNXyDMGo
Some elected officials in southern New Mexico say they have faced violent threats,https://www.youtube.com/watch?v=VMvVFqya_rI
The Illinois Capitol Had to be Put on Lockdown After Receiving Violent Threats,https://www.youtube.com/watch?v=nonzDdaIgnc
Dr. Jason Johnson Hosts: Targeted Violent Threats Against Elected Officials,https://www.youtube.com/watch?v=jJP7_1OlqEg
Klaus making violent threats for 6 minutes straight,https://www.youtube.com/watch?v=HHZFtyaTM90
Twitter employee describes Trump&#39;s tweets inspiring more violent threats on social media platform,https://www.youtube.com/watch?v=mY-lqPz3uug
East Naples middle schooler charged for posting violent threats to social media,https://www.youtube.com/watch?v=tggJEf2_fDY
ALPS In Brief Episode 33 Responding to Violent Threats in the Workplace,https://www.youtube.com/watch?v=9EtoTDmWc3w
"Violent Threats Made on Bethlehem Schools - 13 NOW: 9am - Thursday, September 12",https://www.youtube.com/watch?v=4AQCa5JDO_k
Trump Cabinet Nominees Targeted by Violent Threats: A Disturbing Trend in Political Violence,https://www.youtube.com/watch?v=K5AeLo_C2r8
Florida Man Arrested for Violent Threats Against Trump (BREAKING NEWS).,https://www.youtube.com/watch?v=CW5b9WL8Nhg
Andrew McCabe on Trump supporters&#39; violent threats against FBI,https://www.youtube.com/watch?v=4BCOX0qqXYo
BREAKING: Trump nominees targeted with &#39;violent&#39; threats,https://www.youtube.com/watch?v=3URlR23hw58
Violent threats are a constant online,https://www.youtube.com/watch?v=adnJdto2A2k
Anti-Maskers&#39; VIOLENT Threats To School Boards,https://www.youtube.com/watch?v=9zEDA9YGNLU
Man arrested for violent social media threats against Anacortes Pride,https://www.youtube.com/watch?v=7y8-r9LtJIU
VIOLENT TRUMP-SUPPORTER ARRESTED for Texting DEATH THREATS to Leticia James &amp; Judge Engoron!!!,https://www.youtube.com/watch?v=WEF3T_nQhr4
Scoop: Law firm suing Pump Fun faces violent threats and doxxing,https://www.youtube.com/watch?v=R7T7WrxIit0
Klaus Mikaelson making violent threats for 4 straight minutes,https://www.youtube.com/watch?v=aNlbFZjaTzI
Pro-Trump Psychos are SENDING VIOLENT THREATS to Taylor Swift for Voting for Kamala Harris!!!,https://www.youtube.com/watch?v=k4h6tI8K2bI
Shocking Workplace Outburst Caught on Camera Violent Threats and Assault,https://www.youtube.com/watch?v=1xyjg1Lf5BA
Watch Pelosi dodging condemnation of pro-abortion group’s violent threats,https://www.youtube.com/watch?v=FvdghG3G7QI
ZEE REACTS to Klaus making violent threats for 6 minutes straight (Re-upload),https://www.youtube.com/watch?v=z78I35BaGqU
Shocking Revelation  Detective Seagrave&#39;s Violent Confrontation and Death Threats,https://www.youtube.com/watch?v=6jWmQTgM7dA
Furry Conventions Are Facing Violent Threats,https://www.youtube.com/watch?v=i7f1i5Q2WOg
NCAA Transfer Portal - Violent Threats,https://www.youtube.com/watch?v=qMsrXT8nbEY
FBI: Trump&#39;s Cabinet Nominees Face Violent Threats #shorts,https://www.youtube.com/watch?v=RA2StpIGRAs
"ZeroDarkTony keeps making violent threats, but he’s the victim. #narcissist #zdtexposed",https://www.youtube.com/watch?v=_4u6CE1mvT0
Violent Threats Will Not Be Tolerated | TBRS,https://www.youtube.com/watch?v=LbcT1y2ljm0
Police on high alert after violent threats of Operation Dudula to remove foreigners,https://www.youtube.com/watch?v=HAklKQ34RTA
Trump makes violent threats against Michelle Obama! NO,https://www.youtube.com/watch?v=oTxi3vToP9k
Violent J On Former Manager Going Into Hiding Due To Threats,https://www.youtube.com/watch?v=0wjxJ6yBkKs
Caitlin Clark stalked by 55-year-old man sending violent threats 🔥🏀#WNBAction #WNBA #CaitlinClark,https://www.youtube.com/watch?v=UTI6JBOPCjI
Mortal Kombat Producer Leaves Twitter After Violent Threats Made To His Family: Editorial,https://www.youtube.com/watch?v=La8RZ6y669k
From Threat to Shooting: Forensic Investigation of Sohrab&#39;s Case,https://www.youtube.com/watch?v=2UYDVxltBrU
Suspected of Leaking Classified Files Had History of Violent Threats and Researching Mass Shootings,https://www.youtube.com/watch?v=z7SzacI2va8
Against Violent Threats (TT Archive #2372 11-20-2021),https://www.youtube.com/watch?v=4Sg5fNzIW4Q
VIOLENT THREATS Targeting TRUMP&#39;S CABINET PICKS! Spokesperson Speaks Out #short #shortsfeed #shorts,https://www.youtube.com/watch?v=LBXG2KnZ9pQ
Protests erupt as Elon Musk moves to gut government agencies,https://www.youtube.com/watch?v=eMzm3_b4WQo
Caribbean earthquake: Tsunami advisories issued for Puerto Rico and U.S. Virgin Islands,https://www.youtube.com/watch?v=QfXZBptHmEs
Violent Threats Against Trump Appointees: What Happened? #breakingnews,https://www.youtube.com/watch?v=nAu59rSXfrk
Trump &#39;Faced Threats&#39; Before Murder Bid; Violent Rhetoric Against Ex-U.S. Pres | Explained,https://www.youtube.com/watch?v=ww5IjuhWlis
The Violent Threats - The Boots,https://www.youtube.com/watch?v=66bkGLkks8c
Heated Debate w/ Gavin Mcinnes Derails Into Violent Threats,https://www.youtube.com/watch?v=M96L2fPxJVY
"Recent arrests of immigrants in metro Phoenix are for illegal presence, not violent crime",https://www.youtube.com/watch?v=im2vuEl4hbA
Karoline Leavitt Calls Out WOKE Dems for Inciting Violence,https://www.youtube.com/watch?v=pcoDi1NTPpM
"‘Violent, unAmerican threats’. Trump Cabinet nominees were threatened #news",https://www.youtube.com/watch?v=Of2qx49e6_g
Weston Collegiate Institute lifts hold and secure after violent threats,https://www.youtube.com/watch?v=C_zpkoI5-AU
Colorado State DB Henry Blackburn Receiving Death Threats After Violent Hit Resulting in Injury,https://www.youtube.com/watch?v=k4hzitAb_Eo
Sofia Benleman Scandal: Trial for Violent Threats and Insults!,https://www.youtube.com/watch?v=1EMK-YJP7yg
"ABC World News On Warning About Violent Threats in The US Video. April 5, 2024.",https://www.youtube.com/watch?v=KRqQcgtHNIY
Poll worker arrested for violent threats,https://www.youtube.com/watch?v=L6u7gqD6mNQ
FBI Responds to Violent Threats Against Nominees #breakingnews #politicalupdates #subscribenow #new,https://www.youtube.com/watch?v=diBq3AO2n78
Trump&#39;s cabinet nominees targeted with &#39;violent&#39; threats! #trump #usa #donaldtrump #politics #news,https://www.youtube.com/watch?v=GxlWuLDEFPo
FBI says several of Donald Trump&#39;s Cabinet nominees targeted with &#39;violent&#39; threats | Today  News.,https://www.youtube.com/watch?v=7pktliTqP6I
Redditor just ruined his life..,https://www.youtube.com/watch?v=EG6z_4ZbhvM
Gun found at NW Classen HS leads to an arrest,https://www.youtube.com/watch?v=4nm5NNUgnIE
Trump Accused of Violent Threats Against Liz Cheney: Legal Trouble Ahead?,https://www.youtube.com/watch?v=h2EOzUpTKrM
Violent Threats Against Trump&#39;s Nominees,https://www.youtube.com/watch?v=2au_exc86nU
Roblox Dangers: Violent Threats &amp; Safety Concerns,https://www.youtube.com/watch?v=Zwl0Gr8xTQQ
Trump Nominees Targeted with Violent Threats – What’s Happening?  #trump #breakingnews #uspolitics,https://www.youtube.com/watch?v=1XabVJvtV8A
&#39;NO SAFE HAVEN&#39;: Tom Homan warns illegal migrant gang members have nowhere to run,https://www.youtube.com/watch?v=K8oysbPNQrw
Exposing Hate  Unveiling a Violent Extremist&#39;s Arsenal and Online Threats,https://www.youtube.com/watch?v=P9_GPGTFPM4
"House Democrats Express Concerns About Safety, &#39;Violent Threats&#39; To Democracy",https://www.youtube.com/watch?v=HMre1H-YUPY
📡 Mar 21 23 🌎 Violent threats surge as trump team readies for... #shorts #breaking,https://www.youtube.com/watch?v=kOwYJUfLqQ4
"Pakistan in Turmoil: Rising Violence, Economic Crisis and Political Unrest | Defence Dynamics",https://www.youtube.com/watch?v=VL2VGZVZ7Z4
Melbourne man accused of making violent threats against senator Lidia Thorpe,https://www.youtube.com/watch?v=P-N2jUqq298
The Violent Threats,https://www.youtube.com/watch?v=hg0CVcThHrI
"Murders and violent threats against politicians,&quot; - Keir Starmer | Island Today",https://www.youtube.com/watch?v=kXTD9zFRtoE
"Breaking News: Trump Nominees Face Violent Threats, Fox News Reports #breakingnews",https://www.youtube.com/watch?v=8x0bDDzc2vo
BREAKING: Trump nominees targeted with &#39;violent&#39; threats #shorts,https://www.youtube.com/watch?v=tFbCPSd0MZI
Florida man arrested!! VIOLENT threats against Trump,https://www.youtube.com/watch?v=sr35YI6koAY
The Violent Threats - Skatings not a Crime,https://www.youtube.com/watch?v=V35kc9e8pks
PRIDE FC: A Violent and Vital Chapter of MMA History,https://www.youtube.com/watch?v=ISqmtRmSJmg
Are Violent Threats Against Trump’s Cabinet Acts of Terrorism?,https://www.youtube.com/watch?v=OOiQ-09_fTE
Trump’s Cabinet Targets of Violent Threats: A Nation at Risk,https://www.youtube.com/watch?v=bDnrWpZHe6g
FEAR Stops Conversations: My Battle Against Violent Threats,https://www.youtube.com/watch?v=dVreRNo-F_I
Shocking Workplace Outburst Caught on Camera Violent Threats and Assault,https://www.youtube.com/watch?v=0Oal8dENgog
Swedish police say &#39;around 10&#39; people killed in school campus shooting | BBC News,https://www.youtube.com/watch?v=DWSBlNuMI64
ItzCinemas (Violent Threats) Part 1,https://www.youtube.com/watch?v=HrMqIHs6fVI
How Respect Turns Into Violent Threats (all jokes),https://www.youtube.com/watch?v=e5eqONJnwBU
The Violent Threats - Dig That Groove (Toy Dolls),https://www.youtube.com/watch?v=oMRDYhMSvXc
CM KPK Ali Amin Gandapur Threats of Becoming Violent! | #shorts #aliamingandapur,https://www.youtube.com/watch?v=3jAoeZdSI3E
ICE Cracks Down on Violent Threats: Shocking Arrests Revealed!,https://www.youtube.com/watch?v=_3xY_OW8IDk
Special Counsel (Jack Smith) Overseeing Trump Case Targeted with Violent Threats #Short #JackSmith,https://www.youtube.com/watch?v=FcoWN6FsdcI
Florida man arrested for &#39;violent&#39; threats against Trump,https://www.youtube.com/watch?v=d1gvJb6GyyM
New video: Cartels drop bombs from drones near southern border | The Hill,https://www.youtube.com/watch?v=Z4abjd_4iR8
✅  Police investigating violent threats against Toronto mosque,https://www.youtube.com/watch?v=JCVAtLJU1hg
ENHYPEN’s Sunoo Receives Violent Unalive Threats #enhypen #sunoo #kpop,https://www.youtube.com/watch?v=1eGGNRumTF4
US Intelligence warns of violent threats in American following Isis attack in Moscow,https://www.youtube.com/watch?v=NfpKRTt_90g
Andy Ngo live: Antifa make violent threats at Portland town hall event,https://www.youtube.com/watch?v=L5BYkHELXqs
ItzCinemas (Violent Threats) Part 2,https://www.youtube.com/watch?v=XTwkYYOrTLA
Georgia students arrested for violent threats,https://www.youtube.com/watch?v=qOTW7JDijhA
Scottish Health Secretary steps up security after violent threats,https://www.youtube.com/watch?v=5sOMXhoAvuo
Part3: Threats of Violent Extremism to MENA the Mediterranean Countries,https://www.youtube.com/watch?v=7LJm_lbzvQQ
Intel Community finds &#39;heightened threat&#39; of domestic violent extremism in 2021,https://www.youtube.com/watch?v=bn8voaeelXg
Video 7 11/7/2022 violent threats,https://www.youtube.com/watch?v=a3jyzUBSoHk
"Senior Tories attack ‘vain, bitter’ Brexiteers for fuelling violent threats on MPs",https://www.youtube.com/watch?v=WhLOxWq04e8
More evidence showing violent threats of the bullies (7 ft) towards the couple (5’ &amp; 6’),https://www.youtube.com/watch?v=0N_C6GMB6pU
Democrats face violent threats Bart Stupak,https://www.youtube.com/watch?v=BDuElUK1Ml4
Graham Linehan threatens to sue over violent threats Twitter suspension truth,https://www.youtube.com/watch?v=LkrZrQ1SVr0
"Man Allegedly Assaults, Spits on Cops During Arrest for Violent Threats Reaction",https://www.youtube.com/watch?v=UVomfNtzSy8
Transnational Repression in Canada: Digital Threats from the Indo-Pacific,https://www.youtube.com/watch?v=ZQsINSJcsIA
Tory mp anna soubry submits dossier of violent threats against her,https://www.youtube.com/watch?v=wKrw2VgicQc
Shocking Threats from Prominent Pastors &amp; Violent Rhetoric in the Name of Jesus #podcast #christian,https://www.youtube.com/watch?v=zcuPl0LKGJ4
Explosive School Riot:  NYPD Investigates Threats &amp; Violent Chaos,https://www.youtube.com/watch?v=nFuLIOdoLBo
Sad Illiterate Old Man Makes Violent Threats,https://www.youtube.com/watch?v=pjuqJLiP49Y
Man who made violent threats killed by cops after attempted FBI breach | WBAP Radio Dallas | 8/12/22,https://www.youtube.com/watch?v=HPlpwNHygfU
"Bodycam: Man Allegedly Assaults, Spits on Cops During Arrest for Violent Threats",https://www.youtube.com/watch?v=BNjXJ6K_IgE
😨 Terrifying Encounter: Mother Escapes Son’s Violent Threats! 🚨💔,https://www.youtube.com/watch?v=WmmMQZTwrxQ
FBI Thwarts Man&#39;s Violent Threats Against President Biden and Democrats with Fatal Confrontation,https://www.youtube.com/watch?v=asJ4KsT28iE
Florida man arrested for &#39;violent&#39; threats against Trump |,https://www.youtube.com/watch?v=U-YcwYzrD50
Religious Debate Turns Violent: Death Threats Issued,https://www.youtube.com/watch?v=7R1CYzbwwvA
Desarticulada una rama de la organización violenta juvenil los &#39;Blood&#39; en Madrid y Gipuzkoa,https://www.youtube.com/watch?v=HCn9-7F5XOo
&#39;Greatest Terror Threats To Our Country&#39;  Magaziner Decries Racially Motivated Violent Extremists,https://www.youtube.com/watch?v=vobmnZ7JKY0
Workplace Outburst: Violent Threats and Assault,https://www.youtube.com/watch?v=HB0lfBXfhwU
Disturbing Confrontation Escalates into Violent Threats #shorts #viralvideo #fyp #kai,https://www.youtube.com/watch?v=1iIb5BqFY9o
How The CIA Became The Greatest Threat To US Security | Ray McGovern,https://www.youtube.com/watch?v=QDclkUtMPb0
&#39;Such a crap&#39;: Trump’s Border Czar Tom Homan vows to crush catch-and-release for illegal immigrants,https://www.youtube.com/watch?v=m0mIr4sY6SY
Tennessee cut Jeremy Banks After Alleged Violent Threats Against Female Student,https://www.youtube.com/watch?v=E5h5Pcl45ac
Reddit is actually f*cked now..,https://www.youtube.com/watch?v=3EI27Zszocs
Defied Side Of Split With The Violent Threats,https://www.youtube.com/watch?v=z8cFS0wj2X4
Violent threats,https://www.youtube.com/watch?v=mdOzloBp9BI
"Connecticut police chief’s daughter accused of racist, violent threats",https://www.youtube.com/watch?v=R11KLiFO0Mk
Trump made violent threats against Liz Cheney now violent threats against anyone who opposes him.,https://www.youtube.com/watch?v=l8m2kj3AFUI
Florida man arrested for violent threats against Trump,https://www.youtube.com/watch?v=4WVr2Gwiw_s
LA County public health director reveals violent threats against her over coronavirus response,https://www.youtube.com/watch?v=eIp1nAn_19I
SOME PPL HAVE ISSUED VIOLENT THREATS,https://www.youtube.com/watch?v=4mUKzsd1Aes
"FBI arrests STEPHEN CEBULA, Carmichael, CA charged with making extortionate violent threats via Int",https://www.youtube.com/watch?v=oWSrzlK_kf0
⚠️⚠️⚠️ Viral tiktoks with violent threats to bring guns into school!,https://www.youtube.com/watch?v=R4DGMkj1C40
✅  NDP Leader Jagmeet Singh said violent messages and death threats that target members of Parliamen,https://www.youtube.com/watch?v=c6JkD_SE78g
EXPOSED: The Shocking Reality of Violent Threats in the Cutthroat MMA Business!    #shorts,https://www.youtube.com/watch?v=Tq1yAyiubwg
Man makes violent threats against the president 😳,https://www.youtube.com/watch?v=1ng_pYzWrOU
Klaus making VIOLENT threats for 6 minutes straight,https://www.youtube.com/watch?v=-ZxvaAL2cr0
"First violent threats against Liz Cheney now, violent threats against all Democrats",https://www.youtube.com/watch?v=-EtjTgRUqDQ
"Fani Willis Wore Bulletproof Vest And Used Body Double Amid Violent Threats, Reportedly",https://www.youtube.com/watch?v=xz-CE1vHZUQ
Tophiachu breaking instagram TOS by making violent terroristic threats,https://www.youtube.com/watch?v=1LTzpbrTMJU
There are consequences for your actions. harass me with violent threats of bodily harm I will react.,https://www.youtube.com/watch?v=CVAbYk92dpU
"WATCH  Garland hails violent crime decline, but warns about growing threats to public officials",https://www.youtube.com/watch?v=AEJd-vbyWfQ
What can Americans do in the face of violent threats,https://www.youtube.com/watch?v=pbMBVAUATGw
Connecticut police chief’s daughter accused of racist violent threats,https://www.youtube.com/watch?v=kPd1gsMVGVY
Hate speech. Violent threats. Conspiracy theories. Is tech doing enough after Capitol attack? D...,https://www.youtube.com/watch?v=jzfP4WAHwiA
Klaus making violent threats for 58 seconds straight,https://www.youtube.com/watch?v=GcyjrQeAaIo
"Mavericks GM Nico Harrison PLAYS THE VICTIM! Claims DEATH THREATS, RACISM after Luka Doncic Trade!",https://www.youtube.com/watch?v=QtAqsKc1Arg
"#Violent #Threats #Surge #in #Springfield, #Ohio, #After #Trump, #Vance #False #Claims",https://www.youtube.com/watch?v=9buJHFhdcEQ
Inauguration Threats From Right Wing Shows more violent than blm,https://www.youtube.com/watch?v=uJQfhc86Qx0
Violent threats not acceptable in democracy: venkaiah naidu,https://www.youtube.com/watch?v=atQuTKgBmss
Election Officials Continue to Face Violent Threats,https://www.youtube.com/watch?v=EKBVTslNcAI
Violent Misogynist Makes Death Threats at Women Let Women Speak Demo. Spineless antifa. #transwoman,https://www.youtube.com/watch?v=hgD_ahKM1ME
Colorado Supreme Court justices getting violent threats after their ruling against Trump,https://www.youtube.com/watch?v=7sSJ3EzD3c8
Trump Cabinet Nominees Targeted with Violent Threats,https://www.youtube.com/watch?v=ga7txKHlL_M
Padmavati row: venkaiah naidu says violent threats not acceptable in democracy,https://www.youtube.com/watch?v=rtdlVhDual8
Trudeau has hot mic moment about Trump’s Canada remarks,https://www.youtube.com/watch?v=m-MdT6Dl1Ek
r/WomenInNews | MAGA’s Violent Threats Spike as Little Girls Threatened With Rape | The New Republic,https://www.youtube.com/watch?v=8yQS2fSjUGE
mOrBiD x Makes Violent Threats,https://www.youtube.com/watch?v=NpSho7cGNtQ
ALLIED UNIVERSAL SECURITY GUARD - HATE SPEECH - VIOLENT THREATS AND HOMOPHOBIC SLURS.,https://www.youtube.com/watch?v=ODbPZp3gr-o
Constant violent threats from my roommate @OttawaRooms,https://www.youtube.com/watch?v=vqZRWKj2Ces
"ENHYPEN’s Sunoo Receives Violent Death Threats, Fans Ask BELIFT LAB To Take Action",https://www.youtube.com/watch?v=spaQQ7zrCN8
Tory mp anna soubry submits dossier of violent threats against her,https://www.youtube.com/watch?v=dvQi_Cv5xgk
Enhypen’s sunoo receives violent death threats #kpop #viral #fypシ #fyp #kpopnews,https://www.youtube.com/watch?v=Q0sbLQUXbKc
"Donald Trump’s incoming cabinet members, targeted with ‘violent’ bomb threats",https://www.youtube.com/watch?v=qf6kriK8E84
Trump makes violent threats against Michelle Obama! NO,https://www.youtube.com/watch?v=KdcMLTM9BSI
"Steven and Zhusanna Anderson Exposed For Child Abuse, Violent Threats, and Online Hypocrisy",https://www.youtube.com/watch?v=hRnmg2ZoEvM
ROCK Music produces VIOLENT Threats!  @ Boise Music Festival,https://www.youtube.com/watch?v=azZvw1q7ynA
ICE Agents Face Violent Threats #shorts,https://www.youtube.com/watch?v=wlLHdIehfEA
CRAZY Man Assaults and Spits on Cops During Arrest for Violent Threats 1080p 1,https://www.youtube.com/watch?v=8XV_rGsrGP0
Beware: Criminal Activities Unveiled with Violent Threats and Chilling Vengeance,https://www.youtube.com/watch?v=rGN-7tLOchM
"The police don&#39;t care about online even violent threats, so I won&#39;t be punished.",https://www.youtube.com/watch?v=NuNr8eT-O2g
Violent threats from mysterious forces 2024 |  #LMN New Lifetime Movies 2024 | Based_On_True_Story,https://www.youtube.com/watch?v=Idz1XJmmDFE
"Right Wing Violent Threats, Synthetic Marijuana, Zombies, and More! - Episode 3 Complete",https://www.youtube.com/watch?v=nqlgKWEoTN4
Fox &amp; Friends : So Called Celebrities Gone Wild Violent Threats Against Our President,https://www.youtube.com/watch?v=r-7TzKlb27o
Trump’s deportation push isn&#39;t catching more criminals: Fmr. ICE official | NewsNation Prime,https://www.youtube.com/watch?v=VFrMu6Z8W0Q
Apprehension of Violent MS-13 Gang Member with Interpol Warrant #MS13 #ViolentGang #illegalimmigrant,https://www.youtube.com/watch?v=s7slnVnz9hg
Best Violent Threats That Will Make You Squirm by Niklaus Mikaelson #shorts,https://www.youtube.com/watch?v=zbx3XOwqTzk
"Lara Trump On Violent Threats From Radical Left In Tulsa, Come Peacfully Or Stay Home!",https://www.youtube.com/watch?v=cCjPto9-I8M
Jeane Freeman steps up security after violent threats against her,https://www.youtube.com/watch?v=b6q5hOHk5TU
UNMASKED: Andy Ngo On ANTIFA&#39;s Violent Riots; Escalating Death Threats,https://www.youtube.com/watch?v=LGkiTeZSGn8
ARRESTED: Radical Mufti&#39;s Violent Threats Shake Assam! [EXCLUSIVE],https://www.youtube.com/watch?v=Oxf4r5yJC1Q
Trump&#39;s &#39;border czar&#39; Tom Homan threatens military action against Mexican cartels,https://www.youtube.com/watch?v=e6LXXLBA2fU
Violent threats made against Irish Travellers in Castleisland 1968,https://www.youtube.com/watch?v=wniJJ7gAd6E
Twitch BANNED Destiny&#39;s Son for SERIOUS VIOLENT THREATS,https://www.youtube.com/watch?v=pinVlikl6UY
Terrifying ordeals in the Capitol: Experiencing violent threats firsthand,https://www.youtube.com/watch?v=C0VFC0paOvI
Fear of Death: Alex O’Connor’s Quiet Confession,https://www.youtube.com/watch?v=0BwFBoajs9g
New Dr. Dre Sued By Marriage Counselor For Harassment And Violent Threats,https://www.youtube.com/watch?v=e2jZFYWUCtQ
"Amid padmavati row, venkaiah naidu says violent threats &quot;not acceptable&quot;",https://www.youtube.com/watch?v=oZmU3yMTwVY
violent threats to my skull,https://www.youtube.com/watch?v=inZ6KRgxx7g
"Mexican cartels’ tactics will get ‘more dangerous,’ border expert warns",https://www.youtube.com/watch?v=LQXu3tpttHE
"Bodycam Footage: Man Kicks, Spits on Police During Arrest for Violent Threats",https://www.youtube.com/watch?v=wzcBVJoDs9I
7.6 Magnitude Earthquake Detected In Caribbean,https://www.youtube.com/watch?v=u7-zO3eO_So
VIOLENT THREATS CAUGHT ON CAMERA!!!,https://www.youtube.com/watch?v=GLjxd_xOXd8
Gun battles shake border city plagued by &#39;violent&#39; drug cartels,https://www.youtube.com/watch?v=fRhNo3Sz7sk
The 22YO Who Was Tortured To Death For 6 Hours With Police Refusing To Help,https://www.youtube.com/watch?v=V1OyMNLRZCM
U.S. vs China: The AI battle || Acharya Prashant,https://www.youtube.com/watch?v=UynBzINB9_s
Fire And Jail This Animal Control Officer For Her Violent Threats Against A Suspect 360P,https://www.youtube.com/watch?v=cvyH5zqZdYg
Mo3 Investor Sends Violent Threats and Threatens To Call Police On Gangland Members,https://www.youtube.com/watch?v=MfThSYrAQrA
Zuma Party&#39;s violent threats! #zuma #southafrica,https://www.youtube.com/watch?v=DeGz_Vxaync
Gamergate 2 VIOLENT THREATS against Smash JT! JayViper Reacts!,https://www.youtube.com/watch?v=PtJI2IGajSA
Latest headlines | Trump administration pressures ICE to increase migrant arrests,https://www.youtube.com/watch?v=MD_bWNFRfI4
THIS IS WILD! 50 CENT TAKES DOWN ALL BMF BIG MEECH SNITCH POST: DEATH THREATS MADE?,https://www.youtube.com/watch?v=eCzU1RYUjMQ
Klaus Mikaelson Making violent threats,https://www.youtube.com/watch?v=DomYYGGoQMs
Democrat files impeachment articles against Trump over Gaza plan,https://www.youtube.com/watch?v=wZ33jBy9QDs
&quot;I WILL K*LL YOU&quot; -Kamala Harris voter makes violent threats over Project 2025 memes,https://www.youtube.com/watch?v=jBd4A0XR8gk
Bodycam  Man Assaults &amp; Spits on Cops During Arrest for Violent Threats,https://www.youtube.com/watch?v=-thw5hdbmj8
Khaotic Turns to Police for Protection After Lil Scrappy’s Violent Threats!,https://www.youtube.com/watch?v=KoO0Yl9hkjU
FULL SHOW: Trump WANTS GAZA; POTUS Issues Iran A STARK Warning,https://www.youtube.com/watch?v=cDUR_40mACE
"ENHYPEN’s Sunoo Receives Violent Death Threats, Fans Ask BELIFT LAB To Take Action",https://www.youtube.com/watch?v=-RtCpWpaVX0
"Pam Bondi takes charge of Justice Department, issues sweeping directives",https://www.youtube.com/watch?v=Vojs8g7hrTo
Elon Musk Tweets Violent Threat Against Kamala Harris,https://www.youtube.com/watch?v=XUa9pcLkr8g
Suspect in violent Santee salon outburst faces felony charges,https://www.youtube.com/watch?v=yi00LhrwHfk
9 Disturbing New P. Diddy Claims in Male Exotic Dancer’s Lawsuit,https://www.youtube.com/watch?v=zQEjPCRT9Uo
Trump pardons ex-Illinois Gov. Rod Blagojevich | LiveNOW from FOX,https://www.youtube.com/watch?v=q64o5-5KKbI
BREAKING NEWS: Border Czar Tom Homan Issues Message To Sanctuary City Chicago At Press Gaggle,https://www.youtube.com/watch?v=vc5yB-Vf0ls
Leftist Pundit DENIES Violent Threats On College Campuses 😂,https://www.youtube.com/watch?v=9J6Gl68GNcM
"LIVE: Trump&#39;s Border Czar Tom Homan Issues Chilling Message After Colorado Raid Falls Flat | ICE, US",https://www.youtube.com/watch?v=V9xV7c_0vOM
A deluge of violent messages: How a surge in threats to public officials could disrupt usa democracy,https://www.youtube.com/watch?v=esf-8GfFhf8
Asmongold defends destiny from violent threats ON TWITCH,https://www.youtube.com/watch?v=Mq8mym4E-xU
Threats and Violent Imagery.mp4,https://www.youtube.com/watch?v=KnH80bGyGfA
50 Cent Faces Backlash as UFC World Condemns His Violent Threats Against Conor McGregor,https://www.youtube.com/watch?v=jbtMFQjkpGM
Padmavati controversy: alia bhatt blames ‘violent threats’ for nahargarh death,https://www.youtube.com/watch?v=vtB3eYRfyus
Endless violent threats @ottawarooms7095,https://www.youtube.com/watch?v=zdLGUiNwbWM
Weird anti-vaxxer makes violent threats.,https://www.youtube.com/watch?v=PwPxvPsirFQ
Wayne makes more violent threats,https://www.youtube.com/watch?v=HON-BnKJZ5Q
"Trump Border Czar WARNS Cartels, Illegal Immigrants, &amp; Anti-ICE Politicians",https://www.youtube.com/watch?v=OWm_xMEB_uw
Defending ICE Against Violent Gang Threats #trump2024 #usa #fyp #viral #donaldtrump #MAGA,https://www.youtube.com/watch?v=FD8Z0YCasEo
&#39;Disturbingly violent&#39; Meghan and Harry Jubilee threats laid bare as Sussexes targeted,https://www.youtube.com/watch?v=vBSOTT6rD7E
Tory activist in damian green case had &#39;violent threats&#39; after mail article,https://www.youtube.com/watch?v=anMHkJEJH84
Police Announce Kamala Supporter Arrested for Making Violent Threats Against Trump #trump #kamala,https://www.youtube.com/watch?v=NGmohyfz09k
Julie&#39;s husband is a racist and making violent threats against me.,https://www.youtube.com/watch?v=ZW78pSlg-fA
This Fake Account Won’t Stop Making Violent Threats #subscribe #carlsbad And Lies either,https://www.youtube.com/watch?v=xM3mG9wfeps
Violent threats towards an autistic child #autism #autismawareness #stopbullying,https://www.youtube.com/watch?v=35TxHirfhp0
"The Violent EF-2 Tornado In Deer Lodge, Tennessee, As It Occurred Live - 2/6/25",https://www.youtube.com/watch?v=o36PCr-gSmg
Pt 4 Of The Bedlam Boys Making Violent Threats,https://www.youtube.com/watch?v=Cma_WlYTl8Y
Top 10 Vegan Gains death threats &amp; violent outbursts,https://www.youtube.com/watch?v=OR9jIVKSJ4k
Violent Media in Childhood = Antisocial Behavior in Teens! #ParentingTips #ChildDevelopment #media,https://www.youtube.com/watch?v=1jlQHMdY2ck
Breaking News Trump Receives Violent &quot;THREATS&quot; Man Arrested| Dj Akademiks On The Run!!!😂,https://www.youtube.com/watch?v=zYqNdVOGGvc
El Salvador offers to jail illegal convicted criminals deported from the United States,https://www.youtube.com/watch?v=YaeqBnc5HwI
BREAKING NEWS!!!  After 6 years Umar Johnson gets new doors put on the Bandos! (CCC is Undefeated!),https://www.youtube.com/watch?v=nOyxN1zMEvc
Trump SUPPORTER RAIDED By FBI After Making VIOLENT Threats to Biden,https://www.youtube.com/watch?v=DsTAiaab5aE
Adrien Broner Issues Violent Threats Against Blair Cobbs: &#39;I Will K!ll You!&#39;!,https://www.youtube.com/watch?v=Qqk8vcfXmks
Tik-Tok challenges poses violent threats to our nation,https://www.youtube.com/watch?v=mxXMflC3zPI
Stamford The Lion Makes Violent Threats Against Veli&#39;s Partner 14.11.2024,https://www.youtube.com/watch?v=m0Oh3KlEdoo
"North Carolina Gang Indictments: Bloods, MS-13, Hells Angels, STK &amp; More",https://www.youtube.com/watch?v=qKP9FJFJnSg
Black History Moments | LOAWAAP | Episode 11,https://www.youtube.com/watch?v=cGK9ZcYay20
"Bodycam Man Allegedly Assaults, Spits on Cops During Arrest for Violent Threats #fypシ #trending",https://www.youtube.com/watch?v=vEhhN-D5CvM
&quot;Mithun Chakraborty Sparks Outrage with Violent Threats Against Muslims&quot;,https://www.youtube.com/watch?v=gWZBfqs2unU
Teacher cries during interview after resigning over her violent threats toward Trump voters,https://www.youtube.com/watch?v=5J0FByePxtM
American Mafia (Cosa Nostra) Volume 1 - Documentary,https://www.youtube.com/watch?v=C8Q1utEa1iY
Dave Calabro Violent Threats and Lies #davecalabro #jacksonville #florida #staugustine,https://www.youtube.com/watch?v=9wEjrDf07Xk
Pam Bondi on National Security Threats! #shorts #news #pambondi,https://www.youtube.com/watch?v=CtwziKi1Y2A
PRICE JOHNSON KilleR Still Free | Skippa Turn Himself in | Roshni Bonfield Murderer search for her,https://www.youtube.com/watch?v=j3dRiznj2FI
"Bodycam_ Man Allegedly Assaults, Spits on Cops During Arrest for Violent Threats",https://www.youtube.com/watch?v=yfeRmsA-gS4
Al-Aqsa Mosque: Tensions Rising Amidst Extremist Threats #israel #hamas #gaza #trump #news #alaqsa,https://www.youtube.com/watch?v=BjKOVHA9T5Y
Catch Scum In Bed! Girl Gave Him Serious Beating&amp;Dumped Him! Unexpected CEO Saw It&amp; Interested Her!,https://www.youtube.com/watch?v=funN8hIXngk
"Sasaeng Missed! Jungkook Receives Terrifying Threat, Security Increased!",https://www.youtube.com/watch?v=HQ3u4PLXj-U
[NEW] Killer In My Village UK 2025💥Full Episodes💥Series 9 Episode 3💥UK Murder Documentary,https://www.youtube.com/watch?v=LIceAbVVoIE
mod 14h8 making violent threats #lolcow #johnyates327tv #90dayfiance #johnyates #mod148,https://www.youtube.com/watch?v=ZpOSReD4Io8
Violent threats and I&#39;m in danger.  #targetedindiviual #sexualviolence #animalabuse #gangstalking,https://www.youtube.com/watch?v=4oVsaHuh6Ig
Apparently Transwomen Do Pose a Threat to Women | Evidence of violent threats by Trans Activists,https://www.youtube.com/watch?v=JMBXIHbJsEY
Punch slip amaizing technique 😱😱 #selfdenfense #streetfighter #mmafighting,https://www.youtube.com/watch?v=bBLz-vFhc6o
National Dating Violence Awareness &amp; Prevention Month in Action | Women’s self defense | Krav Maga,https://www.youtube.com/watch?v=I0T8BwEZqUs
Cassandra Fairbanks tells Gavin McInnes about violent threats against her,https://www.youtube.com/watch?v=WgWzx4NWTHM
"BREAKING: Shocking details on Khabib’s bodyguard’s murder! Strickland insults Khabib, fans furious",https://www.youtube.com/watch?v=tSqhZAXxv5E
Top 7 Safest Countries in Europe!,https://www.youtube.com/watch?v=c2QCH5G0Phw
Richard Lee Tabler Faces EXECUTION on February 13th,https://www.youtube.com/watch?v=V9QLYcfRzNQ
Manosphere domestic terrorist on @therogerreportlive  panel issuing violent threats towards BW,https://www.youtube.com/watch?v=F6YwRiDwqzw
Muay thai elbow #muaythai #muaythaiboxing #mmatraining,https://www.youtube.com/watch?v=Bhs1iVT5TuI
Florida man arrested for allegedly making a violent ￼THREATS towards Donald Trump‼️😶#Info#shorts￼￼,https://www.youtube.com/watch?v=4rDBwo-hxkw
Cartel War EXPLODES! Deadly New Border Threats Unleashed!,https://www.youtube.com/watch?v=C8Axo6Dg7tw
"REUPLOAD Insane delusional stalker makes violent threats (and loses $160,000+ lawsuit) 💩",https://www.youtube.com/watch?v=lwxAezOBGCU
Donald TrumpFlorida Man&#39;s &#39;Violent Threats&#39; to President on FB Result in Arrest,https://www.youtube.com/watch?v=PjNlYLzVnF8
violent threats very serious by stalkers,https://www.youtube.com/watch?v=CQbB4smvHgE
Johnny Sinz Making Violent Threats again,https://www.youtube.com/watch?v=LvX1gLtlCm0
Even Democrats Admit Their Leaders Are Completely Incompetent,https://www.youtube.com/watch?v=LCU3VbNWVLY
Jasmine Crockett ARRESTED After SENDING THREATS To Trump &amp; His Family,https://www.youtube.com/watch?v=NEN9qln1xmM
Pakistan Briefing Urges Global Action Against TTP/Majeed Brigade Terrorism Threats from Afghanistan,https://www.youtube.com/watch?v=BeExrwHbfHE
Border Violence Will Escalate - w/Lt Col Daniel Davis,https://www.youtube.com/watch?v=k_o78iRBMUc
VIOLENT Escalation at Poland&#39;s Border: What&#39;s Really Happening?,https://www.youtube.com/watch?v=CnTLs3QTKbU
Violent animal - সমুদ্রের হিংস প্রাণী 😁 #short #shorts #youtubeshorts #rubeltips,https://www.youtube.com/watch?v=q6IRm8vybi4
Border Violence Will Escalate - w/Lt Col Daniel Davis,https://www.youtube.com/watch?v=eXqGqdeVOmU
Ye&#39;s Dark Gooner Misogyny: The Gooner to Alt-Right Pipeline,https://www.youtube.com/watch?v=pKytAggTQ9w
Homeless Man Faces Karma After Facebook Posts and 911 Call,https://www.youtube.com/watch?v=XGxFOYCqYfI
Violent Woman Finally Gets What She Deserves  While Fighting GOOD Cops | Karens Getting Arrested,https://www.youtube.com/watch?v=demqJa4gL60
U.S. Military CLEARED HOT to SMOKE Cartel Fighters at the border,https://www.youtube.com/watch?v=LGKH460qO8U
Islamophobia: Hate Crimes And Violent Threats What Are The Causes And Solutions? | Raah-e-Nijat,https://www.youtube.com/watch?v=ic0ysvvCc6I
Asylum Seeker Unable To Contain Himself Around Jewish Man | No Police Presense,https://www.youtube.com/watch?v=AzlZGlMSFA0
Standing up to Kanye West,https://www.youtube.com/watch?v=NygxrDse2Ps
Top 10 Most Dangerous Countries in the World #shorts #trending #viral,https://www.youtube.com/watch?v=5i1UAdWllow
Bandidos vs Comancheros | Australia&#39;s WORST GANG Violence,https://www.youtube.com/watch?v=zaKwxBpV_ao
🚨Jasmine Crockett ARRESTED &amp; INVESIGATED After SENDING THREATS To Trump &amp; His Family,https://www.youtube.com/watch?v=m6qX2ByzepY
Keir Starmer FURIOUS After Katie Hopkins Abolished Him On Live TV!,https://www.youtube.com/watch?v=sh_HwFmTIAU
Bloodhound T Slick Brutally Beaten Up in Jail By Risky Road,https://www.youtube.com/watch?v=EA4cpNFW-hw
Andrew Tate’s Bold Manifesto: Radical Policies or Revolutionary Vision? #AndrewTate #UK #Bitcoin,https://www.youtube.com/watch?v=gdw1n4_Jc4Y
Trump administration trying to erase LGBTQIAP+,https://www.youtube.com/watch?v=z3B_mTznjbI
FBI Sues Trump! Bibi Visits White House; Dems Scramble to Save USAID,https://www.youtube.com/watch?v=bNytjj7DMfk
"MONDAY&#39;S SALTY RANT, TALKING ABOUT MY INTERACTIONS WITH FLYING 🐵 MONKEY.",https://www.youtube.com/watch?v=MpOPhakqE6c
Andrew Tate’s Bold Manifesto: Radical Policies or Revolutionary Vision? #AndrewTate #UK #Bitcoin,https://www.youtube.com/watch?v=TqFMPOC_iqA
FELI FANAI ICU AH | SANGSANGI TIH HMING CHHIAT NAN😲 Ai AN HMANG CHHUAK🔥 [REACTION],https://www.youtube.com/watch?v=MsG0mKIIVCg
HEATED EXCHANGE: Tom Homan TORCHES Media Caught Aiding Illegals!,https://www.youtube.com/watch?v=0zi7xBp4ahE
Chhattisgarh: 12 Maoists Killed By Security Forces...,https://www.youtube.com/watch?v=7GZjRnj-1_w
Violent animal - জঙ্গলের ভয়ংকর প্রাণী 😁 #short #shorts #youtubeshorts #rubeltips,https://www.youtube.com/watch?v=4Vm4Vxj_RWA
SCAR IN THE WOODS EXPOSED: FAKE THREATS &amp; SPAM CALLS BY HIS TWIN,https://www.youtube.com/watch?v=mnS1uSGpLdE
"‘Women flown in for sex’ at Diddy’s Bad Boy Records - Diddy on Trial podcast, BBC World Service",https://www.youtube.com/watch?v=QhuwrcuvA98
UK Health Minister Andrew Gwynne Sacked Over Offensive WhatsApp Remarks | World News | WION,https://www.youtube.com/watch?v=HPUYHluSvc0
Use This Line To Make A Rude Person Regret Insulting You,https://www.youtube.com/watch?v=TGHaNo_81lk
Trump&#39;s comments about Harris &quot;repulsive&quot; and &quot; insulting&quot;,https://www.youtube.com/watch?v=PGMxjk_lyv0
White House disavows insulting remarks about Israeli PM,https://www.youtube.com/watch?v=87rQDvfWhJ0
UNLV professor makes insulting remarks about President Trump,https://www.youtube.com/watch?v=fgg0Z0-0ark
China spox doubles down after receiving flak on ‘insulting’ remarks vs Marcos | INQToday,https://www.youtube.com/watch?v=mN0W41bDR-o
‘Raw and insulting’: Puerto Rican journalist on racist comments about Puerto Rico at Trump rally,https://www.youtube.com/watch?v=vmHhJwjYsZM
&#39;Ang &#39;tapang&#39; naman ni koya&#39;: Cendaña clowns Dela Rosa in retort to insult over his looks,https://www.youtube.com/watch?v=yYkQG6GW80w
Comedian slapped with 3 charges of posting insulting remarks on social media platforms,https://www.youtube.com/watch?v=u0bURFENCxY
Prominent veterans demand apology from Trump after allegations of insulting remarks,https://www.youtube.com/watch?v=ktDI-nhuX9w
Defense Chief condemns &#39;insulting&#39; remarks from China,https://www.youtube.com/watch?v=MuEPpWBw8z4
RI lawmaker punished for ‘insulting’ remarks during hearing,https://www.youtube.com/watch?v=gwy9btVIFAY
"Univision Drops Trump, Miss Universe Over &quot;Insulting Remarks&quot;",https://www.youtube.com/watch?v=iL5oE7IxS4c
Republic confronts Youth Congress President Srinivas BV over insulting remarks against Smriti Irani,https://www.youtube.com/watch?v=gqwNf_dkNeo
How To Respond To Rude &amp; Insulting People? Funny &amp; Direct English Phrases In Reply To Rude Comments,https://www.youtube.com/watch?v=Qqw0mn4Y4oI
Donald Trump&#39;s &#39;Pocahontas&#39; Remark Insulting To People Of Color | The 11th Hour | MSNBC,https://www.youtube.com/watch?v=DqYusTd3i1A
"Kharge Rajya Sabha | Mallikarjun Kharge Yells At Neeraj Shekhar, Insults Ex PM Chandra Shekhar",https://www.youtube.com/watch?v=P3i_MXj7BJQ
Harris campaign responds to insulting comments at Trump&#39;s Madison Square Garden rally,https://www.youtube.com/watch?v=NMZaLfchjdM
India faces diplomatic fallout over remarks insulting Prophet Muhammad,https://www.youtube.com/watch?v=WWWm1T8NvjM
PM Modi tears into Rahul Gandhi for insulting remarks over Nirmala Sitharaman’s speech,https://www.youtube.com/watch?v=bSTcw28HJ5Y
Rachel Zegler has apologized for insulting Americans who voted for Donald Trump,https://www.youtube.com/watch?v=slY9eT-FNl8
Tony Hinchcliffe makes insulting Puerto Rico remark at Trump&#39;s Madison Square Garden rally,https://www.youtube.com/watch?v=N1JjN5n1y-o
Retired general calls Trump&#39;s Thanksgiving remarks insulting,https://www.youtube.com/watch?v=0UTjWcKTZg0
&quot;Adhir Remarks Insulting&quot; BJP Seeks Action Against Adhir Ranjan For Comments Against FM,https://www.youtube.com/watch?v=3bERLqiGHts
MPs Protest Against Amit Shah’s ‘Insulting’ Remarks on Ambedkar | Parliament Winter Session,https://www.youtube.com/watch?v=x2_xuh6CW9A
"Rahul Gandhi&#39;s comments are baseless, insulting to women: Hardeep Singh Puri",https://www.youtube.com/watch?v=JOhfxktPaxk
How To Make Them Regret Insulting You (Put The Narcissist In Their Place),https://www.youtube.com/watch?v=9GM30Qvullw
Insulting Remarks to SCs/STs within Four Walls not Offence | Supreme Court,https://www.youtube.com/watch?v=NiZ6sWwN89c
"&#39;Sit down, you daughter of a murderer&#39; – NPP MP makes disturbing comment against Zanetor",https://www.youtube.com/watch?v=Plhelq4TKQs
&#39;Insulting&#39;: Dem Lawmaker Hits Back At Remarks From Dan Crenshaw On Islamaphobia,https://www.youtube.com/watch?v=yAaC1sUc1Y0
VIDEO NOW: RI lawmaker punished for ‘insulting’ remarks during hearing,https://www.youtube.com/watch?v=Uxlu0tnUmOQ
Hillary Clinton &#39;regrets insulting Trump suppoerts&#39;,https://www.youtube.com/watch?v=OYhPqJLKie8
"10 minutes of Donald Trump demeaning, objectifying, and insulting women | The Briefing",https://www.youtube.com/watch?v=bq2zibeZ-xw
Elvish Yadav Faces Backlash for His Racist Comments Against Chum Darang,https://www.youtube.com/watch?v=3WCxPXrrSsw
Attorney shreds Obama for ‘insulting’ comment about Black voters,https://www.youtube.com/watch?v=ciOa1pQa8kg
DAP MP lodges police report against Sanusi over insulting remarks,https://www.youtube.com/watch?v=Jf0-4T-JPfo
Federal minister accused of making insulting comments,https://www.youtube.com/watch?v=QMk7US9FMW0
Cong Leader Rahul Gandhi&#39;s &#39;Insulting&#39; Remarks On India In U.S Draws BJP&#39;s Ire | English News,https://www.youtube.com/watch?v=D__cuYcDVkY
Trump: Macron&#39;s NATO comments were insulting,https://www.youtube.com/watch?v=Mreyb2oCtEo
Tim Walz fires back at Trump for insulting Detroit,https://www.youtube.com/watch?v=Sdt1CLCXTIk
Press Sec. Karine Jean-Pierre responds to Trump&#39;s &#39;insulting&#39; comments about Kamala Harris&#39;s race,https://www.youtube.com/watch?v=kNEBTya-YRk
China reacts over BJP leader&#39;s insulting remarks | Geo News,https://www.youtube.com/watch?v=Wia9V3VkLS8
SC Issues Notice To DMK&#39;s Udhayanidhi Stalin Over His Insulting Remarks On Sanatan Religion,https://www.youtube.com/watch?v=7RJDHRRqV-U
How To Make A Disrespectful Person Look Insecure For Insulting You,https://www.youtube.com/watch?v=LyBIT0Q7fOc
Rahul Gandhi Seeks Apology From RSS For Insulting Remarks On Indian Army | V6 News,https://www.youtube.com/watch?v=0tWp3oxjLJc
Ann Widdecombe&#39;s Insulting Remarks Towards Scotland!,https://www.youtube.com/watch?v=byku6iBPvbY
The Most Insulting F1 Podium Ever?  #f1 #formula1,https://www.youtube.com/watch?v=PYJs8xfxm1A
Insulting Remarks By Bureaucrats Toward People&#39;s Representatives Is Unfortunate: Sarat Pattanayak,https://www.youtube.com/watch?v=AdUNwEHAprg
Muslim nations slam India over insulting remarks about Prophet Muhammad,https://www.youtube.com/watch?v=NdHOktgZdKY
Trump&#39;s comments about Harris &quot;repulsive&quot; and &quot;insulting&quot;,https://www.youtube.com/watch?v=OX6PsJLgxDI
Calls on Warren Mundine to stop insulting comments,https://www.youtube.com/watch?v=oAkqgjtt9z0
Bobby Jindal Condemns &#39;Insulting&#39; Romney Remarks,https://www.youtube.com/watch?v=lgBbT8EFmHU
White House calls Trump&#39;s comments on American Jews ‘anti semitic’ and ‘insulting’,https://www.youtube.com/watch?v=tZRV7woWMZM
&#39;Insulting&#39;: Biden&#39;s &#39;fascist&#39; comments are &#39;hateful&#39; and &#39;stupid&#39;,https://www.youtube.com/watch?v=6ZivujHk65Y
3️⃣ Destroy comebacks to make anyone instantly regret insulting you ￼,https://www.youtube.com/watch?v=4T52R8S0ld4
James Corden Claps Back At Bill Maher’s &#39;Insulting&#39; Fat-Shaming Comments | TIME,https://www.youtube.com/watch?v=bMxZi23WR9s
Dr. Larry Arnn insulting comments; Tennessee teachers react to Hillsdale President comments,https://www.youtube.com/watch?v=u354aDWBcAs
Udhayanidhi Stalin’s “Sanatana Dharma” Row | Amit Shah Blasts CM’s Son Over Insulting Remark,https://www.youtube.com/watch?v=e7c1FYnOWic
Activist pleads not guilty to insulting ex-PM on social media,https://www.youtube.com/watch?v=suOJXgqJOLw
Sonia&#39;s &#39;Insult&#39; To Prez Murmu Didn&#39;t Go Unnoticed! PM Modi Rains Fire On Gandhi Over &#39;Awful&#39; Remark,https://www.youtube.com/watch?v=YtfpSyUWT1g
Mayor de Blasio defends NYC health care workers after Trump&#39;s &#39;insulting&#39; comments,https://www.youtube.com/watch?v=CrBT45xtI68
Maldives Suspends 3 Ministers Over &quot;Insulting&quot; Remarks Against India,https://www.youtube.com/watch?v=aHoPEksy_YM
Muslim Leaders Say Mutula&#39;s Remarks Insulting,https://www.youtube.com/watch?v=k1heFBum83A
Rahul Gandhi Seeks Apology From RSS for ‘Insulting’ Remarks on Indian Army,https://www.youtube.com/watch?v=-cR2lGmnrlk
Trump rips Biden&#39;s &#39;insulting&#39; comments to the black community,https://www.youtube.com/watch?v=leQXl4Njt9g
Rahul Seeks Apology from RSS | for &#39;Insulting&#39; Remarks | on Indian Army,https://www.youtube.com/watch?v=bmmOVrJEn0Q
A solid answer for Vir Das&#39; insulting remarks on India on foreign ground | ICH,https://www.youtube.com/watch?v=O0ewN7775h0
Rahul Gandhi Seeks Apology | from RSS for ‘Insulting’ Remarks | on Indian Army,https://www.youtube.com/watch?v=nmeaEI4Z7js
🇬🇭 Zanetor Rawlings’ Remarks in Parliament—Why Are the MPs Excited? 😅,https://www.youtube.com/watch?v=0lAeyBDR78g
‘Insulting’: Chris Bowen’s public comments about Liberal Senator,https://www.youtube.com/watch?v=2PIJr70Wm-E
PM Modi Takes On Sonia And Rahul Gandhi For Insulting President Draupadi Murmu,https://www.youtube.com/watch?v=ZzC3gLBnBVs
Gruber: Healthcare Comments &quot;Insulting&quot;,https://www.youtube.com/watch?v=mdlHyYtCODQ
Brian Williams Addresses the Insulting Errors of the Biden Administration,https://www.youtube.com/watch?v=32XfCm5fRfw
People of Odisha strongly condemn insulting remarks by TMC minister on Prez Murmu || KalingaTV,https://www.youtube.com/watch?v=6_hbOJK7wbE
How To Make A Disrespectful Person Look Insecure For Insulting You,https://www.youtube.com/watch?v=K9Na6CmJwn4
NFL&#39;s richest owner makes INSULTING comments after staff cuts,https://www.youtube.com/watch?v=vjfd2svi-Lw
South Korea slams North Korea for insulting President Park,https://www.youtube.com/watch?v=ZZQX6k4UVG4
Telugu actor Balakrishna lands in legal trouble after making insulting remarks about women!,https://www.youtube.com/watch?v=fuqtvvxnKWs
CHRISTIE ON RAND PAUL HEROIN COMMENTS- &quot;INSULTING&quot;,https://www.youtube.com/watch?v=GXcVN44BKZU
‘It’s gross’: AFT president reacts to JD Vance insulting her for not having biological children,https://www.youtube.com/watch?v=Wan4vHp6gV0
Kangana Ranaut&#39;s INSULTING Remarks On Uddhav Thackeray&#39;s Ganja Fields Comment,https://www.youtube.com/watch?v=ZfrjUCgagCY
"Federal anti-Islamophobia adviser must apologize for &#39;insulting&#39; comments, Quebec Liberals say",https://www.youtube.com/watch?v=pIWjWe-P4t0
Rahul Gandhi seeks apology from RSS for ‘insulting’ remarks on Indian Army,https://www.youtube.com/watch?v=GMcm4M9G_qE
Woman Secretly Records Her Doctors Insulting Her During Surgery,https://www.youtube.com/watch?v=twMrpJa95jU
Bridesmaids (7/10) Movie CLIP - Insulting Behavior (2011) HD,https://www.youtube.com/watch?v=ba5F8G778C0
Cong Accuses Amit Shah Of Insulting Ambedkar In Parliament Speech | Winter Parliament Session 2024,https://www.youtube.com/watch?v=QHSYXN9aUbo
Udit Raj Declined To Apologize For The Insulting Comment On President Murmu; &#39;I Stand By My Comment&#39;,https://www.youtube.com/watch?v=VK-3fcSzr7Y
Govt of National Unity | Mapaila remarks unfortunate and insulting - Mbalula,https://www.youtube.com/watch?v=fT1JgpNwy_4
‘Insulting’: Joe Biden’s Trump supporter comments are ‘unbelievable’,https://www.youtube.com/watch?v=1ASpMpHTaxE
&#39;Insulting&#39;: One Nation leaders facing two defamation threats for homophobic and racist remarks,https://www.youtube.com/watch?v=FbwI95ojwOw
Harris says Trump’s abortion comments ‘insulting’ to women,https://www.youtube.com/watch?v=B2IZu6JmDKk
"Calling Mr Maimane a &#39;garden boy&#39; is insulting but not hate speech, Dr Shanelle Van Der Berg",https://www.youtube.com/watch?v=PREVmNI5-7w
Doug Ford responds to Trump&#39;s &quot;insulting&quot; tariff threat: &quot;Canada is no Mexico&quot;,https://www.youtube.com/watch?v=r-uImJouDrs
Bilawal orders PPP minister to explain insulting remarks directed at female legislator,https://www.youtube.com/watch?v=dRD_wZf6uEo
Borrello: Governor’s Comments Are Incredibly Insulting,https://www.youtube.com/watch?v=kXEC7ka618s
Protests in India over insulting remarks about Prophet Muhammad | VOA URDU,https://www.youtube.com/watch?v=HTl8cITkciA
INSULT ACTOR VIJAY IN AWARD FUNCTION || IN TAMIL || MIC LA SOLLU,https://www.youtube.com/watch?v=kC_4jJ6j5C8
How to win A roast battle,https://www.youtube.com/watch?v=0BWqcS3zTiA
If Someone Insults you do This ||SRV Motivation,https://www.youtube.com/watch?v=ox3CWQjb9MA
Learn a German Insult: Asozial,https://www.youtube.com/watch?v=RsEW-MLZ2ag
Best Reply To I Love You❤️✨ | Motivational Quotes | #shorts #motivation,https://www.youtube.com/watch?v=fYLIFLzse0U
Cristiano Ronaldo Pushes Opponent After Insulting Comment – You Won’t Believe What Was Said #shorts,https://www.youtube.com/watch?v=ePK1DVNgBuQ
Joy Behar’s INSULT Against Trump’s Spokesperson BACKFIRES,https://www.youtube.com/watch?v=8xuR8YZ4jRo
Other Superheroes Insults Vs Homelander Insult 💀 #shorts #marvel,https://www.youtube.com/watch?v=uFXVIgIeqS4
Sam Shamoun&#39;s PERFECT RESPONSE to Daniel Haqiqatjou&#39;s PATHETIC INSULT,https://www.youtube.com/watch?v=sVcfHPg6l4U
How to deal with insults by sandeep maheshwari | अपमान करे तो क्या करना चाहिए,https://www.youtube.com/watch?v=2ACHfHaSKtA
BJP Leader Nupur Sharma Insulting Remarks about Islam | Worldwide Protests Continues | Breaking News,https://www.youtube.com/watch?v=43KEUvl0jgo
Bangladesh students denounce Indian politicians who made insulting remarks on Prophet Muhammad,https://www.youtube.com/watch?v=c8IQFZ6C49Q
Sigma rule😎 #Teacher asks student what to do in future #savage reply🤭,https://www.youtube.com/watch?v=U2HwSC0bdYo
Savage replies to insults in school |replies to insults #fypシ゚ #viralfeed#trending #savage#viralnow,https://www.youtube.com/watch?v=G21gF8dRBCc
Insulting a friend😱😡🔥 #shorts #psychology #facts #quotes #motivation #viralshorts#music #jetirsdaily,https://www.youtube.com/watch?v=PHCFuFU7ZW8
Savage replies to Insults #shorts #youtubeshorts #viral,https://www.youtube.com/watch?v=peQPNG61sE4
அவமானங்கள் மிகவும் சக்திவாய்ந்தவை | Insults Are Powerful | Dr Ashwin Vijay,https://www.youtube.com/watch?v=BNODTZz6PGk
If someone says shut up say...,https://www.youtube.com/watch?v=PeFjGBUPgVQ
savage replies to insults.#reply #insult #savagereply #savage #viral #viralshorts  #viralshort,https://www.youtube.com/watch?v=Zvy-zywhUEo
Gordon Ramsay tells customer to f*ck off! #disgusting #food #gordonramsay,https://www.youtube.com/watch?v=TpLsXM-m9vY
"“Unhone Insult Kiya Hai…” Rahul Gandhi, Akhilesh fume over Anurag Thakur’s ‘Jaat’ jibe in Lok Sabha",https://www.youtube.com/watch?v=ReIOuOrX86M
Most savage reply #shorts,https://www.youtube.com/watch?v=ASxhgQxCBs8
Savage replies to insults in school ✨ #fypシ #aesthetic #trending #viral #savage #koreandance,https://www.youtube.com/watch?v=or8IVyAhdwA
NCW sends notice to Rahul Gandhi over insulting remark on Defence Minister Nirmala Sitharaman,https://www.youtube.com/watch?v=_UZHzJBKY84
That&#39;s impossible! And insulting! | House M. D. #Shorts,https://www.youtube.com/watch?v=X4wI7M5MOjo
Video: CAIR-Dallas Rep Says Superintendent’s Anti-Muslim Remarks Sent Insulting Message,https://www.youtube.com/watch?v=ATGyPorGDJ4
No charges against Zamri over his insulting remarks against Hinduism - AGC,https://www.youtube.com/watch?v=-q4vXOHDUHw
U.S. Elections 2024: White House slams Trump&#39;s remarks as &#39;insulting&#39; | WION,https://www.youtube.com/watch?v=MATszDZVR9M
‘IT’S INSULTING:’ Border Control Council VP responds to Selena Gomez ‘crying’ clip,https://www.youtube.com/watch?v=s6Wo_eYDQsQ
"‘Insulting and foolish’: Trump threatens Canada, eyes Greenland AGAIN—raising specter of war",https://www.youtube.com/watch?v=0UBOQCW21f0
"Jagdeep Dhankhar slams P Chidambaram over &#39;part-timer&#39; remark, &#39;Highly insulting&#39;",https://www.youtube.com/watch?v=093yo-d9z8E
News Segment| Tinubu: Ogun Comments Not Aimed At Insulting Buhari,https://www.youtube.com/watch?v=v4UaVomCXsA
Nupur Sharma Case: How will PM Modi end outrage after insulting remarks on Islam?| India Chahta Hai,https://www.youtube.com/watch?v=d712n0vpueE
Three Maldives Ministers Suspended Over &#39;Insulting&#39; Remarks Against India | Oneindia,https://www.youtube.com/watch?v=RRrCAdeUsoM
Student Nurse Calls for an Apology from Minister after &#39;Insulting&#39; Comments | Good Morning Britain,https://www.youtube.com/watch?v=zkkUSfu8ZEE
Vic Insults Shy Person,https://www.youtube.com/watch?v=ON8cWulpHlY
Congress Makes Insulting &#39;Bhasmasur&#39; Comment On PM. Is It Congress&#39; Only Option? | Burning Question,https://www.youtube.com/watch?v=mM1EXXqw_nc
"After Mom Sonia Gandhi&#39;s &#39;Insult&#39;, Now Rahul Slams President Murmu&#39;s Address? Says This...",https://www.youtube.com/watch?v=AimAtnfeiE8
PMs Remarks About Women Declared Insulting | 11am News Headlines | 23 June 2021 | 24 News HD,https://www.youtube.com/watch?v=NmbAEHxfLF8
Insulting nicknames,https://www.youtube.com/watch?v=HpfbYIz1YJw
Rahul Gandhi Accused Of Insulting President At Samvidhan Divas Event | India Today,https://www.youtube.com/watch?v=q1BNR9Pbd4Q
Fox&#39;s &quot;The Five&quot; Discusses John Foust&#39;s Insulting Comments,https://www.youtube.com/watch?v=oWDB80n5nl0
Tory Minister&#39;s Insulting Comments About NHS Nurses Using Food Banks!,https://www.youtube.com/watch?v=cmwoJ0nY158
How To Respond to An Insulting Person | Dale Carnegie Quotes On Life And Success In English.,https://www.youtube.com/watch?v=npmwtZZbTYw
"Donald Trump Insulting Comments On Jeb Bush, Ben Carson And President Barack Obama",https://www.youtube.com/watch?v=tPYGwqSEcAY
Karnataka CM&#39;s remark about our armed forces is insulting: PM Modi,https://www.youtube.com/watch?v=uSTk_SmAqzI
News Cafe With HR Ranganath | India Faces Diplomatic Fallout Over Remarks Insulting Prophet,https://www.youtube.com/watch?v=qHL-IISFiM0
HM Amit Shah Ji exposes the Congress’ dark history of insulting Dr. Ambedkar,https://www.youtube.com/watch?v=wN6oTXhEDMs
Congress erupts into chaos with Marjorie Taylor Greene insulting physical appearance of House member,https://www.youtube.com/watch?v=ll-ZrNtX3XU
Venkaiah Naidu Insulting Comments on Congress Party,https://www.youtube.com/watch?v=xiS2B6DEa0w
Old City Hyderabad Shut Downs against Raja Singh insulting remarks,https://www.youtube.com/watch?v=SBOppPqfaoA
CM Yogi Gives Strong Rebuttal To Akhilesh&#39;s Insult Of Mahakumbh,https://www.youtube.com/watch?v=X1ndQKm7SRk
&#39;Insulting Campaign Speech&#39;: Joe Wilson Hammers Biden&#39;s State Of The Union Address,https://www.youtube.com/watch?v=gkOo5niYKGs
Key Trump allies want him to stop insulting Harris,https://www.youtube.com/watch?v=iFalm-TOSJw
Preacher charged with insulting Agong,https://www.youtube.com/watch?v=JT7kkdb2pR8
Samuel Jinapor denies allegations that he referred to Zanetor Rawlings as “daughter of a murderer”.,https://www.youtube.com/watch?v=f5JbMSDhxTA
‘Insulting Keralites’: Fiery Exchange Between John Brittas And Suresh Gopi On Tourism Circuit,https://www.youtube.com/watch?v=_PF91jFgwLU
Govinda INSULTING Comment On Varun Dhawan For His Acting Skills And NEPOTISM,https://www.youtube.com/watch?v=yPe0kBHVyGc
Julie defends Mikee from her friends&#39; insulting remarks | HSH Extra Sweet,https://www.youtube.com/watch?v=byUdp3TSLX8
She Insulted Victor Boniface and this Happened😭😭😭😭😭😭,https://www.youtube.com/watch?v=QYlWMqhpB3c
MLA Suresh Routray strongly condemns over insulting remarks on Prez Murmu by TMC Minister || KTV,https://www.youtube.com/watch?v=udIRFipJh8w
"Hema Malini Reacts After Randeep Surjewala&#39;s Insulting Remark, Says &#39;I Am Absolutely Clean&#39;",https://www.youtube.com/watch?v=CUqMws9aBIE
Netflix Gets Legal Notice For Insulting Madhuri Dixit In ‘The Big Bang Theory’,https://www.youtube.com/watch?v=yPQ58sFxbCc
"Novak Djokovic Slams Australian Open Broadcaster For &quot;Insulting Comments&quot;, Skips Interview",https://www.youtube.com/watch?v=3onXZhrzC30
"&#39;You don&#39;t win by insulting voters&#39;: Biden blasted for Trump, MAGA remarks",https://www.youtube.com/watch?v=Ar0ip1XIYno
Insulting comments on social media  against BJP MLA Angoorlata,https://www.youtube.com/watch?v=jVWEl9lUnXY
CPI Leader K Narayana Insulting comments On #AyyappaDevotees | #SabarimalaWomenEntry,https://www.youtube.com/watch?v=3XZ1XuvbOtg
Navneet Kaur Rana’s Bold  Comments on Bandaru Satyanarayana for Insulting Comments on Minister Roja,https://www.youtube.com/watch?v=42dO2OMxnmU
INSULTING REMARKS COMMENTS,https://www.youtube.com/watch?v=QF0KYrXhsms
"Lady Insults Poor Looking Office Guest, Did Not Know He Was...| Moci Studios",https://www.youtube.com/watch?v=AD16Q5yncGU
Ashwini Choubey&#39;s &#39;Insulting&#39; Comments Against Biharis&#39;,https://www.youtube.com/watch?v=FqetXLpVBrg
Rajat Dalal Clarify Insulting Chum Darang On Elvish&#39;s Phodcast Says Sab Scripted Tha...,https://www.youtube.com/watch?v=o6yPbg-TmLc
Protest against TDP MP&#39;s Insulting Comments on Indian Army | YCP |,https://www.youtube.com/watch?v=S1WQ1ETwVdU
𝐒𝐚𝐯𝐚𝐠𝐞 𝐑𝐞𝐩𝐥𝐢𝐞𝐬 𝐭𝐨 𝐈𝐧𝐬𝐮𝐥𝐭🖤😈#aesthetic#savage#reply#replies #insult#insulting👽#edit#viral#trend#real☠️,https://www.youtube.com/watch?v=bNR7mpipYno
PM Modi Accuses Congress Of Fooling The Poor For Votes And Insulting Them,https://www.youtube.com/watch?v=YVP99YBlHp4
&quot;UNFAIR On Arteta!&quot; Shebahn SLAMS Gabby For INSULTING Comments Calling Mikel Arteta A &#39;Nearly Man!&#39;,https://www.youtube.com/watch?v=ehl_jhxA-DE
Errolla Srinivas Warns Congress Ministers Insulting Comments On UnEmployees | T News,https://www.youtube.com/watch?v=uqGoa7sJ5yI
Madras High Court Rejects Actress Kasturi Bail Petition  in Insulting Remarks case | V6 News,https://www.youtube.com/watch?v=i0APw9WFwX8
Haryana minister Anil Vij makes &#39;insulting&#39; remarks against Gandhi,https://www.youtube.com/watch?v=cIf5iqsX2cI
BJP Accuses Congress Of Insulting Hindus With &#39;Trishul&#39; Remark On Agencies,https://www.youtube.com/watch?v=GShXOQyWjSE
KKR&#39;s Angkrish Raghuvanshi apologises after insulting remarks towards Saina Nehwal| Sports Today,https://www.youtube.com/watch?v=nFZNpn5vdb0
Maldives Ministers Quit After Getting Suspended For Insulting Indian PM Modi,https://www.youtube.com/watch?v=4kCrWMj80z4
Maldives sacks 3 ministers for insulting comments on PM Modi | India-Maldives Controversy | WION,https://www.youtube.com/watch?v=i8yLzvb9d0M
Trump&#39;s comments about Jewish voters &#39;deeply insulting&#39;: Mark Mellman | Morning in America,https://www.youtube.com/watch?v=BcTwqTTVF_A
Katrina Kaif&#39;s Insulting Comment To Ranbir Kapoor: Tu Pike Aya Hai Kya,https://www.youtube.com/watch?v=F_CoBsiGN1k
Mark Cuban under fire for &#39;insulting&#39; millions of pro-Trump women,https://www.youtube.com/watch?v=QuabU-DpH7c
"&#39;Msitusi Rais, mtusi mimi ni mawe!&#39; Oscar Sudi tells youths insulting the President!!",https://www.youtube.com/watch?v=PkOgqvlke8M
Congress Leader Adir Ranjan Chowdary Insulting Comments On PM Modi | V6 News,https://www.youtube.com/watch?v=_OOPpqG1uYc
Congress Leader Karthik Reddy Insulting Comments On TS CM KCR | Mahaa News,https://www.youtube.com/watch?v=9XKFeBZs9To
Trump arrives in garbage truck after Biden&#39;s insulting comment to supporters,https://www.youtube.com/watch?v=KnO8FwQnrJI
Budget Session / Opposition Strong Reaction On Insulting Remarks By  PM Imran Against Suhaba keram,https://www.youtube.com/watch?v=rA7f_dax0DY
Supreme Court Justice&#39;s Disgraceful and Insulting Remarks in the Trump Indictment Cases #explore,https://www.youtube.com/watch?v=PbbgVvZ118A
Amit Shah Comments On Ambedkar | Priyanka Gandhi Accuses BJP of Insulting BR Ambedkar,https://www.youtube.com/watch?v=d_1klKF2eZ8
Ind vs Aus: Should Ind play in Brisbane after Aus ministers insulting remarks? Sonup debates,https://www.youtube.com/watch?v=kdzTwKrELIU
tr dhansika | t rajendar insulting speech on dhansika | mansoor ali khan support tr | redpix,https://www.youtube.com/watch?v=W2c2Kr6oO3I
Johor cops investigating 25-year-old for allegedly insulting Johor Royal family,https://www.youtube.com/watch?v=P-48qIXCdq8
"VOA 60: Nigeria’s vice president slams British politician for insulting comments, and more",https://www.youtube.com/watch?v=OgYER78hZXw
Alia Bhatt ACCEPTS Kangana Ranaut&#39;s INSULTING Comment On Gully Boy,https://www.youtube.com/watch?v=DNSvzS0gya4
Alex Hooper: Nasty Comedian Who Got Kicked Off After INSULTING The Judges is BACK For More Insults!,https://www.youtube.com/watch?v=CrdelBsja7k
Senator Methu fires back at MP Sara Paulata Korere for her insulting remarks at Mt. Kenya,https://www.youtube.com/watch?v=aUH4khyr4yw
Foreigner detained in Ampang for insulting cops on TikTok,https://www.youtube.com/watch?v=jxTHrHkliUM
Sri Lanka Jails Firebrand Monk For Insulting Islam | Dawn News English,https://www.youtube.com/watch?v=hBMdRq-4vHo
Shivaji Krishnamoorthy Arrested For Insulting Khushbu Sundar | Shivaji Krishnamoorthy Speech,https://www.youtube.com/watch?v=BwWyKbnehAg
Thai anti-royal activist jailed for insulting the monarchy - BBC News,https://www.youtube.com/watch?v=1tc2VNySiVg
M M Mani&#39;s insulting speech and controversy | Asianet news hour 28 Apr 2017,https://www.youtube.com/watch?v=diLWTKKZ_W4
Insulting remarks about students । Exam after lockdown । Student&#39;s Protest #againstexam,https://www.youtube.com/watch?v=wEVQclncvOs
Kota Srinivas Rao Insulting Comments On Naga Babu | Chirarnjeevi | Pawan Kalyan | Jaffar | SumanTV,https://www.youtube.com/watch?v=ybLRZy0p66E
"Kangana&#39;s Sister Rangoli Chandel INSULTING Comment On Taapsee Pannu, Swara Bhaksar In Public",https://www.youtube.com/watch?v=PktphU_54tg
Minister Merugu Nagarjuna on Chandrababu insulting comments on Dalits || Assembly Day 1,https://www.youtube.com/watch?v=PmC3in7ZKfY
Ajay Devgn&#39;s INSULTING Comment On Akshay Kumar Being Punctual | Sooryavanshi Trailer Launch,https://www.youtube.com/watch?v=ggS7U8AiXO0
"Why KTR, Padi Kaushik Reddy Insulting Comments On Women..? | V6 Teenmaar",https://www.youtube.com/watch?v=C1-ayRKEgOY
Tension in Srinagar over insulting remarks about Prophet | JK News Today,https://www.youtube.com/watch?v=0ATZeiHPMUw
Insulting Me? #muftimenk #muslim #islam #allah #quran #life #believe #hurt #heart #media #war #fight,https://www.youtube.com/watch?v=IO6Z4bGYeMI
Kamrup (M) ADC Pulak Mahanta suspended for insulting remarks made during CJI Ranjan Gogoi’s visit,https://www.youtube.com/watch?v=GQ-4Q48lLBY
Pawan Kalyan Responds To Insulting Comments On Jana Sena Party | Part 2 | Mango News,https://www.youtube.com/watch?v=4HIrMHQXVoE
&quot;A Member Will Not Make Any Derogatory or Insulting Remark Against the Association&quot; Hmmmmmm.......,https://www.youtube.com/watch?v=MK36J4SW2oQ
Is this not insulting to overweight people!?,https://www.youtube.com/watch?v=XoBByhqzKvg
HEATED DEBATE! Sadhguru&#39;s SAVAGE REPLY To An Arrogant Student Asking INSULTING QUESTION | Sadhguru,https://www.youtube.com/watch?v=1OULDlzRJoM
Can You Be Arrested for Insulting People?,https://www.youtube.com/watch?v=sTls_EmXz14
"Kangana Ranaut&#39;s INSULTING Comment On Uddhav Thackeray, Calls Shiv Sena Sonia Sena",https://www.youtube.com/watch?v=J7fNXbSCUVQ
"Rajya Sabha: Kharge ने खोया आपा, टोकने वाले BJP सांसद Neeraj Shekhar पर भड़के। PM Modi। Congress",https://www.youtube.com/watch?v=1VD1csnI9KA
#watch | Priyanka Gandhi Accuses Amit Shah of Insulting Babasaheb Ambedkar&#39;s Legacy | NewsX,https://www.youtube.com/watch?v=Lo4oeoDnOro
Top 10 Insulting Quotes 🤨🤨 || Powerful Motivational Quotes (Joker Collection) || Joker Quotes. ||,https://www.youtube.com/watch?v=23H4lIRUlE8
ABC news anchor Kendis Gibson is under fire for making insulting remarks about BTS.,https://www.youtube.com/watch?v=EdlMOAEQpRA
Let Me Help You Be a Better Person&quot; – HOA President’s Insulting Message,https://www.youtube.com/watch?v=MflGJ2OW8lg
State Senator Scott Wagner&#39;s (R - York) insulting remarks on low wage workers in PA,https://www.youtube.com/watch?v=MAyVVcoieVY
"&#39;BarBala, Jersey Cow, Congress Vidhva&#39; Panelist Slams PM Modi For Insulting Comments On Sonia Gandhi",https://www.youtube.com/watch?v=L6z6m7vP-BE
Varun Dhawan Ignores Govinda&#39;s Insulting Comments On His Personality | Tamma Tamma Again Song Launch,https://www.youtube.com/watch?v=NjPj_Z6zRTg
IGNORE PEOPLE WHO INSULTING YOU 🔥| Motivation quotes | life lessons | #motivation #shorts #status,https://www.youtube.com/watch?v=sWVYiOXkpuw
Chandrababu Naidu Insulting Comments on Megastar Chiranjeevi | Nidhi Tv,https://www.youtube.com/watch?v=lfPkb6PkK68
A Common Reaction to TubedUp909Zombified&#39;s Insulting Remarks,https://www.youtube.com/watch?v=2UzgyGIVh9Y
Nawazuddin Siddiqui Reacts On The Insulting Dark Skin Racist Comment By Casting Director,https://www.youtube.com/watch?v=-ki8wm476I4
Novak Djokovic Boycotts Interviews Over Insulting Comments!,https://www.youtube.com/watch?v=cTLR4WQcQLI
Djokovic Boycotts Channel Nine Over Insulting Comments,https://www.youtube.com/watch?v=0MCuqmHeFEQ
Gordon Ramsey insulting Sofia Vergara for eating with hands and not 🍽😦😯,https://www.youtube.com/watch?v=ozvaP61qBjc
Insulting Someone&#39;s Mother is Like Insulting Yours #muftimenk  #muslim #islam #allah #life #parent,https://www.youtube.com/watch?v=p9gbvEXwL3I
Udhayanidhi Stalin Confronted Over Remark Insulting Sanatan Dharma: &#39;I Stick To My Views&#39;,https://www.youtube.com/watch?v=OMqXQZQupas
African countries where citizens have been convicted of insulting presidents on social media,https://www.youtube.com/watch?v=Qt41Wvnbfi0
Muslims countries react to India’s ‘insulting’ anti-Islam comments,https://www.youtube.com/watch?v=tlbHuU6hpt0
Actress Ramya Sri  Insulting Comments On Pawan Kalyan | Ramya Sri Special Interview | Suman TV,https://www.youtube.com/watch?v=CFSbXyHIskE
Tim Scott calls out &#39;insulting&#39; racial comments from &#39;The View&#39;,https://www.youtube.com/watch?v=sd_SVIwrvCQ
Bigg Boss 13 | Public Angry On Paras For INSULTING Comment On Asim | Public Reaction | BB 13,https://www.youtube.com/watch?v=ZFjyAqXt6sk
‘Absolutely insulting’: Megyn Kelly slams ‘mother Mamala’ over marijuana comment,https://www.youtube.com/watch?v=3N0N_eHsu7A
tr dhansika | vishal slams tr | t rajendar insulting speech on dhansika | tamil live news | redpix,https://www.youtube.com/watch?v=5FAoC0PWTnw
Delhi Elections 2025: BJP MP Manoj Tiwari Slams Arvind Kejriwal For Insulting Purvanchali Voters,https://www.youtube.com/watch?v=4Ofe3sMlRC4
3 step formula to handle rude &amp; insulting comments | Rude Comments | body language,https://www.youtube.com/watch?v=-4GY3hZf3EY
A Response to the British Government&#39;s Insulting Remarks &amp; Dismissal of Reparations Demands,https://www.youtube.com/watch?v=ALBYkXksBIg
ANGRY KIPSIGIS MEN LECTURE FAROUK KIBET FOR INSULTING THEIR WOMEN,https://www.youtube.com/watch?v=oimfYL-qOyQ
Hulk Thought Wolverine Was Insulting Him 😂😂,https://www.youtube.com/watch?v=Oip4yPYp11k
Ram Gopal Varma&#39;s Insulting Comments On Sridevi | Bollywood Buzz,https://www.youtube.com/watch?v=rbU9A7dpKM4
LISTEN TO GOV SIMBA ARATI SPEECH IN KAKAMEGA WARNING WESTERN LEADERS INSULTING SIFUNA,https://www.youtube.com/watch?v=1ip5ls_nf90
Enzo Maresca INSULTING Chelsea Quotes on Top 4 | Morning Blues ☕️,https://www.youtube.com/watch?v=FIzkuXca40c
Donald Trump Reacts To Kamala Harris Insulting Christians,https://www.youtube.com/watch?v=fhv-BoWOPCw
Amit Shah News  | Priyanka Gandhi Accuses BJP of Insulting BR Ambedkar By Tampering With His Photo,https://www.youtube.com/watch?v=RkHvUMIpUjg
"Mohan Bhagwat&#39;s Army Remark &quot;Insulting&quot;, Should Apologise",https://www.youtube.com/watch?v=NnWoYkZwctw
Pawan Kalyan Fans Strong Warning to TDP MLA Chintamaneni Over Insulting Comments,https://www.youtube.com/watch?v=ePSRTC7kYig
Chiranjeevi Angry on Mohan Babu for Insulting Rajinikanth || Mohan Babu Insults Rajinikanth,https://www.youtube.com/watch?v=BKzGx2JM2vc
Bollywood Actor Rakhi Sawant Arrested | Over Insulting Comments On Valmiki Maharshi,https://www.youtube.com/watch?v=15xQiQhYo7U
Piers Morgan slams Prince Harry&#39;s &#39;insulting&#39; First Amendment comments - DailyMail TV,https://www.youtube.com/watch?v=B2PH_qNiNwY
"Actors reading insulting comments, a very funny response 😂",https://www.youtube.com/watch?v=b2OHY413-UQ
Rude Tourists Insulted a Filipino Waiter—Then He Spoke in Perfect English,https://www.youtube.com/watch?v=-oJIL8rb3H8
K Annamalai Bashes Randeep Surjewala For His &#39;Insulting Remark On Hema Malini | Latest News,https://www.youtube.com/watch?v=CfvYD5MG3ug
Australian MP apologizes for insulting Chinese,https://www.youtube.com/watch?v=RQmJX45GB9Y
Funny Insulting Jokes!,https://www.youtube.com/watch?v=9T_Y5TY9IwQ
ANGRY RUTO DIE HARD LECTURE KANYANS FOR INSULTING PRES RUTO!!,https://www.youtube.com/watch?v=oEAER2rFP9c
"&#39;Congress Insulting Sanatan Dharma, Mocking Mahakumbh And Ganga Maiya,&#39; says BJP&#39;s Sambit Patra",https://www.youtube.com/watch?v=uO3aQGdv4kg
Sonu Nigam BLASTS Ae Dil Hai Mushkil makers for insulting Rafi sahab,https://www.youtube.com/watch?v=TPfx9RYigSo
How Lisa got banned from Kpop and Korea for insulting it…#shorts#blackpink#lisa#kpop#kpopidol#fyp,https://www.youtube.com/watch?v=hsBo0K5siBg
Top 15 Insulting Quotes For Haters ( part - 2 ) | Attitude Problem | Insult Quotes.,https://www.youtube.com/watch?v=0jUOJxlJnUw
Rude Tourists INSULT a Black Waiter—Then He GIVES Them A Lesson They’ll NEVER Forget,https://www.youtube.com/watch?v=YihUotqCJI8
INSULTING: Rep Tim Burchett Says HATEFUL People Oppose His Gun Comments,https://www.youtube.com/watch?v=_nLZTeu-OYo
ANGRY Ajay Devgan SHOCKING Comment On Insulting Tannishtha&#39;s Black Skin On Comedy Nights Bachao,https://www.youtube.com/watch?v=puRUWlkit1Q
TDP Senior Leader Ayyanna Patrudu Insulting Comments on SP&#39;s | Nidhi Tv,https://www.youtube.com/watch?v=_gKFopErrhI
Chum Darang ANGRY on Elvish Yadav For his Racist Comment on Her During Phod-Cast with Rajat Dalal,https://www.youtube.com/watch?v=VhHGeeJOWo0
Finn Wolfhard Accidentally Insulting People tiktok mkkkm11,https://www.youtube.com/watch?v=eArgn19WKKM
"Sakshi Tanwar REACTION On Hina Khan&#39;s Insulting Comment, Karan Patel SLAMS Hina Khan On Bigg Boss 11",https://www.youtube.com/watch?v=DZ068bMUdQU
Naseeruddin Shah Finally Speaks Up After Making Insulting Remark On Rajesh Khanna,https://www.youtube.com/watch?v=oFnMjC3U62g
Bloomberg&#39;s remarks insulting farmers show he is an out-of-touch elitist | Mike Gallagher Show,https://www.youtube.com/watch?v=fTLCglLehY8
Kamala Harris Gives INSULTING Answer On Gaza During Town Hall,https://www.youtube.com/watch?v=kuan4nW-Awg
Bhikari Aurat...Rajshree More STRONG Reply To Rakhi Sawant INSULTING Comment On Her EXCLUSIVE,https://www.youtube.com/watch?v=0tVw_Qfc13c
Cristiano Junior Walked Off the Field in Tears After a Heartbreaking Insult,https://www.youtube.com/watch?v=3kEGSPQJNW4
JJP Spokesperson Ajay Gulia Takes On Congress&#39; Uday Bhan For Insulting V-P Dhankhar | Top News,https://www.youtube.com/watch?v=G4jMa3T9qNo
Caitlin Clark FANS OBLITERATE Geno Auriemma Over INSULTING COMMENTS IN NEW FOOTAGE!Unrivaled Update,https://www.youtube.com/watch?v=pFn7Tj4grkA
Insulting Comments?,https://www.youtube.com/watch?v=thjv-a0f0C0
Kids who repost insulting comments 🫨#rocketleague #memes #rocketleaguememes #youngboyjaydsedits,https://www.youtube.com/watch?v=FL5lwtAoZ8M
Kapil Sharma Insulting Direct Atlee,https://www.youtube.com/watch?v=nCnhA6_Skoc
MÖTLEY CRÜE Deletes Comment Insulting A Fan Over Backing Tracks Use,https://www.youtube.com/watch?v=ECTikI-1g3g
27 Years Old Panyala Raju From Lambadipalli Made Insulting Remarks On Telangana CM KCR | ALO TV,https://www.youtube.com/watch?v=IALEUJIiehc
Shehla Raza&#39;s Insulting Remarks About Sahaba RA | شہلا رضا کو منہ توڑ جواب,https://www.youtube.com/watch?v=J4DvU3jfI7Q
Kamal issues a highly insulting remark against Hindus. Vivek shuts him up with a badass response,https://www.youtube.com/watch?v=rJMBZZYRtpg
Insulting Remarks from Senator Fetterman,https://www.youtube.com/watch?v=SctvK0pmg8E
Djokovic Refuses Australian Open Interviews Over Insulting Comments,https://www.youtube.com/watch?v=8jGusor8RgA
How To Respond to An Insulting Person | Dale Carnegie Quotes On Life And Success In English,https://www.youtube.com/watch?v=YEMKpLdAWic
CM Revanth Reddy Insulting Comments On MLA Talasani Srinivas Yadav In Assembly | KTR | Sahithi Tv,https://www.youtube.com/watch?v=M0gf6NXHus0
HYBE&#39;s Internal Documents Reveal Insulting Comments About Stray Kids And NCT Dream#hybe#kpop#fyp,https://www.youtube.com/watch?v=1I8bZCGzOQY
BREAKING: DAVID COOTE SUSPENDED AFTER LEAKED VIDEO INSULTING KLOPP &amp; LIVERPOOL FC!,https://www.youtube.com/watch?v=GG5RGRYOMSc
Fayyaz Chohan Aggressive Reply to BJP Leader over Insulting Comment about Islam | Fayyaz Chohan Vlog,https://www.youtube.com/watch?v=bVHpkZoUIYI
Ali Muhammad Khan Reaction on BJP Leader Insulting Comment | Shehbaz Sharif | Ali Muhammad Khan Vlog,https://www.youtube.com/watch?v=kYgUebxl3qE
This Is the Most INSULTING Survey I’ve Ever Seen – Are They Joking?!,https://www.youtube.com/watch?v=w4q2KFdl1EY
PM Modi lambasts Congress for allegedly insulting Prez Murmu over Nana Patole’s remark on Ram Mandir,https://www.youtube.com/watch?v=qcibTjYih_I
Travis Kelce SUES Liberal Sports Analyst After Insulting Remarks on LIVE TV—Career Over,https://www.youtube.com/watch?v=lpb9Yj1dqXw
TO MAKE ANYONE REGRET INSULTING YOU #shorts #calisthenics #fitness #gym #motivation #inspiration,https://www.youtube.com/watch?v=ip4NlTaXVLo
BJP Slams Congress Over Pawan Khera&#39;s Comments Insulting PM Modi&#39;s Father | English News | News18,https://www.youtube.com/watch?v=DGjNS_WWTHo
Ronaldo Exposes Georgina for Insulting His Son! 😡🔥 || Cristiano Ronaldo || #shorts #ronaldo,https://www.youtube.com/watch?v=8CFB7nK3zIk
Sam Smith&#39;s SHOCKING Response to Piers Morgan&#39;s Insulting Comment,https://www.youtube.com/watch?v=S4_hbBTcslg
BJP Leaders Insulting Comment | Afghan Taliban Reaction | Breaking News,https://www.youtube.com/watch?v=zFEo8aSnoeQ
Mackie TORPEDOS Captain America 4 with Insulting Comments About Captain America &amp; AMERICA HERSELF!,https://www.youtube.com/watch?v=ktLy0Xld7h8
Crazy Fans throwing Insulting comments on Virat Kohli after his Dismissal in Ind vs Eng 3rd ODI,https://www.youtube.com/watch?v=0ZkbMbz20UA
నన్ను జగనన్న నోటికొచ్చినట్టు తిట్టాడు | #chiranjeevi Comments On #jagan Insulting #shorts #ytshorts,https://www.youtube.com/watch?v=o0vY1ICqWE0
SHOCKING: Shalini Passi walked out of an interview after Kalyani&#39;s insulting comment,https://www.youtube.com/watch?v=K-qZarKWYAs
BJP Leaders Insulting Comment | Afghan Taliban Reaction | Breaking News,https://www.youtube.com/watch?v=mAFd2Sy5aM8
"Congress Accuses Amit Shah of Insulting Ambedkar in Parliament Speech, Demands Apology",https://www.youtube.com/watch?v=u4Dnt0eCkrE
Kabhi Kabhie Ittefaq Sey: Anubhav Defends Maya’s Insulting Remarks?,https://www.youtube.com/watch?v=WzzJdqq6Gqk
Union Tribal Affairs Minister Arjun Munda reacts to TMC minister&#39;s insulting remark on Prez Murmu,https://www.youtube.com/watch?v=a2JTAt3adFg
Sonam Kapoor&#39;s INSULTING COMMENT On Shahid Kapoor PUBLICLY At Veere Di Wedding Trailer Launch,https://www.youtube.com/watch?v=E20YGa22GCM
Ronaldo Slaps Opponent After Insulting Comment About Georgina: Full Story,https://www.youtube.com/watch?v=4eM0d5YFCnM
PM Modi slams Rahul Gandhi for &#39;Insulting India&#39; in London,https://www.youtube.com/watch?v=VuYLxXQrhck
JD Vance HUMILIATES Woke Journalist When She Tries Insulting Him On Live TV,https://www.youtube.com/watch?v=cRG8WnMOKOE
Sheldon INSULTING Penny!.. TBBT S02E17 #shorts #funny,https://www.youtube.com/watch?v=SSWp2xycDG0
ANGRY KIPSIGIS ELDERS CONDEMN RUTO&#39;s PA FAROUK KIBET FOR INSULTING THEIR WOMEN,https://www.youtube.com/watch?v=vxCiM-hRVwA
Here&#39;s What Om Puri Has To Say Over His Insulting Comments On Indian Martyrs,https://www.youtube.com/watch?v=B37btj-6lfM
Cocky Student INSULTS Dinesh D&#39;Souza And Gets HUMBLED On The Spot,https://www.youtube.com/watch?v=Ft5oTn06_gc
Islam&#39;s Prohibition of Insulting Other Divine Figures #answeringislam #history,https://www.youtube.com/watch?v=Bqm0yRYCBnY
Jairam Ramesh Accuses Amit Shah Of Insulting Dr. Ambedkar in Rajya Sabha | News9,https://www.youtube.com/watch?v=5shQcj5yHnA
2016 topnotcher reacts to insulting comments about the bar results,https://www.youtube.com/watch?v=JIkUQm6FMP0
Brazilian Club Palmeiras President Insulting Comments On Neymar,https://www.youtube.com/watch?v=8XeH9cCrD8M
Atal Ji Insults Sonia Gandhi with Clever NES Jibe #shortvideo #atalbiharivajpayee,https://www.youtube.com/watch?v=VcnJ79DCt6s
DRAMA!! Ruto man Farouk Kibet allegedly chased away in Narok after insulting Gachagua!🔥,https://www.youtube.com/watch?v=Xp1z6v-PkBQ
"Chris Matthews Takes Tom Corbett To Task Over His Outrageous, Insulting Comments",https://www.youtube.com/watch?v=mlmbqbKIosA
సీపీఐ నారాయణకు ఏమైంది..మరీ ఇంత దారుణమైన మాటలా?| CPI Narayana&#39;s Insulting Remarks On The Governor,https://www.youtube.com/watch?v=mRd6gqYcHhk
Sabitha Indra Reddy Slams CM Revanth Reddy over Insulting Comments | Telangana Assembly | T News,https://www.youtube.com/watch?v=o3vJcRb9k_4
"TV host apologises to Djokovic over &#39;insulting comments&#39; as PM, Musk wade in",https://www.youtube.com/watch?v=uNmnBGWeZAQ
ERIC OMONDI RESPONDS TO FARAH MAALIM AFTER INSULTING KENYANS,https://www.youtube.com/watch?v=KJPZTVPnals
oka insulting comment ki mummy reaction,https://www.youtube.com/watch?v=yz_s0sSqBd4
Arnab Goswami SLAMS Om Puri For His Insulting Comment,https://www.youtube.com/watch?v=C2ixbBC-iXI
Not insulting blonds *quit being rude in the comments guys* @melaniehorton1,https://www.youtube.com/watch?v=lxX6u8dfPXY
Stephen A. Smith goes off on Steve Kerr for insulting Jayson Tatum!!,https://www.youtube.com/watch?v=jjT2kAss4tg
Sheldon: This Is Highly INSULTING!.. | The Big25KBang Theory #shorts #funny #viralvideo #fouyou #mov,https://www.youtube.com/watch?v=hOA9QAHVqHw
Fawad chaudry&#39;s insulting remarks about Pushtun community.,https://www.youtube.com/watch?v=AQlH6zXE-rE
Mika Singh Reacts To Yo Yo Honey Singh’s Insulting Comment On Badshah,https://www.youtube.com/watch?v=TEMKuHxw6hE
"Insulting on sleep, I get 8hrs of sleep.... Jeff Beroz #fassstquotes  #jeffbezos",https://www.youtube.com/watch?v=aPo3-hzpheg
Here&#39;s the sugar! Are you insulting my intelligence? Ah! Really insulted!# Food,https://www.youtube.com/watch?v=Iz_RRagFaUY
Alia Bhatt Accepts Kangana Ranaut’s Insulting Comment on Gully Boy,https://www.youtube.com/watch?v=cR8Fv4xnyaM
Shahbaz Gill Insulting Remarks For Maryam Aurangzeb,https://www.youtube.com/watch?v=JuVqCncy_ys
Bakhtawar Bhutto asks Pitafi to apologies over his insulting remarks,https://www.youtube.com/watch?v=dZqDcazlGN8
Undavalli Arun Kumar Insulting Comments On Pawan Kalyan | Pawan Kalyan Leaves Press Meet,https://www.youtube.com/watch?v=lolrhH8emBA
Karen Gets SHUT DOWN After Making This Insulting Comment To A Stranger | Instant Karma,https://www.youtube.com/watch?v=EOcMV33qwEk
You Are Insulting Yourself 🔥🔥 | inspirational quotes | motivation #shorts #motivation,https://www.youtube.com/watch?v=c6yKfLkAjzY
Aftab Iqbal insulting remarks about Babar Azam and Muhammad Wasim! A reply to Khabarhar &amp; Dr Arooba,https://www.youtube.com/watch?v=MwMBV8NLn8Y
Trinamool leader Subal Bhowmik slammed CM Biplab Deb for making insulting remark against Court.,https://www.youtube.com/watch?v=m-ghVZyRt9o
(Part 1) AITA for insulting my friend&#39;s new haircut?,https://www.youtube.com/watch?v=5lWfSe0fTmI
Drama Unfolds! Sofia Vergara Tells Kelly Clarkson to ‘Shut Up’ After Insulting Comment on Her Looks!,https://www.youtube.com/watch?v=NrGb56pcC8U
PM Imran Khan Sacked Fayyaz Chohan Over Derogatory &amp; Insulting Remarks Against Hindus,https://www.youtube.com/watch?v=zs6PTNMtUxM
Ali Azmat about Noor jahan | Ali Azmat insulting remarks about noor jehan in The current show,https://www.youtube.com/watch?v=wGHN8aSNh1I
Shehla Raza&#39;s Insulting Remarks About Hazrat Ameer Muaviah RTA | By: MBK,https://www.youtube.com/watch?v=sawYapPa47k
Insulting your best Friend | 🤣,https://www.youtube.com/watch?v=2CEaoq7tJfQ
DANNY GARCIA &amp; DAD READ MEAN INSULTING FAN COMMENTS ON CAMERA | AL HAYMON PLAN,https://www.youtube.com/watch?v=bwSaRssozY4
Bush makes insulting comment to Press,https://www.youtube.com/watch?v=IU0reriAD7I
Sahiba Rambo&#39;s Insulting Comments About Daughters - Good Morning Pakistan- Nida Yasir - Sabih Sumair,https://www.youtube.com/watch?v=Mz6iVoQVIq4
Gabriel caught INSULTING &amp; BODYSHAMING Nicole? | SEXUAL ASSAULT CASE ENDED their Relationship?,https://www.youtube.com/watch?v=CFmmJorPjE0
what a great way of insulting others 😂😂 | #shorts #anime #animemoments,https://www.youtube.com/watch?v=JJ_m0kJrqos
i got the LIKES power🫠 COMMENTS ARE INSULTING ME UR NOT GAY 😡😡😡  #memes #funny #shorts,https://www.youtube.com/watch?v=gtNCIPNab80
"Insulting Prophet Muhammad not &#39;free speech,&#39; ECHR rules",https://www.youtube.com/watch?v=s8bF8-dT9O4
YSRCP Leaders are INSULTING ME - Chandrababu Naidu | AP Assembly Sessions 2019 | iDream News,https://www.youtube.com/watch?v=NcpMMpvfosw
Addressing Today&#39;s Insulting Comments,https://www.youtube.com/watch?v=T-WxFaHkHH4
ISAAC ADONGO RESPONDS TO BOG GOVERNOR ERNEST ADDISON&#39;S INSULTING COMMENTS ON MINORITY LED PROTEST,https://www.youtube.com/watch?v=9KALcXtLeA0
How Raja Singh Made Insulting Remarks For Prophet Muhammad PBUH,https://www.youtube.com/watch?v=7ckA9ypr9Cg
5 Ways to Give Shut Up Call to Rude &amp; Insulting People | Ali Ahmad Awan,https://www.youtube.com/watch?v=QkPkTm-QbWw
&quot;Insulting And Unbelievably Racist&quot; Sharron Davies MBE On BBC Sports Boss Comments,https://www.youtube.com/watch?v=PrbswV6HJ1I
‘Profoundly insulting’: Joy Reid under fire over ‘hysterical’ claims,https://www.youtube.com/watch?v=MZsEOHX2La4
Arvind Kejriwal epic Insults🔥😂 || Old Clips of Kejriwal Goes Viral [Latest Debate] News Flash,https://www.youtube.com/watch?v=PYJbiNWoltc
Bigg Boss Tamil 8 : VJ Archana Reply To Vijay Sethupathi For Insulting Arun? 😱 | Today Episode,https://www.youtube.com/watch?v=06FtPRLfYec
Bush: &quot;Kerry Comments Insulting and Shameful&quot;,https://www.youtube.com/watch?v=TbZ5jPJk4Dg
Varun Dhawan REACTS To Govinda&#39;s INSULTING Comment About His Father,https://www.youtube.com/watch?v=D8IFHKjMkIs
Hockey analysts left speechless after co-anchors insulting comments,https://www.youtube.com/watch?v=MVA80re1mfQ
Dasoju Sravan Lashes Out CM Revanth Reddy Insulting Comments On Telangana At Davos | T News,https://www.youtube.com/watch?v=wV4WjJjHyT0
DNC Chairman Kaine on John Kasich&#39;s insulting comments,https://www.youtube.com/watch?v=Vj77q3Wj09Q
😠Munawar insulting Sri Ram | Reality of Munawar Farooqi#munawarfaruqui#viralvideo#biggboss#ram#hindu,https://www.youtube.com/watch?v=OBih3BrkPGw
Biplab Deb&#39;s insulting Remark against Judiciary : Tripura BJP MLA Asish Das criticized Biplab Deb.,https://www.youtube.com/watch?v=6ZVmF9jKv1g
Muslim nations slam India over insulting remarks about Islam | Turkey Urdu,https://www.youtube.com/watch?v=x35JmOGW7fo
If I Start Insulting You In Another language | Motivational Speech | Salma Hayek | SoulFactors,https://www.youtube.com/watch?v=gNbnAXov2a0
Fans Angry! Revealed HYBE Internal Documents Write Comments Insulting STRAY KIDS And Other Groups,https://www.youtube.com/watch?v=NdYpYdbfIvY
Pawan Kalyan angry response to KCR insulting comments,https://www.youtube.com/watch?v=ntVMfUW8UUU
"My mother-in-law made an insulting speech during the reception, which led to her downfall...",https://www.youtube.com/watch?v=Wv5s7vNzeJs
MP Gorantla Madhav Comments on JC Diwakar Reddy over insulting police department  |#CinemaPolitics,https://www.youtube.com/watch?v=ZAuJBVXx3to
"Waiter Insulted JACKIE CHAN in a luxury restaurant, Not Knowing He Owns the Restaurant!",https://www.youtube.com/watch?v=Mthk-B4bruE
Alizeh Shah Insulting Comments !!!,https://www.youtube.com/watch?v=xJ88op5Ds_E
(Part 2) AITA for insulting my friend&#39;s new haircut?,https://www.youtube.com/watch?v=Zg01Bi6uMwM
Hamza Yusuf Doha Debate Insulting Identity Religious or Racial,https://www.youtube.com/watch?v=wtUc_ZZCECM
💌 God Says You Are Insulting Me By Scrolling This Message 😡 | God Message For Me Today,https://www.youtube.com/watch?v=y-zAFCK7NAg
Barrow&#39;s remarks on NPP are quite insulting...,https://www.youtube.com/watch?v=uaLs_uZuScA
Savage Replies to Insult🖤😈#aesthetic#savage#reply#replies #insult#insulting#edit#viral#trend#real#yt,https://www.youtube.com/watch?v=XUkefa-lr38
"Melania Trump SUES Liberal TV Show Hosts for Insulting Barron, What Happens Next Shocks Everyone",https://www.youtube.com/watch?v=QBVInwN2nWM
El Paso Democrat Shut Down After ‘Insulting’ Comments To Victims Of Migrant Crime,https://www.youtube.com/watch?v=ViuCXv-oOOE
How To Respond An Insulting Person | Best Bano Qudsia Life Quotes And Relationship,https://www.youtube.com/watch?v=73sKCIZ9J40
Waiter Insults Keanu Reeves at Luxury Restaurant—Not Knowing He’s the OWNER! 🤯🔥 #story #keanureeves,https://www.youtube.com/watch?v=fo-dlCddO6w
After insulting the President you are now here begging. comment if the should be punished,https://www.youtube.com/watch?v=z1IvTN_fibg
We Asked Police to Arrest Popular TikToker Seaking for Insulting Pastor Adeboye - Christian Group,https://www.youtube.com/watch?v=Cy_kA7Vdh4Q
&quot;8 Smart Ways to Handle Rude &amp; Insulting People Like a Pro!&quot; BY DENZEL WASHINGTON,https://www.youtube.com/watch?v=8DqvvFTft1w
Waiter Insults Keanu Reeves at Luxury Restaurant—Not Knowing He’s the OWNER! 🤯🔥 #story #keanureeves,https://www.youtube.com/watch?v=_fBBFXh3yB4
‘Insulting Vokkaligas is equivalent to insulting our land’ | Reaction to KS Bhagwan’s remarks,https://www.youtube.com/watch?v=X428TRpYz1w
ANGRY MURANGA RESIDENTS WARNS WOMAN REP BETTY MAINA FOR INSULTING PDP GACHAGUA,https://www.youtube.com/watch?v=TFR9X7YrAl8
Kharge Insults Chandrashekhar’s Legacy 😳🔥 #shortsfeed #shorts,https://www.youtube.com/watch?v=FZw40V9leCU
BJP Leaders Insulting Comment | Muslims Aggressive Reaction | Breaking News,https://www.youtube.com/watch?v=D6axOgyiYOk
NHL condemns Mike Milbury for insulting comment about women made during playoff broadcast,https://www.youtube.com/watch?v=VmpP4Wo-bqI
Munawar Faruqui SORRY for viral insulting joke on Konkani 😱 #munawarfaruqui #comedy #viralvideo,https://www.youtube.com/watch?v=YLc7UXwyiaU
After insulting 🔥💯 | Sigma male | Motivation #shorts#motivation#youtubeshorts#attitude,https://www.youtube.com/watch?v=Uyzg0ZiUGhE
Mamata Vs Monk: Muslim Groups Condemn Mamata&#39;s Comment Insulting Monks,https://www.youtube.com/watch?v=1PqgboOMbJM
WHEN VIDEO REACH WRONG AUDIANCE |Insult Inbox|#viral #shorts.,https://www.youtube.com/watch?v=iy6yCPO0hDs
HYBE’s Documents Reveal &quot;Insulting Comments&quot; About Stray Kids And NCT Dream,https://www.youtube.com/watch?v=ONDM_v7zI7Q
Khem Bhandari &amp; Mukunda Ghimire insulting comments against Rabi Lamichhane || Rabi Lamichhane News,https://www.youtube.com/watch?v=cQZrYGt97Qo
BJP&#39;s Leader insulting remarks against Hazrat Muhammad (PBHU) ❤️ | Mushahid Haider,https://www.youtube.com/watch?v=p9MSjyf67qg
"MUST WATCH!!, President Ibrahim TRAORE responds to Emmanuel Macron’s insulting remarks.",https://www.youtube.com/watch?v=G8JsKz5aBX8
ONE QUICK THOUGHT: Another &quot;Insulting&quot; Comment to My &quot;Illegal Aliens&quot; Video,https://www.youtube.com/watch?v=tp80psUu6QI
Insult 😟😞 #shorts #gameofthrones,https://www.youtube.com/watch?v=ORwXO4ZHMBU
अंजना ने इमरान को गुलाम बोल दिया हो गई धुलाई #godimedia #shorts #short #youtubeshorts #shortvideo,https://www.youtube.com/watch?v=8P1pf9LA8T4
GTA: San Andreas - Pedestrians insulting fat CJ (Part 1),https://www.youtube.com/watch?v=Vsgz20P6qrs
Ponnam Prabhakar Warning To KTR | Insulting Comments On CM KCR And Harishrao | Karimnagar |TFC News,https://www.youtube.com/watch?v=VQeGPIgEKeI
WHEN VIDEO REACH WRONG AUDIANCE |Insult Inbox|#viral #shorts.,https://www.youtube.com/watch?v=AzjVTMNNQXg
Ali Azmat Insulting Remarks About Noor Jehan | Details By Aleesha Shahzad,https://www.youtube.com/watch?v=Ty7h48i5Srs
😓😭insulting the Virat Kohli king of🏆💥💯 #trendingshorts#cricket#viral#ipl#comment#subscribe#youtube#,https://www.youtube.com/watch?v=WI9tNrB-gqc
CM Revanth Reddy Insulting Comments On MLA Talasani Srinivas in Assembly  #TelanganaAssembly2025​,https://www.youtube.com/watch?v=LF0xugTCNgE
My sister-in-law kept insulting my husband and called me a “BANG-NANNY.”,https://www.youtube.com/watch?v=9mAPDJf3bXg
Ajaz Khan&#39;s INSULTING COMMENT on Gauahar Khan,https://www.youtube.com/watch?v=eyp0YyNE61w
CM KCR Insulting Comments On Cm Chandrababu Naidu | Chandrababu Naidu Vs CM KCR | Top Telugu Media,https://www.youtube.com/watch?v=poi67x8lXLo
Kapil Sharma&#39;s Insulting Remarks About Rekha,https://www.youtube.com/watch?v=aMDJOFNV_ZE
Which is more insulting?🤔#onepiece #luffy #zoro,https://www.youtube.com/watch?v=-ZZecpV1k8c
Insult Quotes In Hindi | Insulting Motivation Thoughts  | Insulting quotes #shorts,https://www.youtube.com/watch?v=oYIa8t9uDAQ
Revanth Reddy Insulting Comments On CM KCR and His Family | Revanth Reddy FIRES ON KCR,https://www.youtube.com/watch?v=SSHGL1Fqzsg
blake lively being a mean girl for 4 mins straight,https://www.youtube.com/watch?v=HcqFXRgAKHU
दलाली कर रहा था चोपड़ा रगड़ दिया #godimedia #youtubeshorts #shorts #shortvideo #short,https://www.youtube.com/watch?v=0rd3xyQSO_w
"NDC,  Call Kevin Taylor to order before he sends you to opposition. Alawa comments very insulting",https://www.youtube.com/watch?v=ByMI6s4qoXY
Everyone is insulting the cat.#cat #kitten #insult #shorts82,https://www.youtube.com/watch?v=5yxLTBgdi44
Kareena Kapoor Khan&#39;s Insulting Comment on Sushant During A Talk Show| When Kareena Insulted Sushant,https://www.youtube.com/watch?v=NIVbI71fWIA
Pastor Adeboye Orders Nigeria Police to Arrest TikToker Sea King for Insulting Him,https://www.youtube.com/watch?v=4U6anfjnswg
Давай поженимся Russian dating show with insulting remarks by the host.,https://www.youtube.com/watch?v=KSOtgMxbuLM
Johnny Lawrence Insulting People For 6 Minutes Straight,https://www.youtube.com/watch?v=X2SLqLYzJPI
INSULTING the Prophet Muhammad? Japanese Muslim React,https://www.youtube.com/watch?v=2Qeo--ipAdY
How To Respond An Insulting Person | Hazrat Ali Life Quotes And Relationship -  Noor Ali,https://www.youtube.com/watch?v=pn-8rxT_Fok
HYBE Employees&#39; &quot;Insulting&quot; Comments About BTS&#39;s Jungkook Spark Backlash,https://www.youtube.com/watch?v=jiKe7caepBc
Melania TRUMP - Insulting DONALD!,https://www.youtube.com/watch?v=zjdBdzZxG3M
OMG!🤯 Elvish Yadav ANGRY ON Chum &amp; Karanveer Mehra FANS😡| Elvish Yadav React on Chum Controversy..,https://www.youtube.com/watch?v=0IdNK49kyTE
"Watch Drama in Kakamega, Ruto men beaten and chased away after insulting Gachagua in burial!🔥",https://www.youtube.com/watch?v=PV9hQxQPecc
झूठ बोलते हुए पकड़ा गया सुधांशु#godimedia #shorts #short #shortsviral,https://www.youtube.com/watch?v=oxTwLOG3-7Q
Nikki Haley FIRES BACK at Trump&#39;s INSULTING Military Family Question #trump  #nikkihaley #nbcnews,https://www.youtube.com/watch?v=mIRVE2416dc
15 Savage Replies to Insults | Savage Reply to Insults | Insulting English Sentences Daily,https://www.youtube.com/watch?v=TCwE8IpcM8k
President Trump on Joe Biden&#39;s insulting comments to the Black community,https://www.youtube.com/watch?v=H9dUlU1gHmY
How To Respond An Insulting Person | President Ronald Reagan Timeless Quotes About Life And Love,https://www.youtube.com/watch?v=1fwouLSKmp8
Madhurima Tuli Reaction on Govinda&#39;s Insulting Comment| Nach Baliye 9| Madhurima on Govinda,https://www.youtube.com/watch?v=3i8Qqy2BJVY
Donald Trump DESTROYS Host for Insulting Melania | Host Left SPEECHLESS,https://www.youtube.com/watch?v=HxW6pXOHV6E
Muslim nations slam India over insulting remarks about Muslims. #shorts #shortvideo #status #india,https://www.youtube.com/watch?v=Z1aAeYA4eoA
SAVAGE REPLIES TO YOUR EX | INSULTING QUOTES | ATTITUDE REPLIES TO YOUR EX.,https://www.youtube.com/watch?v=k2lD21m4Gkg
HYBE’s Internal Documents Reveal Insulting Comments About Stray Kids And NCT Dream,https://www.youtube.com/watch?v=4h34PMhx9j4
Ibrahim Traore SHocking RESPONSE to Macron’s INSULTING REMARKS,https://www.youtube.com/watch?v=wVpJ9PQ4r7U
KARANVEER mehra&#39;s comment on elvish insulting Chum | chumveer AFTER BIGGBOSS 18 | BB18 | BOLLYBAKAR,https://www.youtube.com/watch?v=CRqtgTE7aWg
संबित पात्रा की ऐसी बेइज्जती आपने कभी नहीं देखी होगी || #godimedia #youtubeshorts #shorts #viral,https://www.youtube.com/watch?v=kHcvfzciteA
The View’s Worst Backfire EVER! Caroline Leavitt Shuts Down Joy Behar’s Insult LIVE!”,https://www.youtube.com/watch?v=W2LRY7yCiW0
Muslims protest in Bhaderwah to condemn ‘insulting’ remarks on Prophet (PBUH).,https://www.youtube.com/watch?v=xyjFmFSfc9w
"Dying Alone With Cats &amp; Wine, Is That Really An Insult To Women?",https://www.youtube.com/watch?v=HVoxVlLuTdg
How To Respond An Insulting Person | Allama Iqbal Life Quotes And Relationship - Quotes IQBAL,https://www.youtube.com/watch?v=08mcSNdYzKM
WHEN SOMEONE INSULT HOMELANDER ☠️🗿#marvel #viralvideo #shorts,https://www.youtube.com/watch?v=iHNXZiid9Ys
वसुंधरा राजे केस पर रवीश ने पात्रा की नानी याद दिला दी || #godimedia #youtubeshorts #shorts #viral,https://www.youtube.com/watch?v=sthIHLpelRg
Koku Anyidoho Slaps John Mahama... For Insulting Gas As People Who Only Want To Eat Kenkey &amp; Fish,https://www.youtube.com/watch?v=9-ky-7mutfQ
Arjun Modhwadia Condemns the insulting speech of Narendra Modi in context with Shashi Tharoor&#39;s wife,https://www.youtube.com/watch?v=giqOfWzaWCE
Insulting Girls Prank #2 || Bakriyon ke Group Ke Pass Hu 🤣|| #gautamvines @Abhinav,https://www.youtube.com/watch?v=9ABu29dn04I
Melania Trump Sues TV Hosts for Insulting Barron Trump – The Outcome Will Leave You Speechless!,https://www.youtube.com/watch?v=xAJYT6_6xyk
महाकुम्भ भागद्दर पे बहस सुधांशु की धुलाई #godimedia #youtubeshorts #shorts #short #shortvideo,https://www.youtube.com/watch?v=oUgB3BIJxuE
महाकुम्भ में कितने लोग मरे सुधांशु की कुटाई #godimedia #youtubeshorts #shorts #short #shortvideo,https://www.youtube.com/watch?v=xS2cxRsCvMQ
Mark Cuban HUMILIATED for INSULTING Female Trump Supporters,https://www.youtube.com/watch?v=YouQRVpsBok
The Best Way To Respond To An Insulting Person | Motivational Quotes: Wisdom to Change Your Life,https://www.youtube.com/watch?v=p8OvvzfT8jk
The girls 😊 comments me btana kiski insult Hui hai 🤣 #viralvideo,https://www.youtube.com/watch?v=LOgrFQYjxSo
How To Respond An Insulting Person | Best Bano Qudsia Life Quotes And Relationship,https://www.youtube.com/watch?v=jl2h6OFPCPQ
MUNAWAR FARUQUI ABUSING HINDU GODS AND AMIT SHAH | STANDUP COMEDIAN INSULTING HINDU GODS,https://www.youtube.com/watch?v=GzPfMD1HFSI
Rakhi Sawant INSULTING Comments On Rajshree More For Stealing Husband Adil Khan Durrani EXCLUSIVE,https://www.youtube.com/watch?v=gtiIyOYB0Yo
Aaj Tak Anchor Shweta Singh makes Insulting remarks on Indian Army,https://www.youtube.com/watch?v=x1PfG-6ySL8
How To Respond An Insulting Person | Allama Iqbal Life Quotes And Relationship,https://www.youtube.com/watch?v=ZOEmVfUXiFQ
Akshay Kumar ANGRY on Media for INSULTING Ranveer Singh,https://www.youtube.com/watch?v=bjHvn-ZefjE
HYBE &quot;INSULTING&quot;Comments about Straykids and plan to &quot;throw away&quot; Newjeans,https://www.youtube.com/watch?v=_LLtnw7XqCo
(FULL VIDEO) JAMES CORDEN INSULTING BTS AND ARMY 2021 - ENG SUB AND SUB ESPAÑOL BY TRENDING LIST TV,https://www.youtube.com/watch?v=DDX8w7K22jA
Novak Djokovic Gets On-Air Apology After Insulting Comments at Australian Open,https://www.youtube.com/watch?v=6ewq0ERiETk
Anjana Devi Comments On Sri Reddy &amp; Given Tips For Insulting Pawan Kalyan | Anjana Devi | FilmMantra,https://www.youtube.com/watch?v=d30HijbBiNk
CHECKOUT Ajaz Khan&#39;s REACTION on Rakhi Sawant&#39;s insulting comment to Sunny Leone.,https://www.youtube.com/watch?v=VldN042xabI
"Bill Watts is Now 85, How He Wasted His Career...",https://www.youtube.com/watch?v=Ugmx1FGBPjI
Apke Bhi Bade Ho Rahe He 🤤🤯 || Roast By Kanishk Icon || #comedy #shorts #roast,https://www.youtube.com/watch?v=UytkRUexzco
Syed Sajid Uddin BRS Condemned Insulting Remarks Made By Khanapur MLA Vedma Bhojju  About Muslims.,https://www.youtube.com/watch?v=KbkfilY9PZw
"Ethan Talks Hasan&#39;s Insulting Comment, Will Confront Him Next Episode",https://www.youtube.com/watch?v=-kVW6yx-2cc
Sambit Patra Defending President of India #parliament,https://www.youtube.com/watch?v=5VnvBRg1KL8
Rajkumar Bhati Epic Roast Rohan Gupta l Godi Media Insult l Godi Media Shots #shotsvideo #modi,https://www.youtube.com/watch?v=o1Qmd_6Ycrk
"Kate Middleton SUES Liberal TV Show Hosts for Insulting Princess Charlotte, Then This Happens!",https://www.youtube.com/watch?v=PywGOcMMIKM
Kejriwal Interview On Yamuna River 😂🔥 Funny Arvind Kejriwal Insults AAP Delhi | Rashtrawadi Debates,https://www.youtube.com/watch?v=Eu-bsvcnETE
Tiktok Blogger Bruce Chawa SODOMIZ£D After insulting Mombasa governor|Plug Tv Kenya,https://www.youtube.com/watch?v=vvAIdZUJlGg
Why Every Feminist Is Silent In India?| Insulting Comment On Saina Nehwal || Fake Indian Feminsts,https://www.youtube.com/watch?v=YmLScPTx1eg
Insulting Hindu Is Destroyed By Muslims | Hashim | Mansur | Sh. Ibn Hazm,https://www.youtube.com/watch?v=NrPmgsgi-6k
How To Respond An Insulting Person | Allama Iqbal Life Quotes And Relationship,https://www.youtube.com/watch?v=9nQHtgfudI8
Rajkumar Bhati Epic Destroy Gullu | Rajkumar Bhati Ne Gullu ko Pel Diya |🤣🤣🤣  |,https://www.youtube.com/watch?v=_4KkXjb6fiw
Caitlin Clark FANS OBLITERATE Geno Auriemma Over INSULTING COMMENTS! After Making First Team WNBA,https://www.youtube.com/watch?v=IewxFyg1Mso
"&#39;Horseface, &#39;crazy,&#39; &#39;low IQ&#39;: Trump&#39;s history of insulting women",https://www.youtube.com/watch?v=QskHx1aEEgo
सुधांशु की ऐसी बेइजत्ती आपने नहीं देखी होगी || #godimedia #youtubeshorts #shorts #viralshorts,https://www.youtube.com/watch?v=vNiE-fUTlN8
"LaSalle, IL City council speech leads to insulting comments by Officer",https://www.youtube.com/watch?v=2IY21zdJTxs
ऐ धुलाई कभी नहीं देखी होगी सुधांशु 😂#trending #godimedia #youtubeshorts #shortvideo #ytshorts,https://www.youtube.com/watch?v=y720g7hA8rw
"Trump Flunks Basic Science Yet Again in Speech Insulting Harris&#39; Intelligence #Trump, #KamalaHarris",https://www.youtube.com/watch?v=ULb18ZFnl7Y
एंकर हुआ रफूचक्कर जब हुई धुलाई 🤣#letestnews #viralnews #tajakhabar #shortsfeed #subscribe #like,https://www.youtube.com/watch?v=hF2-76P8-Yg
A grade 11 pupil arrested for insulting the prsident (zoomed) ||comment reading|||zambian youtuber||,https://www.youtube.com/watch?v=kuHOhn7N9-U
Macron Faces INTENSE BACKLASH After INSULTING Africa &amp; Africans,https://www.youtube.com/watch?v=Nsl_TG89pAk
Varun Dhawan REACTS To Govinda&#39;s INSULTING Comment About His Father David Dhawan,https://www.youtube.com/watch?v=-Mm-WHD19Yc
Ajaz Khan Reacts On Yuvraj Singh&#39;s Retirement &amp; Makes Insulting Comments On MS Dhoni,https://www.youtube.com/watch?v=sqH3Q8b6B3o
Abu Jinapor in HUGE Trouble for Insulting Zenator&#39;s FATHER Jerry John Rawlings?,https://www.youtube.com/watch?v=AuPN9i12HME
गुल्लू को बिना साबुन के धोया🤣#letestnews #viralnews #tajakhabar #shortsfeed #subscribe #like #share,https://www.youtube.com/watch?v=-pn4T3zSb90
सुधांशु की ऐसी बेइज्जती कभी नहीं देखी होगी !! #godimedia #youtubeshorts #short #delhiresults #result,https://www.youtube.com/watch?v=c7n6wd0x8yc
Munawar Faruqui insulting hindu gods again and again🤬please stop support him🙏#shorts #hindu #respect,https://www.youtube.com/watch?v=gELJ0e5BVTc
"Stephen Colbert FIRES BACK at Sarah Sanders for INSULTING Childless Women, Trump FUMES",https://www.youtube.com/watch?v=CU1f9e6KbYU
BTS controversy: Italian radio hosts face backlash for insulting Jin and his solo track;fans demand,https://www.youtube.com/watch?v=pU5DJmECA00
Sudhanshu ko raged dala | #godimedia #youtubeshorts #shorts#short #shortvideo,https://www.youtube.com/watch?v=NFn4FX5YwpQ
Samson Tamang’s Controversial Remarks on Khas Community | Watch Full Video,https://www.youtube.com/watch?v=G-oUXUl_-7E
आदिवासी राष्ट्रपति जी का अपमान नहीं सहन करेंगे😡😓Gandhi family insulted her🤐#sambitpatra #president,https://www.youtube.com/watch?v=5UCnJP9JHxs
Gabriel Caught BODYSHAMING and INSULTING Nicole! Nicole DUMPED Gabriel &amp; ended their RELATIONSHIP?,https://www.youtube.com/watch?v=GX-D0wUlNlw
Maldives suspends 3 ministers for insulting PM Modi | Lakshadweep controversy | Bewise with Richa,https://www.youtube.com/watch?v=ML5dnPSGsOQ
Harry Styles Walks Off Colbert’s Show After Insulting &#39;Duke of Nothing&#39; Comment!,https://www.youtube.com/watch?v=8iKhqbRT5eg
रुबिका दीदी को भीगा भीगा कर धोया #godimedia #youtubeshorts #shorts #short #shortvideo,https://www.youtube.com/watch?v=BRCVLAHiFD0
"HYBE INSULTING Aespa, BP, SKz, NCT, Twice etc on Revealed Documents",https://www.youtube.com/watch?v=_X3on379nh4
"Melania Trump SUES Liberal TV Show Hosts for Insulting Barron, What Happens Next Shocks Everyone",https://www.youtube.com/watch?v=Rfduw4aIhoI
When a girl insult my friend Le : Me and my bois #like #subscribe #comment,https://www.youtube.com/watch?v=_GvT4DHxUso
Who are you insulting Allah - Mufti Menk #shorts  #muftimenk #islam #allah,https://www.youtube.com/watch?v=-X6yzYOqYLE
"#mathhoffa The Fat Joe Comments, why they were insulting? #fatjoe #fba #lordjamar #hiphop",https://www.youtube.com/watch?v=Zt0pgqW2Cks
Bharti aur Harsh ne kiya ek dusre ko insult 😆🥰 Watch full video on @Thugesh #thugesh #bharti #cute,https://www.youtube.com/watch?v=-_0oF244Trs
tr dhansika  vishal slams tr  t rajendar insulting speech on dhansika  tamil live news  vj tv,https://www.youtube.com/watch?v=owZXwSwlug0
This Man Openly Gave Threat to Farmers and Use Insulting Remarks Against Farmers - Kisan Andolan,https://www.youtube.com/watch?v=JxcDLIhy_QE
"Melania Trump SUES Liberal TV Show Hosts for Insulting Barron, What Happens Next Shocks Everyone",https://www.youtube.com/watch?v=vGvPwLzIIMA
Nupur Sharma insulting remarks about the Prophet Muhammad (Peace Be Upon Him),https://www.youtube.com/watch?v=uG0dpgDO2Ow
African Leaders Respond Back To MACRON For Insulting Africa Nations,https://www.youtube.com/watch?v=UZ4r6J96QAo
😭&quot;ये तो सच मे बेशर्म हैं &quot; #shorts #shortsfeed #kejriwalnews #indiatv #roast #viral @rksrichannel,https://www.youtube.com/watch?v=Zvy8-Rci8J8
Michael Vaughan gives slapping reply to insulting statement of Gautam Gambir,https://www.youtube.com/watch?v=aqmthDtq_Wo
Modi ji Sholay ke gabbar ki tarah hai😄modi ji insult #dhodhala,https://www.youtube.com/watch?v=NyeChIN8IKU
इमरान प्रतापगढ़ी ने बजाया रोमाना का बैंड 😂l Godi Media Insult l Godi Media Shots #shotsvideo #modi,https://www.youtube.com/watch?v=hseOTB1r91Y
Akbar Owaisi Speech - Part 5 - Insulting Mata Kaushalya,https://www.youtube.com/watch?v=Wej3mAhS9v4
Al-Qaeda threatens India over Insulting remarks about the Prophet Muhammad (Peace Be Upon Him),https://www.youtube.com/watch?v=AnjXtPf-2X0
CM Prem Singh Tamang’s Angry Reply to Samson Tamang for Insulting the Khas Community of Sikkim,https://www.youtube.com/watch?v=-SLLTJQh6QI
How To Respond An Insulting Person | Allama Iqbal Life Quotes And Relationship | Iqbal k Sher,https://www.youtube.com/watch?v=n3PIsbmoLnE
Ronaldo’s Shocking Reply to Georgina for Insulting His Mom! #ronaldo #shorts #youtube #ytshorts #cr7,https://www.youtube.com/watch?v=l8Gn0_FH73w
सुधांशु जी लंबी लंबी हॉक रहे थे रगड़ दिया #godimedia #shorts #shortfeed,https://www.youtube.com/watch?v=RCJ65LnkDvM
"Controversy of Indian Woman Politician, Nupur Sharma, the Insulting Prophet Muhammad SAW",https://www.youtube.com/watch?v=6OW269lFqU8
Liberal Host Insults Melania Trump on Live TV – Trump’s Brutal Response Leaves Her Shaking!,https://www.youtube.com/watch?v=g89kRAfrCQs
राघव चड्ढा ने संबित पात्रा की कर दी moye moye 😜 #shorts #godimedia #funny #ytshorts #danguareaction,https://www.youtube.com/watch?v=hbsEYF24gn4
पानी पिला के रगड़ा सुधांशु को #godimedia #youtubeshorts #shorts #short #shortvideo,https://www.youtube.com/watch?v=7J_u404n-tU
"&quot;If Someone Insulting Us&quot; Actress Nayanthara Speech at Femi 9 Function, Madurai @TalksTamilCinema",https://www.youtube.com/watch?v=a2NQxLS4Ing
Godi Anchor Roast By Saurabh Bharadwaj #delhielection #viralshorts #godimedia #godianchor #shorts,https://www.youtube.com/watch?v=97FpsrBpjlk
Meghan Markle Shocks Wildfire Victims with Insulting Comment at Pasadena Food Aid Event,https://www.youtube.com/watch?v=fv_HJjeQY98
&quot;GET LOST! Thomas Markle ENRAGES Prince Harry with &#39;Shocking&#39; Insulting Comments!&quot;,https://www.youtube.com/watch?v=eJgf1pzC4_c
Saba Qamar Calling Salman Khan Chichora Full Video Insulting Bollywood Actors,https://www.youtube.com/watch?v=L-h6wytHuD4
"&quot;If Someone Insulting Us&quot; Actress Nayanthara Speech at Femi 9 Function, Madurai @TalksTamilCinema",https://www.youtube.com/watch?v=zDes4MIPBJY
Public Talk Over Dil Raju comments insulting Telangana People | MLR News Telugu |,https://www.youtube.com/watch?v=VW9C7Sa223Y
NO RESPECT! South Africa BANS Meghan FOR LIFE After INSULTING the Nation!,https://www.youtube.com/watch?v=veHGeqU4iBM
Insulting Porn stars in mean disrespectful interview.,https://www.youtube.com/watch?v=UjXM6AU8jBg
Former Footman Wybrew Reveals Meghan Markle&#39;s INSULTING WORDS To Late Queen Elizabeth,https://www.youtube.com/watch?v=2yuAdttJCgA
